O,N,Specific surface area,micro%,Pore volume,Dap,ID/IG,Current density,Specific capacity
7.15,3.52,1546.1,0.939857466,0.5753,1.488390143,1.029,0.1,85
8.12,3.79,1315.2,0.931391712,0.5116,1.555961071,1.038,0.1,114
21.55,3.29,1140.8,0.209302326,0.86,3.01542777,0.82,0.1,90.2
21.55,3.29,1140.8,0.209302326,0.86,3.01542777,0.82,0.25,86.3
21.55,3.29,1140.8,0.209302326,0.86,3.01542777,0.82,0.5,79.9
21.55,3.29,1140.8,0.209302326,0.86,3.01542777,0.82,1,70.3
21.55,3.29,1140.8,0.209302326,0.86,3.01542777,0.82,2,64.8
21.55,3.29,1140.8,0.209302326,0.86,3.01542777,0.82,5,51.5
21.55,3.29,1140.8,0.209302326,0.86,3.01542777,0.82,10,38.5
21.55,3.29,1140.8,0.209302326,0.86,3.01542777,0.82,20,23.3
17.66,3.01,508,0.205882353,0.34,2.677165354,0.86,0.1,69.1
17.66,3.01,508,0.205882353,0.34,2.677165354,0.86,0.25,60.1
17.66,3.01,508,0.205882353,0.34,2.677165354,0.86,0.5,56.4
17.66,3.01,508,0.205882353,0.34,2.677165354,0.86,1,47.4
17.66,3.01,508,0.205882353,0.34,2.677165354,0.86,2,40.9
17.66,3.01,508,0.205882353,0.34,2.677165354,0.86,5,34.2
17.66,3.01,508,0.205882353,0.34,2.677165354,0.86,10,19.8
17.66,3.01,508,0.205882353,0.34,2.677165354,0.86,20,9.5
16.08,2.82,1384.7,0.154639175,0.97,2.802050986,0.89,0.1,136.3
16.08,2.82,1384.7,0.154639175,0.97,2.802050986,0.89,0.25,126.4
16.08,2.82,1384.7,0.154639175,0.97,2.802050986,0.89,0.5,120.3
16.08,2.82,1384.7,0.154639175,0.97,2.802050986,0.89,1,112.6
16.08,2.82,1384.7,0.154639175,0.97,2.802050986,0.89,2,108.4
16.08,2.82,1384.7,0.154639175,0.97,2.802050986,0.89,5,100.4
16.08,2.82,1384.7,0.154639175,0.97,2.802050986,0.89,10,94.5
16.08,2.82,1384.7,0.154639175,0.97,2.802050986,0.89,20,86.5
8.2,5.3,879,0.606263982,0.447,2.034129693,2.27,0.1,136.8
8.2,5.3,879,0.606263982,0.447,2.034129693,2.27,0.5,110.9
8.2,5.3,879,0.606263982,0.447,2.034129693,2.27,1,102.6
8.2,5.3,879,0.606263982,0.447,2.034129693,2.27,5,76.1
8.2,5.3,879,0.606263982,0.447,2.034129693,2.27,10,66.5
5.68,1.49,1640.1,0.326241135,1.41,3.438814706,0.95,0.05,109.66
5.68,1.49,1640.1,0.326241135,1.41,3.438814706,0.95,0.1,93.3
5.68,1.49,1640.1,0.326241135,1.41,3.438814706,0.95,0.2,84.6
5.68,1.49,1640.1,0.326241135,1.41,3.438814706,0.95,0.3,81
5.68,1.49,1640.1,0.326241135,1.41,3.438814706,0.95,0.5,76.3
5.68,1.49,1640.1,0.326241135,1.41,3.438814706,0.95,1,71.6
5.68,1.49,1640.1,0.326241135,1.41,3.438814706,0.95,2,67.6
5.68,1.49,1640.1,0.326241135,1.41,3.438814706,0.95,3,65.1
5.68,1.49,1640.1,0.326241135,1.41,3.438814706,0.95,5,62.4
5.68,1.49,1640.1,0.326241135,1.41,3.438814706,0.95,10,59.5
5.68,1.49,1640.1,0.326241135,1.41,3.438814706,0.95,15,58.4
5.68,1.49,1640.1,0.326241135,1.41,3.438814706,0.95,20,57.1
11.5,6.7,642,0.145631068,1.03,6.417445483,0.964,0.1,133.7
11.5,6.7,642,0.145631068,1.03,6.417445483,0.964,0.2,102.5
11.5,6.7,642,0.145631068,1.03,6.417445483,0.964,0.5,84.3
11.5,6.7,642,0.145631068,1.03,6.417445483,0.964,1,75
11.5,6.7,642,0.145631068,1.03,6.417445483,0.964,2,69.1
11.5,6.7,642,0.145631068,1.03,6.417445483,0.964,5,61.7
11.5,6.7,642,0.145631068,1.03,6.417445483,0.964,10,56.6
11.5,6.7,642,0.145631068,1.03,6.417445483,0.964,20,51.9
11.5,6.7,642,0.145631068,1.03,6.417445483,0.964,50,45.6
11.5,6.7,642,0.145631068,1.03,6.417445483,0.964,100,39.7
11.5,6.7,642,0.145631068,1.03,6.417445483,0.964,200,30.6
14.9,3.1,620,0.151162791,0.86,5.548387097,0.962,0.1,104.4
14.9,3.1,620,0.151162791,0.86,5.548387097,0.962,0.2,83
14.9,3.1,620,0.151162791,0.86,5.548387097,0.962,0.5,69.7
14.9,3.1,620,0.151162791,0.86,5.548387097,0.962,1,61.7
14.9,3.1,620,0.151162791,0.86,5.548387097,0.962,2,56
14.9,3.1,620,0.151162791,0.86,5.548387097,0.962,5,50.4
14.9,3.1,620,0.151162791,0.86,5.548387097,0.962,10,46.6
14.9,3.1,620,0.151162791,0.86,5.548387097,0.962,20,43.7
14.9,3.1,620,0.151162791,0.86,5.548387097,0.962,50,39.1
14.9,3.1,620,0.151162791,0.86,5.548387097,0.962,100,35.4
14.9,3.1,620,0.151162791,0.86,5.548387097,0.962,200,30.4
11.2,4.2,697,0.21686747,0.83,4.763271162,0.958,0.1,92.4
11.2,4.2,697,0.21686747,0.83,4.763271162,0.958,0.2,73.1
11.2,4.2,697,0.21686747,0.83,4.763271162,0.958,0.5,62.4
11.2,4.2,697,0.21686747,0.83,4.763271162,0.958,1,56
11.2,4.2,697,0.21686747,0.83,4.763271162,0.958,2,51.3
11.2,4.2,697,0.21686747,0.83,4.763271162,0.958,5,45.7
11.2,4.2,697,0.21686747,0.83,4.763271162,0.958,10,42.3
11.2,4.2,697,0.21686747,0.83,4.763271162,0.958,20,38.9
11.2,4.2,697,0.21686747,0.83,4.763271162,0.958,50,33.3
11.2,4.2,697,0.21686747,0.83,4.763271162,0.958,100,28.7
11.2,4.2,697,0.21686747,0.83,4.763271162,0.958,200,27.2
12.04,8.29,1530.9,0.385416667,0.96,2.508328434,0.86,0.1,204.7
12.04,8.29,1530.9,0.385416667,0.96,2.508328434,0.86,0.2,181.5
12.04,8.29,1530.9,0.385416667,0.96,2.508328434,0.86,0.5,165.9
12.04,8.29,1530.9,0.385416667,0.96,2.508328434,0.86,1,152.7
12.04,8.29,1530.9,0.385416667,0.96,2.508328434,0.86,2,141.1
12.04,8.29,1530.9,0.385416667,0.96,2.508328434,0.86,5,134.2
12.04,8.29,1530.9,0.385416667,0.96,2.508328434,0.86,10,128.6
20.61,3.95,544.83,0.95446286,0.26,1.908852303,0.96,0.1,134.5
20.61,3.95,544.83,0.95446286,0.26,1.908852303,0.96,0.2,110.2
20.61,3.95,544.83,0.95446286,0.26,1.908852303,0.96,0.4,93
20.61,3.95,544.83,0.95446286,0.26,1.908852303,0.96,0.5,86.7
20.61,3.95,544.83,0.95446286,0.26,1.908852303,0.96,1,72.9
20.61,3.95,544.83,0.95446286,0.26,1.908852303,0.96,2,57
20.61,3.95,544.83,0.95446286,0.26,1.908852303,0.96,3,48
20.61,3.95,544.83,0.95446286,0.26,1.908852303,0.96,4,41.5
18.15,3.51,648.22,0.949369041,0.32,1.97463824,1.01,0.1,156.54
18.15,3.51,648.22,0.949369041,0.32,1.97463824,1.01,0.2,132.3
18.15,3.51,648.22,0.949369041,0.32,1.97463824,1.01,0.3,111.55
18.15,3.51,648.22,0.949369041,0.32,1.97463824,1.01,0.4,105.4
18.15,3.51,648.22,0.949369041,0.32,1.97463824,1.01,0.5,98.5
18.15,3.51,648.22,0.949369041,0.32,1.97463824,1.01,1,86.8
18.15,3.51,648.22,0.949369041,0.32,1.97463824,1.01,2,70.5
18.15,3.51,648.22,0.949369041,0.32,1.97463824,1.01,3,59.2
18.15,3.51,648.22,0.949369041,0.32,1.97463824,1.01,4,51.8
15.17,1.8,225.22,0.920122547,0.1,1.776041204,1.08,0.1,84.5
15.17,1.8,225.22,0.920122547,0.1,1.776041204,1.08,0.2,63.4
15.17,1.8,225.22,0.920122547,0.1,1.776041204,1.08,0.4,50.7
15.17,1.8,225.22,0.920122547,0.1,1.776041204,1.08,0.5,45
15.17,1.8,225.22,0.920122547,0.1,1.776041204,1.08,1,34.5
15.17,1.8,225.22,0.920122547,0.1,1.776041204,1.08,2,24.5
15.17,1.8,225.22,0.920122547,0.1,1.776041204,1.08,3,19.7
15.17,1.8,225.22,0.920122547,0.1,1.776041204,1.08,4,17
11.92,0,2228,0.598130841,1.07,1.921005386,1.5,0.2,153
11.92,0,2228,0.598130841,1.07,1.921005386,1.5,0.5,125
11.92,0,2228,0.598130841,1.07,1.921005386,1.5,1,110
11.92,0,2228,0.598130841,1.07,1.921005386,1.5,2,98
11.92,0,2228,0.598130841,1.07,1.921005386,1.5,5,84
11.92,0,2228,0.598130841,1.07,1.921005386,1.5,10,75
5.5,2.53,947,0.5,0.54,2.280887012,0.855,0.5,117.9
5.5,2.53,947,0.5,0.54,2.280887012,0.855,20,71
3.67,0,1175,0.577464789,0.71,2.417021277,0.858,0.5,136.2
3.67,0,1175,0.577464789,0.71,2.417021277,0.858,20,75.9
10.41,2.37,899,0.365384615,0.52,2.313681869,0.856,0.5,165.9
10.41,2.37,899,0.365384615,0.52,2.313681869,0.856,20,110.9
9.64,3.44,1624,0.652505447,0.918,2.261083744,0.999,0.1,119.9
9.64,3.44,1624,0.652505447,0.918,2.261083744,0.999,0.2,108.3
9.64,3.44,1624,0.652505447,0.918,2.261083744,0.999,0.5,100.2
9.64,3.44,1624,0.652505447,0.918,2.261083744,0.999,1,94.6
9.64,3.44,1624,0.652505447,0.918,2.261083744,0.999,2,90.4
9.64,3.44,1624,0.652505447,0.918,2.261083744,0.999,5,84.8
9.64,3.44,1624,0.652505447,0.918,2.261083744,0.999,20,81.1
8.42,1.64,1949,0.458075905,1.133,2.325295023,0.917,0.1,159.9
8.42,1.64,1949,0.458075905,1.133,2.325295023,0.917,0.2,139.2
8.42,1.64,1949,0.458075905,1.133,2.325295023,0.917,0.5,124.8
8.42,1.64,1949,0.458075905,1.133,2.325295023,0.917,1,116
8.42,1.64,1949,0.458075905,1.133,2.325295023,0.917,2,109.9
8.42,1.64,1949,0.458075905,1.133,2.325295023,0.917,5,101.9
8.42,1.64,1949,0.458075905,1.133,2.325295023,0.917,20,94
5.52,0.89,2276,0.209616829,1.331,2.339191564,0.872,0.1,114.2
5.52,0.89,2276,0.209616829,1.331,2.339191564,0.872,0.2,104.8
5.52,0.89,2276,0.209616829,1.331,2.339191564,0.872,0.5,95.6
5.52,0.89,2276,0.209616829,1.331,2.339191564,0.872,1,90
5.52,0.89,2276,0.209616829,1.331,2.339191564,0.872,2,86.8
5.52,0.89,2276,0.209616829,1.331,2.339191564,0.872,5,82.4
5.52,0.89,2276,0.209616829,1.331,2.339191564,0.872,20,78.5
7.71,0,804,0.621890547,0.315,1.567164179,0.97,0.5,48.3
7.71,0,804,0.621890547,0.315,1.567164179,0.97,1,43.4
7.71,0,804,0.621890547,0.315,1.567164179,0.97,2,38.9
7.71,0,804,0.621890547,0.315,1.567164179,0.97,3,36.5
7.71,0,804,0.621890547,0.315,1.567164179,0.97,4,34.8
7.71,0,804,0.621890547,0.315,1.567164179,0.97,5,33.2
7.71,0,804,0.621890547,0.315,1.567164179,0.97,7,30.2
7.71,0,804,0.621890547,0.315,1.567164179,0.97,10,26.7
7.71,0,804,0.621890547,0.315,1.567164179,0.97,15,24.7
7.71,0,804,0.621890547,0.315,1.567164179,0.97,20,21.6
8.06,0,1770,0.576271186,0.721,1.629378531,1.1,0.5,177.7
8.06,0,1770,0.576271186,0.721,1.629378531,1.1,1,148.5
8.06,0,1770,0.576271186,0.721,1.629378531,1.1,2,135.5
8.06,0,1770,0.576271186,0.721,1.629378531,1.1,3,127.9
8.06,0,1770,0.576271186,0.721,1.629378531,1.1,4,122.1
8.06,0,1770,0.576271186,0.721,1.629378531,1.1,5,117
8.06,0,1770,0.576271186,0.721,1.629378531,1.1,7,107.5
8.06,0,1770,0.576271186,0.721,1.629378531,1.1,10,102.9
8.06,0,1770,0.576271186,0.721,1.629378531,1.1,15,91.3
8.06,0,1770,0.576271186,0.721,1.629378531,1.1,20,85.5
9.3,0,1781,0.533408198,0.784,1.760808535,1.18,0.5,108.2
9.3,0,1781,0.533408198,0.784,1.760808535,1.18,1,96.6
9.3,0,1781,0.533408198,0.784,1.760808535,1.18,2,86.9
9.3,0,1781,0.533408198,0.784,1.760808535,1.18,3,82
9.3,0,1781,0.533408198,0.784,1.760808535,1.18,4,78.7
9.3,0,1781,0.533408198,0.784,1.760808535,1.18,5,75.2
9.3,0,1781,0.533408198,0.784,1.760808535,1.18,7,72
9.3,0,1781,0.533408198,0.784,1.760808535,1.18,10,67.1
9.3,0,1781,0.533408198,0.784,1.760808535,1.18,15,60.5
9.3,0,1781,0.533408198,0.784,1.760808535,1.18,20,57
6.99,1.59,2465.9,0.527131783,1.29,2.092542277,0.912,0.05,108.5
6.99,1.59,2465.9,0.527131783,1.29,2.092542277,0.912,0.1,85.9
6.99,1.59,2465.9,0.527131783,1.29,2.092542277,0.912,0.2,73.1
6.99,1.59,2465.9,0.527131783,1.29,2.092542277,0.912,0.3,68.7
6.99,1.59,2465.9,0.527131783,1.29,2.092542277,0.912,0.5,65
6.99,1.59,2465.9,0.527131783,1.29,2.092542277,0.912,1,60.8
6.99,1.59,2465.9,0.527131783,1.29,2.092542277,0.912,2,55.3
6.99,1.59,2465.9,0.527131783,1.29,2.092542277,0.912,3,52.7
6.99,1.59,2465.9,0.527131783,1.29,2.092542277,0.912,5,49.2
6.99,1.59,2465.9,0.527131783,1.29,2.092542277,0.912,10,44.5
6.99,1.59,2465.9,0.527131783,1.29,2.092542277,0.912,15,41.6
6.99,1.59,2465.9,0.527131783,1.29,2.092542277,0.912,20,41.6
7.87,1.93,3082,0.464788732,1.42,1.842959117,1.72,0.2,142.7
7.87,1.93,3082,0.464788732,1.42,1.842959117,1.72,0.5,125
7.87,1.93,3082,0.464788732,1.42,1.842959117,1.72,1,109.6
7.87,1.93,3082,0.464788732,1.42,1.842959117,1.72,2,97.2
7.87,1.93,3082,0.464788732,1.42,1.842959117,1.72,3,89.9
7.87,1.93,3082,0.464788732,1.42,1.842959117,1.72,5,82.7
3.9,9.7,844,0.773696682,0.41,1.943127962,0.99,0.1,189.4
3.9,9.7,844,0.773696682,0.41,1.943127962,0.99,0.2,154.5
3.9,9.7,844,0.773696682,0.41,1.943127962,0.99,0.5,131.5
3.9,9.7,844,0.773696682,0.41,1.943127962,0.99,1,130.4
3.9,9.7,844,0.773696682,0.41,1.943127962,0.99,2,117.9
3.9,9.7,844,0.773696682,0.41,1.943127962,0.99,3,112.3
3.9,9.7,844,0.773696682,0.41,1.943127962,0.99,4,107.7
3.9,9.7,844,0.773696682,0.41,1.943127962,0.99,5,104.9
3.9,9.7,844,0.773696682,0.41,1.943127962,0.99,7,102.2
3.9,9.7,844,0.773696682,0.41,1.943127962,0.99,10,100.3
4.81,1.09,972.4,0.173652695,1.67,6.869600987,0.82,0.2,104.9
4.81,1.09,972.4,0.173652695,1.67,6.869600987,0.82,0.5,91
4.81,1.09,972.4,0.173652695,1.67,6.869600987,0.82,1,84.9
4.81,1.09,972.4,0.173652695,1.67,6.869600987,0.82,2,78.2
4.81,1.09,972.4,0.173652695,1.67,6.869600987,0.82,3,74.2
4.81,1.09,972.4,0.173652695,1.67,6.869600987,0.82,4,70.8
4.81,1.09,972.4,0.173652695,1.67,6.869600987,0.82,5,68.5
4.81,1.09,972.4,0.173652695,1.67,6.869600987,0.82,10,60.3
4.81,1.09,972.4,0.173652695,1.67,6.869600987,0.82,15,56.5
4.81,1.09,972.4,0.173652695,1.67,6.869600987,0.82,20,52.1
4.81,1.09,972.4,0.173652695,1.67,6.869600987,0.82,30,44.8
4.89,1.74,1666.8,0.119834711,2.42,5.807535397,0.88,0.2,132.9
4.89,1.74,1666.8,0.119834711,2.42,5.807535397,0.88,0.5,114.4
4.89,1.74,1666.8,0.119834711,2.42,5.807535397,0.88,1,108.9
4.89,1.74,1666.8,0.119834711,2.42,5.807535397,0.88,2,99.4
4.89,1.74,1666.8,0.119834711,2.42,5.807535397,0.88,3,95.6
4.89,1.74,1666.8,0.119834711,2.42,5.807535397,0.88,4,91.1
4.89,1.74,1666.8,0.119834711,2.42,5.807535397,0.88,5,89.9
4.89,1.74,1666.8,0.119834711,2.42,5.807535397,0.88,10,83.3
4.89,1.74,1666.8,0.119834711,2.42,5.807535397,0.88,15,80.8
4.89,1.74,1666.8,0.119834711,2.42,5.807535397,0.88,20,76.6
4.89,1.74,1666.8,0.119834711,2.42,5.807535397,0.88,30,73.3
4.89,1.74,1666.8,0.119834711,2.42,5.807535397,0.88,40,68.8
4.89,1.74,1666.8,0.119834711,2.42,5.807535397,0.88,50,65.2
6.42,2.75,1301.6,0.069078947,3.04,9.34234788,0.92,0.2,67.8
6.42,2.75,1301.6,0.069078947,3.04,9.34234788,0.92,0.5,59.8
6.42,2.75,1301.6,0.069078947,3.04,9.34234788,0.92,1,56.8
6.42,2.75,1301.6,0.069078947,3.04,9.34234788,0.92,2,53.2
6.42,2.75,1301.6,0.069078947,3.04,9.34234788,0.92,3,51.7
6.42,2.75,1301.6,0.069078947,3.04,9.34234788,0.92,4,49.9
6.42,2.75,1301.6,0.069078947,3.04,9.34234788,0.92,5,49.2
6.42,2.75,1301.6,0.069078947,3.04,9.34234788,0.92,10,45.5
6.42,2.75,1301.6,0.069078947,3.04,9.34234788,0.92,15,43.7
6.42,2.75,1301.6,0.069078947,3.04,9.34234788,0.92,20,41.1
6.42,2.75,1301.6,0.069078947,3.04,9.34234788,0.92,30,37.4
4.77,0,1644,0.570833333,0.96,2.335766423,1.06,0.1,52.9
4.77,0,1644,0.570833333,0.96,2.335766423,1.06,0.2,48.7
4.77,0,1644,0.570833333,0.96,2.335766423,1.06,0.5,43.8
4.77,0,1644,0.570833333,0.96,2.335766423,1.06,1,40
4.77,0,1644,0.570833333,0.96,2.335766423,1.06,2,36.5
4.77,0,1644,0.570833333,0.96,2.335766423,1.06,5,31.4
4.77,0,1644,0.570833333,0.96,2.335766423,1.06,10,26.9
4.77,0,1644,0.570833333,0.96,2.335766423,1.06,20,21.4
4.43,2.62,2038,0.331782946,1.29,2.531894014,1.12,0.1,103.2
4.43,2.62,2038,0.331782946,1.29,2.531894014,1.12,0.2,93.7
4.43,2.62,2038,0.331782946,1.29,2.531894014,1.12,0.5,85.3
4.43,2.62,2038,0.331782946,1.29,2.531894014,1.12,1,80.3
4.43,2.62,2038,0.331782946,1.29,2.531894014,1.12,2,74.7
4.43,2.62,2038,0.331782946,1.29,2.531894014,1.12,5,68.2
4.43,2.62,2038,0.331782946,1.29,2.531894014,1.12,10,61
4.43,2.62,2038,0.331782946,1.29,2.531894014,1.12,20,52.8
9.1,3.1,1055,0.368421053,0.95,3.601895735,1.06,0.1,230
9.1,3.1,1055,0.368421053,0.95,3.601895735,1.06,0.2,165
9.1,3.1,1055,0.368421053,0.95,3.601895735,1.06,0.5,150
9.1,3.1,1055,0.368421053,0.95,3.601895735,1.06,1,137
9.1,3.1,1055,0.368421053,0.95,3.601895735,1.06,2,127
9.1,3.1,1055,0.368421053,0.95,3.601895735,1.06,5,122
9.1,3.1,1055,0.368421053,0.95,3.601895735,1.06,10,118
6.1,7.2,1843,0.309090909,1.1,2.387411829,1.01,0.5,181
6.1,7.2,1843,0.309090909,1.1,2.387411829,1.01,1,153.3
6.1,7.2,1843,0.309090909,1.1,2.387411829,1.01,2,137.2
6.1,7.2,1843,0.309090909,1.1,2.387411829,1.01,3,130.2
6.1,7.2,1843,0.309090909,1.1,2.387411829,1.01,5,121.7
6.1,7.2,1843,0.309090909,1.1,2.387411829,1.01,10,110.4
6.1,7.2,1843,0.309090909,1.1,2.387411829,1.01,15,104
4.2,6.3,543,0.111111111,0.9,6.629834254,0.99,0.5,110
4.2,6.3,543,0.111111111,0.9,6.629834254,0.99,1,97.8
4.2,6.3,543,0.111111111,0.9,6.629834254,0.99,2,89.8
4.2,6.3,543,0.111111111,0.9,6.629834254,0.99,3,84.9
4.2,6.3,543,0.111111111,0.9,6.629834254,0.99,5,78.4
4.2,6.3,543,0.111111111,0.9,6.629834254,0.99,10,67.2
4.2,6.3,543,0.111111111,0.9,6.629834254,0.99,15,58.2
10.8,5.7,1454,0.108433735,0.83,2.283356259,1.05,0.5,98
10.8,5.7,1454,0.108433735,0.83,2.283356259,1.05,1,81.7
10.8,5.7,1454,0.108433735,0.83,2.283356259,1.05,2,72.2
10.8,5.7,1454,0.108433735,0.83,2.283356259,1.05,3,67
10.8,5.7,1454,0.108433735,0.83,2.283356259,1.05,5,60.7
10.8,5.7,1454,0.108433735,0.83,2.283356259,1.05,10,50.9
10.8,5.7,1454,0.108433735,0.83,2.283356259,1.05,15,45.1
9.33,6.25,1021,0.654,1.07,4.191968658,0.84,0.2,122.3
9.33,6.25,1021,0.654,1.07,4.191968658,0.84,0.5,108.1
9.33,6.25,1021,0.654,1.07,4.191968658,0.84,1,103.8
9.33,6.25,1021,0.654,1.07,4.191968658,0.84,2,94.2
9.33,6.25,1021,0.654,1.07,4.191968658,0.84,5,85.6
9.33,6.25,1021,0.654,1.07,4.191968658,0.84,10,76
9.33,6.25,1021,0.654,1.07,4.191968658,0.84,20,59.1
8,8.12,1685,0.337,1.2,2.848664688,0.85,0.2,153.8
8,8.12,1685,0.337,1.2,2.848664688,0.85,0.5,146.9
8,8.12,1685,0.337,1.2,2.848664688,0.85,1,127.3
8,8.12,1685,0.337,1.2,2.848664688,0.85,2,117
8,8.12,1685,0.337,1.2,2.848664688,0.85,5,108.7
8,8.12,1685,0.337,1.2,2.848664688,0.85,10,95.5
8,8.12,1685,0.337,1.2,2.848664688,0.85,20,82.3
9.75,7.83,2370,0.242,2.18,3.679324895,0.85,0.2,250
9.75,7.83,2370,0.242,2.18,3.679324895,0.85,0.5,217.5
9.75,7.83,2370,0.242,2.18,3.679324895,0.85,1,184.3
9.75,7.83,2370,0.242,2.18,3.679324895,0.85,2,163.5
9.75,7.83,2370,0.242,2.18,3.679324895,0.85,5,156.8
9.75,7.83,2370,0.242,2.18,3.679324895,0.85,10,151.9
9.75,7.83,2370,0.242,2.18,3.679324895,0.85,20,149.2
4.41,12.14,494,0.62962963,0.27,2.186234818,3.1,0.2,138.5
4.41,12.14,494,0.62962963,0.27,2.186234818,3.1,0.5,112.9
4.41,12.14,494,0.62962963,0.27,2.186234818,3.1,1,98.1
4.41,12.14,494,0.62962963,0.27,2.186234818,3.1,2,89.3
4.41,12.14,494,0.62962963,0.27,2.186234818,3.1,5,77.6
4.41,12.14,494,0.62962963,0.27,2.186234818,3.1,10,69
4.41,12.14,494,0.62962963,0.27,2.186234818,3.1,20,61.8
4.41,12.14,494,0.62962963,0.27,2.186234818,3.1,40,48.7
4.41,12.14,494,0.62962963,0.27,2.186234818,3.1,60,38.7
4.41,12.14,494,0.62962963,0.27,2.186234818,3.1,80,28.8
5.51,5.19,642,0.155172414,0.58,3.613707165,3.5,0.2,149.9
5.51,5.19,642,0.155172414,0.58,3.613707165,3.5,0.5,128.2
5.51,5.19,642,0.155172414,0.58,3.613707165,3.5,1,112.4
5.51,5.19,642,0.155172414,0.58,3.613707165,3.5,2,102.5
5.51,5.19,642,0.155172414,0.58,3.613707165,3.5,5,90.9
5.51,5.19,642,0.155172414,0.58,3.613707165,3.5,10,83.2
5.51,5.19,642,0.155172414,0.58,3.613707165,3.5,20,73.8
5.51,5.19,642,0.155172414,0.58,3.613707165,3.5,40,63.3
5.51,5.19,642,0.155172414,0.58,3.613707165,3.5,60,55.4
5.51,5.19,642,0.155172414,0.58,3.613707165,3.5,80,46.9
11.74,6.67,1702,0.403100775,1.29,3.03172738,4.4,0.2,212
11.74,6.67,1702,0.403100775,1.29,3.03172738,4.4,0.5,189.9
11.74,6.67,1702,0.403100775,1.29,3.03172738,4.4,1,171.8
11.74,6.67,1702,0.403100775,1.29,3.03172738,4.4,2,155.1
11.74,6.67,1702,0.403100775,1.29,3.03172738,4.4,5,145.9
11.74,6.67,1702,0.403100775,1.29,3.03172738,4.4,10,134.2
11.74,6.67,1702,0.403100775,1.29,3.03172738,4.4,20,126.2
11.74,6.67,1702,0.403100775,1.29,3.03172738,4.4,40,114
11.74,6.67,1702,0.403100775,1.29,3.03172738,4.4,60,104.4
11.74,6.67,1702,0.403100775,1.29,3.03172738,4.4,80,93.4
7.41,0.53,1398.16,0.670886076,0.79,2.260113292,0.7,0.2,94.6
7.41,0.53,1398.16,0.670886076,0.79,2.260113292,0.7,0.5,84
7.41,0.53,1398.16,0.670886076,0.79,2.260113292,0.7,0.8,80.3
7.41,0.53,1398.16,0.670886076,0.79,2.260113292,0.7,1,77.9
7.41,0.53,1398.16,0.670886076,0.79,2.260113292,0.7,2,75
7.41,0.53,1398.16,0.670886076,0.79,2.260113292,0.7,5,71.3
7.41,0.53,1398.16,0.670886076,0.79,2.260113292,0.7,8,67.5
7.41,0.53,1398.16,0.670886076,0.79,2.260113292,0.7,10,65.7
6.75,2.16,2363.18,0.398496241,1.33,2.251203886,0.79,0.2,135.3
6.75,2.16,2363.18,0.398496241,1.33,2.251203886,0.79,0.5,110.1
6.75,2.16,2363.18,0.398496241,1.33,2.251203886,0.79,0.8,102.2
6.75,2.16,2363.18,0.398496241,1.33,2.251203886,0.79,1,99.2
6.75,2.16,2363.18,0.398496241,1.33,2.251203886,0.79,2,92.6
6.75,2.16,2363.18,0.398496241,1.33,2.251203886,0.79,5,86.7
6.75,2.16,2363.18,0.398496241,1.33,2.251203886,0.79,8,83.9
6.75,2.16,2363.18,0.398496241,1.33,2.251203886,0.79,10,82
10.36,3.74,803.95,0.660377358,0.53,2.636979912,0.75,0.2,144.6
10.36,3.74,803.95,0.660377358,0.53,2.636979912,0.75,0.5,122.9
10.36,3.74,803.95,0.660377358,0.53,2.636979912,0.75,0.8,112.8
10.36,3.74,803.95,0.660377358,0.53,2.636979912,0.75,1,107.1
10.36,3.74,803.95,0.660377358,0.53,2.636979912,0.75,2,96.7
10.36,3.74,803.95,0.660377358,0.53,2.636979912,0.75,5,85.6
10.36,3.74,803.95,0.660377358,0.53,2.636979912,0.75,8,77.1
10.36,3.74,803.95,0.660377358,0.53,2.636979912,0.75,10,73.1
6.89,1.57,1678.38,0.519230769,1.04,2.478580536,0.82,0.2,185.3
6.89,1.57,1678.38,0.519230769,1.04,2.478580536,0.82,0.5,134.8
6.89,1.57,1678.38,0.519230769,1.04,2.478580536,0.82,0.8,125
6.89,1.57,1678.38,0.519230769,1.04,2.478580536,0.82,1,119.7
6.89,1.57,1678.38,0.519230769,1.04,2.478580536,0.82,2,111.3
6.89,1.57,1678.38,0.519230769,1.04,2.478580536,0.82,5,101.5
6.89,1.57,1678.38,0.519230769,1.04,2.478580536,0.82,8,98.6
6.89,1.57,1678.38,0.519230769,1.04,2.478580536,0.82,10,95.2
5.49,2.86,1590.46,0.060606061,1.32,3.319794273,0.71,0.2,84
5.49,2.86,1590.46,0.060606061,1.32,3.319794273,0.71,0.5,69.1
5.49,2.86,1590.46,0.060606061,1.32,3.319794273,0.71,0.8,64.9
5.49,2.86,1590.46,0.060606061,1.32,3.319794273,0.71,1,63
5.49,2.86,1590.46,0.060606061,1.32,3.319794273,0.71,2,58.8
5.49,2.86,1590.46,0.060606061,1.32,3.319794273,0.71,5,56.9
5.49,2.86,1590.46,0.060606061,1.32,3.319794273,0.71,8,55.1
5.49,2.86,1590.46,0.060606061,1.32,3.319794273,0.71,10,53.2
3.37,0,3252.6,0.099474912,3.428,4.21570436,1.02,0.3,98.2
3.37,0,3252.6,0.099474912,3.428,4.21570436,1.02,0.5,94.2
3.37,0,3252.6,0.099474912,3.428,4.21570436,1.02,1,89.5
3.37,0,3252.6,0.099474912,3.428,4.21570436,1.02,3,80.1
3.37,0,3252.6,0.099474912,3.428,4.21570436,1.02,5,76.2
3.37,0,3252.6,0.099474912,3.428,4.21570436,1.02,8,73
3.37,0,3252.6,0.099474912,3.428,4.21570436,1.02,10,67.9
3.37,0,3252.6,0.099474912,3.428,4.21570436,1.02,20,61.2
3.37,0,3252.6,0.099474912,3.428,4.21570436,1.02,30,56.4
2.75,0.95,1687.1,0.092,1.75,4.149131646,1.11,0.3,111.6
2.75,0.95,1687.1,0.092,1.75,4.149131646,1.11,0.5,105.1
2.75,0.95,1687.1,0.092,1.75,4.149131646,1.11,1,102
2.75,0.95,1687.1,0.092,1.75,4.149131646,1.11,3,96.6
2.75,0.95,1687.1,0.092,1.75,4.149131646,1.11,5,92.4
2.75,0.95,1687.1,0.092,1.75,4.149131646,1.11,8,90
2.75,0.95,1687.1,0.092,1.75,4.149131646,1.11,10,88.5
2.75,0.95,1687.1,0.092,1.75,4.149131646,1.11,20,79.9
2.75,0.95,1687.1,0.092,1.75,4.149131646,1.11,30,72.4
1.91,2.99,2330.9,0.095065312,2.756,4.729503625,1.24,0.3,125.3
1.91,2.99,2330.9,0.095065312,2.756,4.729503625,1.24,0.5,117.3
1.91,2.99,2330.9,0.095065312,2.756,4.729503625,1.24,1,115.3
1.91,2.99,2330.9,0.095065312,2.756,4.729503625,1.24,3,105.9
1.91,2.99,2330.9,0.095065312,2.756,4.729503625,1.24,5,99.8
1.91,2.99,2330.9,0.095065312,2.756,4.729503625,1.24,8,97.5
1.91,2.99,2330.9,0.095065312,2.756,4.729503625,1.24,10,94.5
1.91,2.99,2330.9,0.095065312,2.756,4.729503625,1.24,20,88.9
1.91,2.99,2330.9,0.095065312,2.756,4.729503625,1.24,30,83.1
1.9,1.3,1317.4,0.11199422,1.384,4.202216487,1.05,0.3,107.6
1.9,1.3,1317.4,0.11199422,1.384,4.202216487,1.05,0.5,103
1.9,1.3,1317.4,0.11199422,1.384,4.202216487,1.05,1,99.7
1.9,1.3,1317.4,0.11199422,1.384,4.202216487,1.05,3,91.6
1.9,1.3,1317.4,0.11199422,1.384,4.202216487,1.05,5,88.7
1.9,1.3,1317.4,0.11199422,1.384,4.202216487,1.05,8,82.4
1.9,1.3,1317.4,0.11199422,1.384,4.202216487,1.05,10,79.6
1.9,1.3,1317.4,0.11199422,1.384,4.202216487,1.05,20,71.9
1.9,1.3,1317.4,0.11199422,1.384,4.202216487,1.05,30,63.1
9.92,0,1667.33,0.528455285,1.23,2.950825571,1.1,0.5,101.2
9.92,0,1667.33,0.528455285,1.23,2.950825571,1.1,1,92.4
9.92,0,1667.33,0.528455285,1.23,2.950825571,1.1,2,84.3
9.92,0,1667.33,0.528455285,1.23,2.950825571,1.1,3,79.8
9.92,0,1667.33,0.528455285,1.23,2.950825571,1.1,4,77.2
9.92,0,1667.33,0.528455285,1.23,2.950825571,1.1,5,75.8
9.92,0,1667.33,0.528455285,1.23,2.950825571,1.1,10,68.2
9.92,0,1667.33,0.528455285,1.23,2.950825571,1.1,20,61
9.53,0,1886.8,0.56097561,1.23,2.60758957,1.13,0.5,113.3
9.53,0,1886.8,0.56097561,1.23,2.60758957,1.13,1,104.9
9.53,0,1886.8,0.56097561,1.23,2.60758957,1.13,2,97.5
9.53,0,1886.8,0.56097561,1.23,2.60758957,1.13,3,93.4
9.53,0,1886.8,0.56097561,1.23,2.60758957,1.13,4,89.9
9.53,0,1886.8,0.56097561,1.23,2.60758957,1.13,5,87
9.53,0,1886.8,0.56097561,1.23,2.60758957,1.13,10,78.5
9.53,0,1886.8,0.56097561,1.23,2.60758957,1.13,20,66
9.44,0.8,2295.25,0.558282209,1.63,2.840649167,1.18,0.5,114.1
9.44,0.8,2295.25,0.558282209,1.63,2.840649167,1.18,1,103.4
9.44,0.8,2295.25,0.558282209,1.63,2.840649167,1.18,2,94.5
9.44,0.8,2295.25,0.558282209,1.63,2.840649167,1.18,3,90
9.44,0.8,2295.25,0.558282209,1.63,2.840649167,1.18,4,86.4
9.44,0.8,2295.25,0.558282209,1.63,2.840649167,1.18,5,84
9.44,0.8,2295.25,0.558282209,1.63,2.840649167,1.18,10,74.4
9.44,0.8,2295.25,0.558282209,1.63,2.840649167,1.18,20,62.2
9.05,1.32,2773.02,0.57591623,1.91,2.755118968,1.19,0.5,135
9.05,1.32,2773.02,0.57591623,1.91,2.755118968,1.19,1,120.8
9.05,1.32,2773.02,0.57591623,1.91,2.755118968,1.19,2,106
9.05,1.32,2773.02,0.57591623,1.91,2.755118968,1.19,3,100.5
9.05,1.32,2773.02,0.57591623,1.91,2.755118968,1.19,4,97.1
9.05,1.32,2773.02,0.57591623,1.91,2.755118968,1.19,5,95
9.05,1.32,2773.02,0.57591623,1.91,2.755118968,1.19,10,88.8
9.05,1.32,2773.02,0.57591623,1.91,2.755118968,1.19,20,81.6
9.71,5.41,670,0.597222222,0.72,4.298507463,1.89,0.1,122.4
9.71,5.41,670,0.597222222,0.72,4.298507463,1.89,0.2,92.4
9.71,5.41,670,0.597222222,0.72,4.298507463,1.89,0.5,79.7
9.71,5.41,670,0.597222222,0.72,4.298507463,1.89,1,72.7
9.71,5.41,670,0.597222222,0.72,4.298507463,1.89,2,68.4
9.71,5.41,670,0.597222222,0.72,4.298507463,1.89,5,61.1
9.71,5.41,670,0.597222222,0.72,4.298507463,1.89,10,55.7
9.71,5.41,670,0.597222222,0.72,4.298507463,1.89,20,49.1
9.71,5.41,670,0.597222222,0.72,4.298507463,1.89,40,43.7
9.71,5.41,670,0.597222222,0.72,4.298507463,1.89,50,42.2
7.21,3.67,1777,0.576923077,1.56,3.511536297,2,0.1,153.4
7.21,3.67,1777,0.576923077,1.56,3.511536297,2,0.2,117.6
7.21,3.67,1777,0.576923077,1.56,3.511536297,2,0.5,101.3
7.21,3.67,1777,0.576923077,1.56,3.511536297,2,1,93.9
7.21,3.67,1777,0.576923077,1.56,3.511536297,2,2,90.1
7.21,3.67,1777,0.576923077,1.56,3.511536297,2,5,83.1
7.21,3.67,1777,0.576923077,1.56,3.511536297,2,10,77.7
7.21,3.67,1777,0.576923077,1.56,3.511536297,2,20,72.3
7.21,3.67,1777,0.576923077,1.56,3.511536297,2,40,66.9
7.21,3.67,1777,0.576923077,1.56,3.511536297,2,50,64.2
8.35,2.41,2511,0.437788018,2.17,3.456790123,2.07,0.1,191.4
8.35,2.41,2511,0.437788018,2.17,3.456790123,2.07,0.2,167.7
8.35,2.41,2511,0.437788018,2.17,3.456790123,2.07,0.5,149.1
8.35,2.41,2511,0.437788018,2.17,3.456790123,2.07,1,138.4
8.35,2.41,2511,0.437788018,2.17,3.456790123,2.07,2,130.8
8.35,2.41,2511,0.437788018,2.17,3.456790123,2.07,5,123.6
8.35,2.41,2511,0.437788018,2.17,3.456790123,2.07,10,116.7
8.35,2.41,2511,0.437788018,2.17,3.456790123,2.07,20,113.8
8.35,2.41,2511,0.437788018,2.17,3.456790123,2.07,40,105.6
8.35,2.41,2511,0.437788018,2.17,3.456790123,2.07,50,99.9
6.98,2.3,2353,0.378504673,2.14,3.637909052,2.18,0.1,158.6
6.98,2.3,2353,0.378504673,2.14,3.637909052,2.18,0.2,127.2
6.98,2.3,2353,0.378504673,2.14,3.637909052,2.18,0.5,112.1
6.98,2.3,2353,0.378504673,2.14,3.637909052,2.18,1,104
6.98,2.3,2353,0.378504673,2.14,3.637909052,2.18,2,99.3
6.98,2.3,2353,0.378504673,2.14,3.637909052,2.18,5,91.6
6.98,2.3,2353,0.378504673,2.14,3.637909052,2.18,10,86.2
6.98,2.3,2353,0.378504673,2.14,3.637909052,2.18,20,81.6
6.98,2.3,2353,0.378504673,2.14,3.637909052,2.18,40,76.1
6.98,2.3,2353,0.378504673,2.14,3.637909052,2.18,50,73.9
15.55,2.61,3139.2,0.557471264,1.74,2.217125382,1.02,0.1,189.4
15.55,2.61,3139.2,0.557471264,1.74,2.217125382,1.02,0.2,155
15.55,2.61,3139.2,0.557471264,1.74,2.217125382,1.02,0.5,136.6
15.55,2.61,3139.2,0.557471264,1.74,2.217125382,1.02,1,126.1
15.55,2.61,3139.2,0.557471264,1.74,2.217125382,1.02,2,117.1
15.55,2.61,3139.2,0.557471264,1.74,2.217125382,1.02,3,112.5
15.55,2.61,3139.2,0.557471264,1.74,2.217125382,1.02,4,109.3
15.55,2.61,3139.2,0.557471264,1.74,2.217125382,1.02,5,106.7
15.55,2.61,3139.2,0.557471264,1.74,2.217125382,1.02,7,103.6
15.55,2.61,3139.2,0.557471264,1.74,2.217125382,1.02,10,100
15.55,2.61,3139.2,0.557471264,1.74,2.217125382,1.02,14,97.2
15.55,2.61,3139.2,0.557471264,1.74,2.217125382,1.02,20,94.2
15.55,2.61,3139.2,0.557471264,1.74,2.217125382,1.02,50,84.2
15.55,2.61,3139.2,0.557471264,1.74,2.217125382,1.02,70,66.9
15.55,2.61,3139.2,0.557471264,1.74,2.217125382,1.02,100,59.4
12.89,3.05,3224.9,0.481865285,1.93,2.393872678,0.94,0.1,225.3
12.89,3.05,3224.9,0.481865285,1.93,2.393872678,0.94,0.2,196.8
12.89,3.05,3224.9,0.481865285,1.93,2.393872678,0.94,0.5,174.3
12.89,3.05,3224.9,0.481865285,1.93,2.393872678,0.94,1,161.1
12.89,3.05,3224.9,0.481865285,1.93,2.393872678,0.94,2,150.8
12.89,3.05,3224.9,0.481865285,1.93,2.393872678,0.94,3,144.4
12.89,3.05,3224.9,0.481865285,1.93,2.393872678,0.94,4,141.2
12.89,3.05,3224.9,0.481865285,1.93,2.393872678,0.94,5,138.6
12.89,3.05,3224.9,0.481865285,1.93,2.393872678,0.94,7,134
12.89,3.05,3224.9,0.481865285,1.93,2.393872678,0.94,10,129.3
12.89,3.05,3224.9,0.481865285,1.93,2.393872678,0.94,14,124.5
12.89,3.05,3224.9,0.481865285,1.93,2.393872678,0.94,20,118.7
12.89,3.05,3224.9,0.481865285,1.93,2.393872678,0.94,50,103
12.89,3.05,3224.9,0.481865285,1.93,2.393872678,0.94,70,88.8
12.89,3.05,3224.9,0.481865285,1.93,2.393872678,0.94,100,73.8
10.45,2.44,2993.2,0.532163743,1.71,2.285179741,0.91,0.1,193
10.45,2.44,2993.2,0.532163743,1.71,2.285179741,0.91,0.2,160.1
10.45,2.44,2993.2,0.532163743,1.71,2.285179741,0.91,0.5,141.2
10.45,2.44,2993.2,0.532163743,1.71,2.285179741,0.91,1,129.3
10.45,2.44,2993.2,0.532163743,1.71,2.285179741,0.91,2,120.9
10.45,2.44,2993.2,0.532163743,1.71,2.285179741,0.91,3,116.7
10.45,2.44,2993.2,0.532163743,1.71,2.285179741,0.91,4,112.9
10.45,2.44,2993.2,0.532163743,1.71,2.285179741,0.91,5,110.9
10.45,2.44,2993.2,0.532163743,1.71,2.285179741,0.91,7,108.3
10.45,2.44,2993.2,0.532163743,1.71,2.285179741,0.91,10,104.5
10.45,2.44,2993.2,0.532163743,1.71,2.285179741,0.91,14,102
10.45,2.44,2993.2,0.532163743,1.71,2.285179741,0.91,20,99.4
10.45,2.44,2993.2,0.532163743,1.71,2.285179741,0.91,50,91
10.45,2.44,2993.2,0.532163743,1.71,2.285179741,0.91,70,79.4
10.45,2.44,2993.2,0.532163743,1.71,2.285179741,0.91,100,70.2
6.2,1.6,2691.29,0.327683616,1.77,2.630708694,1.088,0.1,189.3
6.2,1.6,2691.29,0.327683616,1.77,2.630708694,1.088,0.2,160.1
6.2,1.6,2691.29,0.327683616,1.77,2.630708694,1.088,0.5,133.8
6.2,1.6,2691.29,0.327683616,1.77,2.630708694,1.088,1,123.8
6.2,1.6,2691.29,0.327683616,1.77,2.630708694,1.088,2,116.1
6.2,1.6,2691.29,0.327683616,1.77,2.630708694,1.088,5,106.5
6.2,1.6,2691.29,0.327683616,1.77,2.630708694,1.088,10,101.1
6.2,1.6,2691.29,0.327683616,1.77,2.630708694,1.088,20,96.7
8.2,0,1500,0.692307692,0.78,2.08,1.01,0.5,89.33333333
8.2,0,1500,0.692307692,0.78,2.08,1.01,1,80.44444444
8.2,0,1500,0.692307692,0.78,2.08,1.01,2,76.44444444
8.2,0,1500,0.692307692,0.78,2.08,1.01,5,71.11111111
8.2,0,1500,0.692307692,0.78,2.08,1.01,10,65.77777778
8.2,0,1500,0.692307692,0.78,2.08,1.01,20,58.22222222
8.2,0,1500,0.692307692,0.78,2.08,1.01,50,44.88888889
8.2,0,1500,0.692307692,0.78,2.08,1.01,100,18.22222222
6.3,0,1886,0.709677419,0.93,1.97242842,1.04,0.5,81.77777778
6.3,0,1886,0.709677419,0.93,1.97242842,1.04,1,76
6.3,0,1886,0.709677419,0.93,1.97242842,1.04,2,67.11111111
6.3,0,1886,0.709677419,0.93,1.97242842,1.04,5,62.22222222
6.3,0,1886,0.709677419,0.93,1.97242842,1.04,10,56.44444444
6.3,0,1886,0.709677419,0.93,1.97242842,1.04,20,50.66666667
6.3,0,1886,0.709677419,0.93,1.97242842,1.04,50,40.88888889
6.3,0,1886,0.709677419,0.93,1.97242842,1.04,100,28.44444444
6.8,0,1410,0.636363636,0.77,2.184397163,1.09,0.5,136.8888889
6.8,0,1410,0.636363636,0.77,2.184397163,1.09,1,113.3333333
6.8,0,1410,0.636363636,0.77,2.184397163,1.09,2,102.2222222
6.8,0,1410,0.636363636,0.77,2.184397163,1.09,5,92.44444444
6.8,0,1410,0.636363636,0.77,2.184397163,1.09,10,85.77777778
6.8,0,1410,0.636363636,0.77,2.184397163,1.09,20,79.11111111
6.8,0,1410,0.636363636,0.77,2.184397163,1.09,50,72
6.8,0,1410,0.636363636,0.77,2.184397163,1.09,100,61.77777778
4.3,0,1655,0.716049383,0.81,1.957703927,1.05,0.5,73.33333333
4.3,0,1655,0.716049383,0.81,1.957703927,1.05,1,64.44444444
4.3,0,1655,0.716049383,0.81,1.957703927,1.05,2,59.11111111
4.3,0,1655,0.716049383,0.81,1.957703927,1.05,5,54.66666667
4.3,0,1655,0.716049383,0.81,1.957703927,1.05,10,51.55555556
4.3,0,1655,0.716049383,0.81,1.957703927,1.05,20,45.33333333
4.3,0,1655,0.716049383,0.81,1.957703927,1.05,50,41.77777778
4.3,0,1655,0.716049383,0.81,1.957703927,1.05,100,31.55555556
11.54,0,2813,0.472527473,1.82,2.587984358,1.01,0.5,194
11.54,0,2813,0.472527473,1.82,2.587984358,1.01,1,172
11.54,0,2813,0.472527473,1.82,2.587984358,1.01,2,152
11.54,0,2813,0.472527473,1.82,2.587984358,1.01,4,138
11.54,0,2813,0.472527473,1.82,2.587984358,1.01,6,129
11.54,0,2813,0.472527473,1.82,2.587984358,1.01,8,123
11.54,0,2813,0.472527473,1.82,2.587984358,1.01,10,119
11.54,0,2813,0.472527473,1.82,2.587984358,1.01,15,113
11.54,0,2813,0.472527473,1.82,2.587984358,1.01,20,108
11.54,0,2813,0.472527473,1.82,2.587984358,1.01,30,102
6.15,13.57,1274.8,0.715063521,0.551,1.728898651,1.97,0.5,127.5
6.15,13.57,1274.8,0.715063521,0.551,1.728898651,1.97,1,117.1
6.15,13.57,1274.8,0.715063521,0.551,1.728898651,1.97,2,106.8
6.15,13.57,1274.8,0.715063521,0.551,1.728898651,1.97,5,87.8
6.15,13.57,1274.8,0.715063521,0.551,1.728898651,1.97,10,67.9
6.15,13.57,1274.8,0.715063521,0.551,1.728898651,1.97,20,42.4
6.15,13.57,1274.8,0.715063521,0.551,1.728898651,1.97,30,23.9
6.15,13.57,1274.8,0.715063521,0.551,1.728898651,1.97,60,17.4
6.82,2.11,3407.6,0.29390681,1.953,2.292522597,2.41,0.5,194.4
6.82,2.11,3407.6,0.29390681,1.953,2.292522597,2.41,1,178.5
6.82,2.11,3407.6,0.29390681,1.953,2.292522597,2.41,2,165.5
6.82,2.11,3407.6,0.29390681,1.953,2.292522597,2.41,5,147.4
6.82,2.11,3407.6,0.29390681,1.953,2.292522597,2.41,10,131.8
6.82,2.11,3407.6,0.29390681,1.953,2.292522597,2.41,20,113.7
6.82,2.11,3407.6,0.29390681,1.953,2.292522597,2.41,30,102.5
6.82,2.11,3407.6,0.29390681,1.953,2.292522597,2.41,60,77.9
7.48,2.67,3553.1,0.266537904,2.071,2.331485182,2.79,0.5,199.1
7.48,2.67,3553.1,0.266537904,2.071,2.331485182,2.79,1,183
7.48,2.67,3553.1,0.266537904,2.071,2.331485182,2.79,2,172.4
7.48,2.67,3553.1,0.266537904,2.071,2.331485182,2.79,5,159.6
7.48,2.67,3553.1,0.266537904,2.071,2.331485182,2.79,10,150.3
7.48,2.67,3553.1,0.266537904,2.071,2.331485182,2.79,20,139.9
7.48,2.67,3553.1,0.266537904,2.071,2.331485182,2.79,30,130.1
7.48,2.67,3553.1,0.266537904,2.071,2.331485182,2.79,60,118.8
6.93,1.98,3415.3,0.159951652,2.482,2.906918865,2.82,0.5,169.3
6.93,1.98,3415.3,0.159951652,2.482,2.906918865,2.82,1,155.4
6.93,1.98,3415.3,0.159951652,2.482,2.906918865,2.82,2,144.7
6.93,1.98,3415.3,0.159951652,2.482,2.906918865,2.82,5,134
6.93,1.98,3415.3,0.159951652,2.482,2.906918865,2.82,10,125.7
6.93,1.98,3415.3,0.159951652,2.482,2.906918865,2.82,20,118.9
6.93,1.98,3415.3,0.159951652,2.482,2.906918865,2.82,30,114.5
6.93,1.98,3415.3,0.159951652,2.482,2.906918865,2.82,60,105.9
10.58,1.47,2290,0.88172043,0.93,1.624454148,0.9567,0.1,74
10.58,1.47,2290,0.88172043,0.93,1.624454148,0.9567,0.5,60.4
10.58,1.47,2290,0.88172043,0.93,1.624454148,0.9567,1,53.6
10.58,1.47,2290,0.88172043,0.93,1.624454148,0.9567,2,43.4
10.58,1.47,2290,0.88172043,0.93,1.624454148,0.9567,5,37.7
10.58,1.47,2290,0.88172043,0.93,1.624454148,0.9567,10,28.2
10.58,1.47,2290,0.88172043,0.93,1.624454148,0.9567,20,14.7
14.26,1.82,3166,0.517647059,1.7,2.147820594,1.044,0.1,117.1
14.26,1.82,3166,0.517647059,1.7,2.147820594,1.044,0.5,93.5
14.26,1.82,3166,0.517647059,1.7,2.147820594,1.044,1,81.4
14.26,1.82,3166,0.517647059,1.7,2.147820594,1.044,2,67
14.26,1.82,3166,0.517647059,1.7,2.147820594,1.044,5,58.7
14.26,1.82,3166,0.517647059,1.7,2.147820594,1.044,10,49.5
14.26,1.82,3166,0.517647059,1.7,2.147820594,1.044,20,45.8
14.02,1.93,3292,0.694805195,1.54,1.871202916,1.048,0.1,142.2
14.02,1.93,3292,0.694805195,1.54,1.871202916,1.048,0.5,113.3
14.02,1.93,3292,0.694805195,1.54,1.871202916,1.048,1,99.4
14.02,1.93,3292,0.694805195,1.54,1.871202916,1.048,2,85.8
14.02,1.93,3292,0.694805195,1.54,1.871202916,1.048,5,79.7
14.02,1.93,3292,0.694805195,1.54,1.871202916,1.048,10,72.2
14.02,1.93,3292,0.694805195,1.54,1.871202916,1.048,20,66.1
18.75,2.74,3518,0.777070064,1.57,1.785105173,1.102,0.1,166.8
18.75,2.74,3518,0.777070064,1.57,1.785105173,1.102,0.5,141.4
18.75,2.74,3518,0.777070064,1.57,1.785105173,1.102,1,132
18.75,2.74,3518,0.777070064,1.57,1.785105173,1.102,2,116.5
18.75,2.74,3518,0.777070064,1.57,1.785105173,1.102,5,108.8
18.75,2.74,3518,0.777070064,1.57,1.785105173,1.102,10,98.9
18.75,2.74,3518,0.777070064,1.57,1.785105173,1.102,20,86.9
