O,N,B,S,P,Specific surface area,Pore volume,Dap,ID/IG,Electrolyte,Current collector,Active mass loading,Potential window,Current density,Specific capacity,micro%
7.15,3.52,0.0,0.0,0.0,1546.1,0.5753,1.488390143,1.029,2M ZnSO4,carbon cloth,1.0,1.6,0.1,85.0,0.939857466
8.12,3.79,3.66,0.0,0.0,1315.2,0.5116,1.555961071,1.038,2M ZnSO4,carbon cloth,1.0,1.6,0.1,114.0,0.931391712
21.55,3.29,0.0,0.0,0.0,1140.8,0.86,3.01542777,0.82,1M Zn(CF3SO3)2,stainless-steel mesh,2.5,1.8,0.1,90.2,0.209302326
21.55,3.29,0.0,0.0,0.0,1140.8,0.86,3.01542777,0.82,1M Zn(CF3SO3)2,stainless-steel mesh,2.5,1.8,0.25,86.3,0.209302326
21.55,3.29,0.0,0.0,0.0,1140.8,0.86,3.01542777,0.82,1M Zn(CF3SO3)2,stainless-steel mesh,2.5,1.8,0.5,79.9,0.209302326
21.55,3.29,0.0,0.0,0.0,1140.8,0.86,3.01542777,0.82,1M Zn(CF3SO3)2,stainless-steel mesh,2.5,1.8,1.0,70.3,0.209302326
21.55,3.29,0.0,0.0,0.0,1140.8,0.86,3.01542777,0.82,1M Zn(CF3SO3)2,stainless-steel mesh,2.5,1.8,2.0,64.8,0.209302326
21.55,3.29,0.0,0.0,0.0,1140.8,0.86,3.01542777,0.82,1M Zn(CF3SO3)2,stainless-steel mesh,2.5,1.8,5.0,51.5,0.209302326
21.55,3.29,0.0,0.0,0.0,1140.8,0.86,3.01542777,0.82,1M Zn(CF3SO3)2,stainless-steel mesh,2.5,1.8,10.0,38.5,0.209302326
21.55,3.29,0.0,0.0,0.0,1140.8,0.86,3.01542777,0.82,1M Zn(CF3SO3)2,stainless-steel mesh,2.5,1.8,20.0,23.3,0.209302326
17.66,3.01,0.0,1.12,0.0,508.0,0.34,2.677165354,0.86,1M Zn(CF3SO3)2,stainless-steel mesh,2.5,1.8,0.1,69.1,0.205882353
17.66,3.01,0.0,1.12,0.0,508.0,0.34,2.677165354,0.86,1M Zn(CF3SO3)2,stainless-steel mesh,2.5,1.8,0.25,60.1,0.205882353
17.66,3.01,0.0,1.12,0.0,508.0,0.34,2.677165354,0.86,1M Zn(CF3SO3)2,stainless-steel mesh,2.5,1.8,0.5,56.4,0.205882353
17.66,3.01,0.0,1.12,0.0,508.0,0.34,2.677165354,0.86,1M Zn(CF3SO3)2,stainless-steel mesh,2.5,1.8,1.0,47.4,0.205882353
17.66,3.01,0.0,1.12,0.0,508.0,0.34,2.677165354,0.86,1M Zn(CF3SO3)2,stainless-steel mesh,2.5,1.8,2.0,40.9,0.205882353
17.66,3.01,0.0,1.12,0.0,508.0,0.34,2.677165354,0.86,1M Zn(CF3SO3)2,stainless-steel mesh,2.5,1.8,5.0,34.2,0.205882353
17.66,3.01,0.0,1.12,0.0,508.0,0.34,2.677165354,0.86,1M Zn(CF3SO3)2,stainless-steel mesh,2.5,1.8,10.0,19.8,0.205882353
17.66,3.01,0.0,1.12,0.0,508.0,0.34,2.677165354,0.86,1M Zn(CF3SO3)2,stainless-steel mesh,2.5,1.8,20.0,9.5,0.205882353
16.08,2.82,0.0,1.78,0.0,1384.7,0.97,2.802050986,0.89,1M Zn(CF3SO3)2,stainless-steel mesh,2.5,1.8,0.1,136.3,0.154639175
16.08,2.82,0.0,1.78,0.0,1384.7,0.97,2.802050986,0.89,1M Zn(CF3SO3)2,stainless-steel mesh,2.5,1.8,0.25,126.4,0.154639175
16.08,2.82,0.0,1.78,0.0,1384.7,0.97,2.802050986,0.89,1M Zn(CF3SO3)2,stainless-steel mesh,2.5,1.8,0.5,120.3,0.154639175
16.08,2.82,0.0,1.78,0.0,1384.7,0.97,2.802050986,0.89,1M Zn(CF3SO3)2,stainless-steel mesh,2.5,1.8,1.0,112.6,0.154639175
16.08,2.82,0.0,1.78,0.0,1384.7,0.97,2.802050986,0.89,1M Zn(CF3SO3)2,stainless-steel mesh,2.5,1.8,2.0,108.4,0.154639175
16.08,2.82,0.0,1.78,0.0,1384.7,0.97,2.802050986,0.89,1M Zn(CF3SO3)2,stainless-steel mesh,2.5,1.8,5.0,100.4,0.154639175
16.08,2.82,0.0,1.78,0.0,1384.7,0.97,2.802050986,0.89,1M Zn(CF3SO3)2,stainless-steel mesh,2.5,1.8,10.0,94.5,0.154639175
16.08,2.82,0.0,1.78,0.0,1384.7,0.97,2.802050986,0.89,1M Zn(CF3SO3)2,stainless-steel mesh,2.5,1.8,20.0,86.5,0.154639175
8.2,5.3,0.0,0.0,0.0,879.0,0.447,2.034129693,2.27,2M ZnSO4,stainless-steel foil,1.0,1.6,0.1,136.8,0.606263982
8.2,5.3,0.0,0.0,0.0,879.0,0.447,2.034129693,2.27,2M ZnSO4,stainless-steel foil,1.0,1.6,0.5,110.9,0.606263982
8.2,5.3,0.0,0.0,0.0,879.0,0.447,2.034129693,2.27,2M ZnSO4,stainless-steel foil,1.0,1.6,1.0,102.6,0.606263982
8.2,5.3,0.0,0.0,0.0,879.0,0.447,2.034129693,2.27,2M ZnSO4,stainless-steel foil,1.0,1.6,5.0,76.1,0.606263982
8.2,5.3,0.0,0.0,0.0,879.0,0.447,2.034129693,2.27,2M ZnSO4,stainless-steel foil,1.0,1.6,10.0,66.5,0.606263982
5.68,1.49,0.0,0.0,0.0,1640.1,1.41,3.438814706,0.95,2M ZnSO4,nickel foam,2.0,1.6,0.05,109.66,0.326241135
5.68,1.49,0.0,0.0,0.0,1640.1,1.41,3.438814706,0.95,2M ZnSO4,nickel foam,2.0,1.6,0.1,93.3,0.326241135
5.68,1.49,0.0,0.0,0.0,1640.1,1.41,3.438814706,0.95,2M ZnSO4,nickel foam,2.0,1.6,0.2,84.6,0.326241135
5.68,1.49,0.0,0.0,0.0,1640.1,1.41,3.438814706,0.95,2M ZnSO4,nickel foam,2.0,1.6,0.3,81.0,0.326241135
5.68,1.49,0.0,0.0,0.0,1640.1,1.41,3.438814706,0.95,2M ZnSO4,nickel foam,2.0,1.6,0.5,76.3,0.326241135
5.68,1.49,0.0,0.0,0.0,1640.1,1.41,3.438814706,0.95,2M ZnSO4,nickel foam,2.0,1.6,1.0,71.6,0.326241135
5.68,1.49,0.0,0.0,0.0,1640.1,1.41,3.438814706,0.95,2M ZnSO4,nickel foam,2.0,1.6,2.0,67.6,0.326241135
5.68,1.49,0.0,0.0,0.0,1640.1,1.41,3.438814706,0.95,2M ZnSO4,nickel foam,2.0,1.6,3.0,65.1,0.326241135
5.68,1.49,0.0,0.0,0.0,1640.1,1.41,3.438814706,0.95,2M ZnSO4,nickel foam,2.0,1.6,5.0,62.4,0.326241135
5.68,1.49,0.0,0.0,0.0,1640.1,1.41,3.438814706,0.95,2M ZnSO4,nickel foam,2.0,1.6,10.0,59.5,0.326241135
5.68,1.49,0.0,0.0,0.0,1640.1,1.41,3.438814706,0.95,2M ZnSO4,nickel foam,2.0,1.6,15.0,58.4,0.326241135
5.68,1.49,0.0,0.0,0.0,1640.1,1.41,3.438814706,0.95,2M ZnSO4,nickel foam,2.0,1.6,20.0,57.1,0.326241135
11.5,6.7,0.0,0.0,0.0,642.0,1.03,6.417445483,0.964,1M ZnSO4,stainless-steel mesh,2.0,1.6,0.1,133.7,0.145631068
11.5,6.7,0.0,0.0,0.0,642.0,1.03,6.417445483,0.964,1M ZnSO4,stainless-steel mesh,2.0,1.6,0.2,102.5,0.145631068
11.5,6.7,0.0,0.0,0.0,642.0,1.03,6.417445483,0.964,1M ZnSO4,stainless-steel mesh,2.0,1.6,0.5,84.3,0.145631068
11.5,6.7,0.0,0.0,0.0,642.0,1.03,6.417445483,0.964,1M ZnSO4,stainless-steel mesh,2.0,1.6,1.0,75.0,0.145631068
11.5,6.7,0.0,0.0,0.0,642.0,1.03,6.417445483,0.964,1M ZnSO4,stainless-steel mesh,2.0,1.6,2.0,69.1,0.145631068
11.5,6.7,0.0,0.0,0.0,642.0,1.03,6.417445483,0.964,1M ZnSO4,stainless-steel mesh,2.0,1.6,5.0,61.7,0.145631068
11.5,6.7,0.0,0.0,0.0,642.0,1.03,6.417445483,0.964,1M ZnSO4,stainless-steel mesh,2.0,1.6,10.0,56.6,0.145631068
11.5,6.7,0.0,0.0,0.0,642.0,1.03,6.417445483,0.964,1M ZnSO4,stainless-steel mesh,2.0,1.6,20.0,51.9,0.145631068
11.5,6.7,0.0,0.0,0.0,642.0,1.03,6.417445483,0.964,1M ZnSO4,stainless-steel mesh,2.0,1.6,50.0,45.6,0.145631068
11.5,6.7,0.0,0.0,0.0,642.0,1.03,6.417445483,0.964,1M ZnSO4,stainless-steel mesh,2.0,1.6,100.0,39.7,0.145631068
11.5,6.7,0.0,0.0,0.0,642.0,1.03,6.417445483,0.964,1M ZnSO4,stainless-steel mesh,2.0,1.6,200.0,30.6,0.145631068
14.9,3.1,0.0,0.0,0.0,620.0,0.86,5.548387097,0.962,1M ZnSO4,stainless-steel mesh,2.0,1.6,0.1,104.4,0.151162791
14.9,3.1,0.0,0.0,0.0,620.0,0.86,5.548387097,0.962,1M ZnSO4,stainless-steel mesh,2.0,1.6,0.2,83.0,0.151162791
14.9,3.1,0.0,0.0,0.0,620.0,0.86,5.548387097,0.962,1M ZnSO4,stainless-steel mesh,2.0,1.6,0.5,69.7,0.151162791
14.9,3.1,0.0,0.0,0.0,620.0,0.86,5.548387097,0.962,1M ZnSO4,stainless-steel mesh,2.0,1.6,1.0,61.7,0.151162791
14.9,3.1,0.0,0.0,0.0,620.0,0.86,5.548387097,0.962,1M ZnSO4,stainless-steel mesh,2.0,1.6,2.0,56.0,0.151162791
14.9,3.1,0.0,0.0,0.0,620.0,0.86,5.548387097,0.962,1M ZnSO4,stainless-steel mesh,2.0,1.6,5.0,50.4,0.151162791
14.9,3.1,0.0,0.0,0.0,620.0,0.86,5.548387097,0.962,1M ZnSO4,stainless-steel mesh,2.0,1.6,10.0,46.6,0.151162791
14.9,3.1,0.0,0.0,0.0,620.0,0.86,5.548387097,0.962,1M ZnSO4,stainless-steel mesh,2.0,1.6,20.0,43.7,0.151162791
14.9,3.1,0.0,0.0,0.0,620.0,0.86,5.548387097,0.962,1M ZnSO4,stainless-steel mesh,2.0,1.6,50.0,39.1,0.151162791
14.9,3.1,0.0,0.0,0.0,620.0,0.86,5.548387097,0.962,1M ZnSO4,stainless-steel mesh,2.0,1.6,100.0,35.4,0.151162791
14.9,3.1,0.0,0.0,0.0,620.0,0.86,5.548387097,0.962,1M ZnSO4,stainless-steel mesh,2.0,1.6,200.0,30.4,0.151162791
11.2,4.2,0.0,0.0,0.0,697.0,0.83,4.763271162,0.958,1M ZnSO4,stainless-steel mesh,2.0,1.6,0.1,92.4,0.21686747
11.2,4.2,0.0,0.0,0.0,697.0,0.83,4.763271162,0.958,1M ZnSO4,stainless-steel mesh,2.0,1.6,0.2,73.1,0.21686747
11.2,4.2,0.0,0.0,0.0,697.0,0.83,4.763271162,0.958,1M ZnSO4,stainless-steel mesh,2.0,1.6,0.5,62.4,0.21686747
11.2,4.2,0.0,0.0,0.0,697.0,0.83,4.763271162,0.958,1M ZnSO4,stainless-steel mesh,2.0,1.6,1.0,56.0,0.21686747
11.2,4.2,0.0,0.0,0.0,697.0,0.83,4.763271162,0.958,1M ZnSO4,stainless-steel mesh,2.0,1.6,2.0,51.3,0.21686747
11.2,4.2,0.0,0.0,0.0,697.0,0.83,4.763271162,0.958,1M ZnSO4,stainless-steel mesh,2.0,1.6,5.0,45.7,0.21686747
11.2,4.2,0.0,0.0,0.0,697.0,0.83,4.763271162,0.958,1M ZnSO4,stainless-steel mesh,2.0,1.6,10.0,42.3,0.21686747
11.2,4.2,0.0,0.0,0.0,697.0,0.83,4.763271162,0.958,1M ZnSO4,stainless-steel mesh,2.0,1.6,20.0,38.9,0.21686747
11.2,4.2,0.0,0.0,0.0,697.0,0.83,4.763271162,0.958,1M ZnSO4,stainless-steel mesh,2.0,1.6,50.0,33.3,0.21686747
11.2,4.2,0.0,0.0,0.0,697.0,0.83,4.763271162,0.958,1M ZnSO4,stainless-steel mesh,2.0,1.6,100.0,28.7,0.21686747
11.2,4.2,0.0,0.0,0.0,697.0,0.83,4.763271162,0.958,1M ZnSO4,stainless-steel mesh,2.0,1.6,200.0,27.2,0.21686747
12.04,8.29,0.0,0.0,0.0,1530.9,0.96,2.508328434,0.86,1M Zn(CF3SO3)2,freestanding,2.4,1.6,0.1,204.7,0.385416667
12.04,8.29,0.0,0.0,0.0,1530.9,0.96,2.508328434,0.86,1M Zn(CF3SO3)2,freestanding,2.4,1.6,0.2,181.5,0.385416667
12.04,8.29,0.0,0.0,0.0,1530.9,0.96,2.508328434,0.86,1M Zn(CF3SO3)2,freestanding,2.4,1.6,0.5,165.9,0.385416667
12.04,8.29,0.0,0.0,0.0,1530.9,0.96,2.508328434,0.86,1M Zn(CF3SO3)2,freestanding,2.4,1.6,1.0,152.7,0.385416667
12.04,8.29,0.0,0.0,0.0,1530.9,0.96,2.508328434,0.86,1M Zn(CF3SO3)2,freestanding,2.4,1.6,2.0,141.1,0.385416667
12.04,8.29,0.0,0.0,0.0,1530.9,0.96,2.508328434,0.86,1M Zn(CF3SO3)2,freestanding,2.4,1.6,5.0,134.2,0.385416667
12.04,8.29,0.0,0.0,0.0,1530.9,0.96,2.508328434,0.86,1M Zn(CF3SO3)2,freestanding,2.4,1.6,10.0,128.6,0.385416667
20.61,3.95,0.0,0.0,0.0,544.83,0.26,1.908852303,0.96,2M ZnSO4,titanium foil,2.0,1.8,0.1,134.5,0.95446286
20.61,3.95,0.0,0.0,0.0,544.83,0.26,1.908852303,0.96,2M ZnSO4,titanium foil,2.0,1.8,0.2,110.2,0.95446286
20.61,3.95,0.0,0.0,0.0,544.83,0.26,1.908852303,0.96,2M ZnSO4,titanium foil,2.0,1.8,0.4,93.0,0.95446286
20.61,3.95,0.0,0.0,0.0,544.83,0.26,1.908852303,0.96,2M ZnSO4,titanium foil,2.0,1.8,0.5,86.7,0.95446286
20.61,3.95,0.0,0.0,0.0,544.83,0.26,1.908852303,0.96,2M ZnSO4,titanium foil,2.0,1.8,1.0,72.9,0.95446286
20.61,3.95,0.0,0.0,0.0,544.83,0.26,1.908852303,0.96,2M ZnSO4,titanium foil,2.0,1.8,2.0,57.0,0.95446286
20.61,3.95,0.0,0.0,0.0,544.83,0.26,1.908852303,0.96,2M ZnSO4,titanium foil,2.0,1.8,3.0,48.0,0.95446286
20.61,3.95,0.0,0.0,0.0,544.83,0.26,1.908852303,0.96,2M ZnSO4,titanium foil,2.0,1.8,4.0,41.5,0.95446286
18.15,3.51,0.0,0.0,0.0,648.22,0.32,1.97463824,1.01,2M ZnSO4,titanium foil,2.0,1.8,0.1,156.54,0.949369041
18.15,3.51,0.0,0.0,0.0,648.22,0.32,1.97463824,1.01,2M ZnSO4,titanium foil,2.0,1.8,0.2,132.3,0.949369041
18.15,3.51,0.0,0.0,0.0,648.22,0.32,1.97463824,1.01,2M ZnSO4,titanium foil,2.0,1.8,0.3,111.55,0.949369041
18.15,3.51,0.0,0.0,0.0,648.22,0.32,1.97463824,1.01,2M ZnSO4,titanium foil,2.0,1.8,0.4,105.4,0.949369041
18.15,3.51,0.0,0.0,0.0,648.22,0.32,1.97463824,1.01,2M ZnSO4,titanium foil,2.0,1.8,0.5,98.5,0.949369041
18.15,3.51,0.0,0.0,0.0,648.22,0.32,1.97463824,1.01,2M ZnSO4,titanium foil,2.0,1.8,1.0,86.8,0.949369041
18.15,3.51,0.0,0.0,0.0,648.22,0.32,1.97463824,1.01,2M ZnSO4,titanium foil,2.0,1.8,2.0,70.5,0.949369041
18.15,3.51,0.0,0.0,0.0,648.22,0.32,1.97463824,1.01,2M ZnSO4,titanium foil,2.0,1.8,3.0,59.2,0.949369041
18.15,3.51,0.0,0.0,0.0,648.22,0.32,1.97463824,1.01,2M ZnSO4,titanium foil,2.0,1.8,4.0,51.8,0.949369041
15.17,1.8,0.0,0.0,0.0,225.22,0.1,1.776041204,1.08,2M ZnSO4,titanium foil,2.0,1.8,0.1,84.5,0.920122547
15.17,1.8,0.0,0.0,0.0,225.22,0.1,1.776041204,1.08,2M ZnSO4,titanium foil,2.0,1.8,0.2,63.4,0.920122547
15.17,1.8,0.0,0.0,0.0,225.22,0.1,1.776041204,1.08,2M ZnSO4,titanium foil,2.0,1.8,0.4,50.7,0.920122547
15.17,1.8,0.0,0.0,0.0,225.22,0.1,1.776041204,1.08,2M ZnSO4,titanium foil,2.0,1.8,0.5,45.0,0.920122547
15.17,1.8,0.0,0.0,0.0,225.22,0.1,1.776041204,1.08,2M ZnSO4,titanium foil,2.0,1.8,1.0,34.5,0.920122547
15.17,1.8,0.0,0.0,0.0,225.22,0.1,1.776041204,1.08,2M ZnSO4,titanium foil,2.0,1.8,2.0,24.5,0.920122547
15.17,1.8,0.0,0.0,0.0,225.22,0.1,1.776041204,1.08,2M ZnSO4,titanium foil,2.0,1.8,3.0,19.7,0.920122547
15.17,1.8,0.0,0.0,0.0,225.22,0.1,1.776041204,1.08,2M ZnSO4,titanium foil,2.0,1.8,4.0,17.0,0.920122547
11.92,0.0,0.0,0.0,0.0,2228.0,1.07,1.921005386,1.5,1M ZnSO4,stainless-steel foil,2.0,1.75,0.2,153.0,0.598130841
11.92,0.0,0.0,0.0,0.0,2228.0,1.07,1.921005386,1.5,1M ZnSO4,stainless-steel foil,2.0,1.75,0.5,125.0,0.598130841
11.92,0.0,0.0,0.0,0.0,2228.0,1.07,1.921005386,1.5,1M ZnSO4,stainless-steel foil,2.0,1.75,1.0,110.0,0.598130841
11.92,0.0,0.0,0.0,0.0,2228.0,1.07,1.921005386,1.5,1M ZnSO4,stainless-steel foil,2.0,1.75,2.0,98.0,0.598130841
11.92,0.0,0.0,0.0,0.0,2228.0,1.07,1.921005386,1.5,1M ZnSO4,stainless-steel foil,2.0,1.75,5.0,84.0,0.598130841
11.92,0.0,0.0,0.0,0.0,2228.0,1.07,1.921005386,1.5,1M ZnSO4,stainless-steel foil,2.0,1.75,10.0,75.0,0.598130841
5.5,2.53,0.0,0.0,0.0,947.0,0.54,2.280887012,0.855,1M ZnSO4,stainless-steel foil,1.5,1.6,0.5,117.9,0.5
5.5,2.53,0.0,0.0,0.0,947.0,0.54,2.280887012,0.855,1M ZnSO4,stainless-steel foil,1.5,1.6,20.0,71.0,0.5
3.67,0.0,0.0,0.0,2.71,1175.0,0.71,2.417021277,0.858,1M ZnSO4,stainless-steel foil,1.5,1.6,0.5,136.2,0.577464789
3.67,0.0,0.0,0.0,2.71,1175.0,0.71,2.417021277,0.858,1M ZnSO4,stainless-steel foil,1.5,1.6,20.0,75.9,0.577464789
10.41,2.37,0.0,0.0,2.1,899.0,0.52,2.313681869,0.856,1M ZnSO4,stainless-steel foil,1.5,1.6,0.5,165.9,0.365384615
10.41,2.37,0.0,0.0,2.1,899.0,0.52,2.313681869,0.856,1M ZnSO4,stainless-steel foil,1.5,1.6,20.0,110.9,0.365384615
9.64,3.44,0.0,0.0,0.0,1624.0,0.918,2.261083744,0.999,1M ZnSO4,stainless-steel mesh,2.0,1.6,0.1,119.9,0.652505447
9.64,3.44,0.0,0.0,0.0,1624.0,0.918,2.261083744,0.999,1M ZnSO4,stainless-steel mesh,2.0,1.6,0.2,108.3,0.652505447
9.64,3.44,0.0,0.0,0.0,1624.0,0.918,2.261083744,0.999,1M ZnSO4,stainless-steel mesh,2.0,1.6,0.5,100.2,0.652505447
9.64,3.44,0.0,0.0,0.0,1624.0,0.918,2.261083744,0.999,1M ZnSO4,stainless-steel mesh,2.0,1.6,1.0,94.6,0.652505447
9.64,3.44,0.0,0.0,0.0,1624.0,0.918,2.261083744,0.999,1M ZnSO4,stainless-steel mesh,2.0,1.6,2.0,90.4,0.652505447
9.64,3.44,0.0,0.0,0.0,1624.0,0.918,2.261083744,0.999,1M ZnSO4,stainless-steel mesh,2.0,1.6,5.0,84.8,0.652505447
9.64,3.44,0.0,0.0,0.0,1624.0,0.918,2.261083744,0.999,1M ZnSO4,stainless-steel mesh,2.0,1.6,20.0,81.1,0.652505447
8.42,1.64,0.0,0.0,0.0,1949.0,1.133,2.325295023,0.917,1M ZnSO4,stainless-steel mesh,2.0,1.6,0.1,159.9,0.458075905
8.42,1.64,0.0,0.0,0.0,1949.0,1.133,2.325295023,0.917,1M ZnSO4,stainless-steel mesh,2.0,1.6,0.2,139.2,0.458075905
8.42,1.64,0.0,0.0,0.0,1949.0,1.133,2.325295023,0.917,1M ZnSO4,stainless-steel mesh,10.0,1.6,0.5,124.8,0.458075905
8.42,1.64,0.0,0.0,0.0,1949.0,1.133,2.325295023,0.917,1M ZnSO4,stainless-steel mesh,10.0,1.6,1.0,116.0,0.458075905
8.42,1.64,0.0,0.0,0.0,1949.0,1.133,2.325295023,0.917,1M ZnSO4,stainless-steel mesh,10.0,1.6,2.0,109.9,0.458075905
8.42,1.64,0.0,0.0,0.0,1949.0,1.133,2.325295023,0.917,1M ZnSO4,stainless-steel mesh,10.0,1.6,5.0,101.9,0.458075905
8.42,1.64,0.0,0.0,0.0,1949.0,1.133,2.325295023,0.917,1M ZnSO4,stainless-steel mesh,10.0,1.6,20.0,94.0,0.458075905
5.52,0.89,0.0,0.0,0.0,2276.0,1.331,2.339191564,0.872,1M ZnSO4,stainless-steel mesh,2.0,1.6,0.1,114.2,0.209616829
5.52,0.89,0.0,0.0,0.0,2276.0,1.331,2.339191564,0.872,1M ZnSO4,stainless-steel mesh,2.0,1.6,0.2,104.8,0.209616829
5.52,0.89,0.0,0.0,0.0,2276.0,1.331,2.339191564,0.872,1M ZnSO4,stainless-steel mesh,2.0,1.6,0.5,95.6,0.209616829
5.52,0.89,0.0,0.0,0.0,2276.0,1.331,2.339191564,0.872,1M ZnSO4,stainless-steel mesh,2.0,1.6,1.0,90.0,0.209616829
5.52,0.89,0.0,0.0,0.0,2276.0,1.331,2.339191564,0.872,1M ZnSO4,stainless-steel mesh,2.0,1.6,2.0,86.8,0.209616829
5.52,0.89,0.0,0.0,0.0,2276.0,1.331,2.339191564,0.872,1M ZnSO4,stainless-steel mesh,2.0,1.6,5.0,82.4,0.209616829
5.52,0.89,0.0,0.0,0.0,2276.0,1.331,2.339191564,0.872,1M ZnSO4,stainless-steel mesh,2.0,1.6,20.0,78.5,0.209616829
7.71,0.0,0.0,0.0,0.0,804.0,0.315,1.567164179,0.97,1M ZnSO4,stainless-steel mesh,1.2,1.6,0.5,48.3,0.621890547
7.71,0.0,0.0,0.0,0.0,804.0,0.315,1.567164179,0.97,1M ZnSO4,stainless-steel mesh,1.2,1.6,1.0,43.4,0.621890547
7.71,0.0,0.0,0.0,0.0,804.0,0.315,1.567164179,0.97,1M ZnSO4,stainless-steel mesh,1.2,1.6,2.0,38.9,0.621890547
7.71,0.0,0.0,0.0,0.0,804.0,0.315,1.567164179,0.97,1M ZnSO4,stainless-steel mesh,1.2,1.6,3.0,36.5,0.621890547
7.71,0.0,0.0,0.0,0.0,804.0,0.315,1.567164179,0.97,1M ZnSO4,stainless-steel mesh,1.2,1.6,4.0,34.8,0.621890547
7.71,0.0,0.0,0.0,0.0,804.0,0.315,1.567164179,0.97,1M ZnSO4,stainless-steel mesh,1.2,1.6,5.0,33.2,0.621890547
7.71,0.0,0.0,0.0,0.0,804.0,0.315,1.567164179,0.97,1M ZnSO4,stainless-steel mesh,1.2,1.6,7.0,30.2,0.621890547
7.71,0.0,0.0,0.0,0.0,804.0,0.315,1.567164179,0.97,1M ZnSO4,stainless-steel mesh,1.2,1.6,10.0,26.7,0.621890547
7.71,0.0,0.0,0.0,0.0,804.0,0.315,1.567164179,0.97,1M ZnSO4,stainless-steel mesh,1.2,1.6,15.0,24.7,0.621890547
7.71,0.0,0.0,0.0,0.0,804.0,0.315,1.567164179,0.97,1M ZnSO4,stainless-steel mesh,1.2,1.6,20.0,21.6,0.621890547
8.06,0.0,0.0,0.0,0.0,1770.0,0.721,1.629378531,1.1,1M ZnSO4,stainless-steel mesh,1.2,1.6,0.5,177.7,0.576271186
8.06,0.0,0.0,0.0,0.0,1770.0,0.721,1.629378531,1.1,1M ZnSO4,stainless-steel mesh,1.2,1.6,1.0,148.5,0.576271186
8.06,0.0,0.0,0.0,0.0,1770.0,0.721,1.629378531,1.1,1M ZnSO4,stainless-steel mesh,1.2,1.6,2.0,135.5,0.576271186
8.06,0.0,0.0,0.0,0.0,1770.0,0.721,1.629378531,1.1,1M ZnSO4,stainless-steel mesh,1.2,1.6,3.0,127.9,0.576271186
8.06,0.0,0.0,0.0,0.0,1770.0,0.721,1.629378531,1.1,1M ZnSO4,stainless-steel mesh,1.2,1.6,4.0,122.1,0.576271186
8.06,0.0,0.0,0.0,0.0,1770.0,0.721,1.629378531,1.1,1M ZnSO4,stainless-steel mesh,1.2,1.6,5.0,117.0,0.576271186
8.06,0.0,0.0,0.0,0.0,1770.0,0.721,1.629378531,1.1,1M ZnSO4,stainless-steel mesh,1.2,1.6,7.0,107.5,0.576271186
8.06,0.0,0.0,0.0,0.0,1770.0,0.721,1.629378531,1.1,1M ZnSO4,stainless-steel mesh,1.2,1.6,10.0,102.9,0.576271186
8.06,0.0,0.0,0.0,0.0,1770.0,0.721,1.629378531,1.1,1M ZnSO4,stainless-steel mesh,1.2,1.6,15.0,91.3,0.576271186
8.06,0.0,0.0,0.0,0.0,1770.0,0.721,1.629378531,1.1,1M ZnSO4,stainless-steel mesh,1.2,1.6,20.0,85.5,0.576271186
9.3,0.0,0.0,0.0,0.0,1781.0,0.784,1.760808535,1.18,1M ZnSO4,stainless-steel mesh,1.2,1.6,0.5,108.2,0.533408198
9.3,0.0,0.0,0.0,0.0,1781.0,0.784,1.760808535,1.18,1M ZnSO4,stainless-steel mesh,1.2,1.6,1.0,96.6,0.533408198
9.3,0.0,0.0,0.0,0.0,1781.0,0.784,1.760808535,1.18,1M ZnSO4,stainless-steel mesh,1.2,1.6,2.0,86.9,0.533408198
9.3,0.0,0.0,0.0,0.0,1781.0,0.784,1.760808535,1.18,1M ZnSO4,stainless-steel mesh,1.2,1.6,3.0,82.0,0.533408198
9.3,0.0,0.0,0.0,0.0,1781.0,0.784,1.760808535,1.18,1M ZnSO4,stainless-steel mesh,1.2,1.6,4.0,78.7,0.533408198
9.3,0.0,0.0,0.0,0.0,1781.0,0.784,1.760808535,1.18,1M ZnSO4,stainless-steel mesh,1.2,1.6,5.0,75.2,0.533408198
9.3,0.0,0.0,0.0,0.0,1781.0,0.784,1.760808535,1.18,1M ZnSO4,stainless-steel mesh,1.2,1.6,7.0,72.0,0.533408198
9.3,0.0,0.0,0.0,0.0,1781.0,0.784,1.760808535,1.18,1M ZnSO4,stainless-steel mesh,1.2,1.6,10.0,67.1,0.533408198
9.3,0.0,0.0,0.0,0.0,1781.0,0.784,1.760808535,1.18,1M ZnSO4,stainless-steel mesh,1.2,1.6,15.0,60.5,0.533408198
9.3,0.0,0.0,0.0,0.0,1781.0,0.784,1.760808535,1.18,1M ZnSO4,stainless-steel mesh,1.2,1.6,20.0,57.0,0.533408198
6.99,1.59,0.0,0.0,0.0,2465.9,1.29,2.092542277,0.912,2M ZnSO4,nickel foam,2.0,1.8,0.05,108.5,0.527131783
6.99,1.59,0.0,0.0,0.0,2465.9,1.29,2.092542277,0.912,2M ZnSO4,nickel foam,2.0,1.8,0.1,85.9,0.527131783
6.99,1.59,0.0,0.0,0.0,2465.9,1.29,2.092542277,0.912,2M ZnSO4,nickel foam,2.0,1.8,0.2,73.1,0.527131783
6.99,1.59,0.0,0.0,0.0,2465.9,1.29,2.092542277,0.912,2M ZnSO4,nickel foam,2.0,1.8,0.3,68.7,0.527131783
6.99,1.59,0.0,0.0,0.0,2465.9,1.29,2.092542277,0.912,2M ZnSO4,nickel foam,2.0,1.8,0.5,65.0,0.527131783
6.99,1.59,0.0,0.0,0.0,2465.9,1.29,2.092542277,0.912,2M ZnSO4,nickel foam,2.0,1.8,1.0,60.8,0.527131783
6.99,1.59,0.0,0.0,0.0,2465.9,1.29,2.092542277,0.912,2M ZnSO4,nickel foam,2.0,1.8,2.0,55.3,0.527131783
6.99,1.59,0.0,0.0,0.0,2465.9,1.29,2.092542277,0.912,2M ZnSO4,nickel foam,2.0,1.8,3.0,52.7,0.527131783
6.99,1.59,0.0,0.0,0.0,2465.9,1.29,2.092542277,0.912,2M ZnSO4,nickel foam,2.0,1.8,5.0,49.2,0.527131783
6.99,1.59,0.0,0.0,0.0,2465.9,1.29,2.092542277,0.912,2M ZnSO4,nickel foam,2.0,1.8,10.0,44.5,0.527131783
6.99,1.59,0.0,0.0,0.0,2465.9,1.29,2.092542277,0.912,2M ZnSO4,nickel foam,2.0,1.8,15.0,41.6,0.527131783
6.99,1.59,0.0,0.0,0.0,2465.9,1.29,2.092542277,0.912,2M ZnSO4,nickel foam,2.0,1.8,20.0,41.6,0.527131783
7.87,1.93,0.0,4.0,0.0,3082.0,1.42,1.842959117,1.72,2M ZnSO4,stainless-steel mesh,1.5,1.6,0.2,142.7,0.464788732
7.87,1.93,0.0,4.0,0.0,3082.0,1.42,1.842959117,1.72,2M ZnSO4,stainless-steel mesh,1.5,1.6,0.5,125.0,0.464788732
7.87,1.93,0.0,4.0,0.0,3082.0,1.42,1.842959117,1.72,2M ZnSO4,stainless-steel mesh,1.5,1.6,1.0,109.6,0.464788732
7.87,1.93,0.0,4.0,0.0,3082.0,1.42,1.842959117,1.72,2M ZnSO4,stainless-steel mesh,1.5,1.6,2.0,97.2,0.464788732
7.87,1.93,0.0,4.0,0.0,3082.0,1.42,1.842959117,1.72,2M ZnSO4,stainless-steel mesh,1.5,1.6,3.0,89.9,0.464788732
7.87,1.93,0.0,4.0,0.0,3082.0,1.42,1.842959117,1.72,2M ZnSO4,stainless-steel mesh,1.5,1.6,5.0,82.7,0.464788732
3.9,9.7,0.0,0.0,0.0,844.0,0.41,1.943127962,0.99,1M ZnSO4,freestanding,1.0,2.0,0.1,189.4,0.773696682
3.9,9.7,0.0,0.0,0.0,844.0,0.41,1.943127962,0.99,1M ZnSO4,freestanding,1.0,2.0,0.2,154.5,0.773696682
3.9,9.7,0.0,0.0,0.0,844.0,0.41,1.943127962,0.99,1M ZnSO4,freestanding,1.0,2.0,0.5,131.5,0.773696682
3.9,9.7,0.0,0.0,0.0,844.0,0.41,1.943127962,0.99,1M ZnSO4,freestanding,1.0,2.0,1.0,130.4,0.773696682
3.9,9.7,0.0,0.0,0.0,844.0,0.41,1.943127962,0.99,1M ZnSO4,freestanding,1.0,2.0,2.0,117.9,0.773696682
3.9,9.7,0.0,0.0,0.0,844.0,0.41,1.943127962,0.99,1M ZnSO4,freestanding,1.0,2.0,3.0,112.3,0.773696682
3.9,9.7,0.0,0.0,0.0,844.0,0.41,1.943127962,0.99,1M ZnSO4,freestanding,1.0,2.0,4.0,107.7,0.773696682
3.9,9.7,0.0,0.0,0.0,844.0,0.41,1.943127962,0.99,1M ZnSO4,freestanding,1.0,2.0,5.0,104.9,0.773696682
3.9,9.7,0.0,0.0,0.0,844.0,0.41,1.943127962,0.99,1M ZnSO4,freestanding,1.0,2.0,7.0,102.2,0.773696682
3.9,9.7,0.0,0.0,0.0,844.0,0.41,1.943127962,0.99,1M ZnSO4,freestanding,1.0,2.0,10.0,100.3,0.773696682
4.81,1.09,0.0,0.0,0.0,972.4,1.67,6.869600987,0.82,2M ZnSO4,stainless-steel mesh,2.5,1.6,0.2,104.9,0.173652695
4.81,1.09,0.0,0.0,0.0,972.4,1.67,6.869600987,0.82,2M ZnSO4,stainless-steel mesh,2.5,1.6,0.5,91.0,0.173652695
4.81,1.09,0.0,0.0,0.0,972.4,1.67,6.869600987,0.82,2M ZnSO4,stainless-steel mesh,2.5,1.6,1.0,84.9,0.173652695
4.81,1.09,0.0,0.0,0.0,972.4,1.67,6.869600987,0.82,2M ZnSO4,stainless-steel mesh,2.5,1.6,2.0,78.2,0.173652695
4.81,1.09,0.0,0.0,0.0,972.4,1.67,6.869600987,0.82,2M ZnSO4,stainless-steel mesh,2.5,1.6,3.0,74.2,0.173652695
4.81,1.09,0.0,0.0,0.0,972.4,1.67,6.869600987,0.82,2M ZnSO4,stainless-steel mesh,2.5,1.6,4.0,70.8,0.173652695
4.81,1.09,0.0,0.0,0.0,972.4,1.67,6.869600987,0.82,2M ZnSO4,stainless-steel mesh,2.5,1.6,5.0,68.5,0.173652695
4.81,1.09,0.0,0.0,0.0,972.4,1.67,6.869600987,0.82,2M ZnSO4,stainless-steel mesh,2.5,1.6,10.0,60.3,0.173652695
4.81,1.09,0.0,0.0,0.0,972.4,1.67,6.869600987,0.82,2M ZnSO4,stainless-steel mesh,2.5,1.6,15.0,56.5,0.173652695
4.81,1.09,0.0,0.0,0.0,972.4,1.67,6.869600987,0.82,2M ZnSO4,stainless-steel mesh,2.5,1.6,20.0,52.1,0.173652695
4.81,1.09,0.0,0.0,0.0,972.4,1.67,6.869600987,0.82,2M ZnSO4,stainless-steel mesh,2.5,1.6,30.0,44.8,0.173652695
4.89,1.74,0.0,0.0,0.0,1666.8,2.42,5.807535397,0.88,2M ZnSO4,stainless-steel mesh,2.5,1.6,0.2,132.9,0.119834711
4.89,1.74,0.0,0.0,0.0,1666.8,2.42,5.807535397,0.88,2M ZnSO4,stainless-steel mesh,2.5,1.6,0.5,114.4,0.119834711
4.89,1.74,0.0,0.0,0.0,1666.8,2.42,5.807535397,0.88,2M ZnSO4,stainless-steel mesh,2.5,1.6,1.0,108.9,0.119834711
4.89,1.74,0.0,0.0,0.0,1666.8,2.42,5.807535397,0.88,2M ZnSO4,stainless-steel mesh,2.5,1.6,2.0,99.4,0.119834711
4.89,1.74,0.0,0.0,0.0,1666.8,2.42,5.807535397,0.88,2M ZnSO4,stainless-steel mesh,2.5,1.6,3.0,95.6,0.119834711
4.89,1.74,0.0,0.0,0.0,1666.8,2.42,5.807535397,0.88,2M ZnSO4,stainless-steel mesh,2.5,1.6,4.0,91.1,0.119834711
4.89,1.74,0.0,0.0,0.0,1666.8,2.42,5.807535397,0.88,2M ZnSO4,stainless-steel mesh,2.5,1.6,5.0,89.9,0.119834711
4.89,1.74,0.0,0.0,0.0,1666.8,2.42,5.807535397,0.88,2M ZnSO4,stainless-steel mesh,2.5,1.6,10.0,83.3,0.119834711
4.89,1.74,0.0,0.0,0.0,1666.8,2.42,5.807535397,0.88,2M ZnSO4,stainless-steel mesh,2.5,1.6,15.0,80.8,0.119834711
4.89,1.74,0.0,0.0,0.0,1666.8,2.42,5.807535397,0.88,2M ZnSO4,stainless-steel mesh,2.5,1.6,20.0,76.6,0.119834711
4.89,1.74,0.0,0.0,0.0,1666.8,2.42,5.807535397,0.88,2M ZnSO4,stainless-steel mesh,2.5,1.6,30.0,73.3,0.119834711
4.89,1.74,0.0,0.0,0.0,1666.8,2.42,5.807535397,0.88,2M ZnSO4,stainless-steel mesh,2.5,1.6,40.0,68.8,0.119834711
4.89,1.74,0.0,0.0,0.0,1666.8,2.42,5.807535397,0.88,2M ZnSO4,stainless-steel mesh,2.5,1.6,50.0,65.2,0.119834711
6.42,2.75,0.0,0.0,0.0,1301.6,3.04,9.34234788,0.92,2M ZnSO4,stainless-steel mesh,2.5,1.6,0.2,67.8,0.069078947
6.42,2.75,0.0,0.0,0.0,1301.6,3.04,9.34234788,0.92,2M ZnSO4,stainless-steel mesh,2.5,1.6,0.5,59.8,0.069078947
6.42,2.75,0.0,0.0,0.0,1301.6,3.04,9.34234788,0.92,2M ZnSO4,stainless-steel mesh,2.5,1.6,1.0,56.8,0.069078947
6.42,2.75,0.0,0.0,0.0,1301.6,3.04,9.34234788,0.92,2M ZnSO4,stainless-steel mesh,2.5,1.6,2.0,53.2,0.069078947
6.42,2.75,0.0,0.0,0.0,1301.6,3.04,9.34234788,0.92,2M ZnSO4,stainless-steel mesh,2.5,1.6,3.0,51.7,0.069078947
6.42,2.75,0.0,0.0,0.0,1301.6,3.04,9.34234788,0.92,2M ZnSO4,stainless-steel mesh,2.5,1.6,4.0,49.9,0.069078947
6.42,2.75,0.0,0.0,0.0,1301.6,3.04,9.34234788,0.92,2M ZnSO4,stainless-steel mesh,2.5,1.6,5.0,49.2,0.069078947
6.42,2.75,0.0,0.0,0.0,1301.6,3.04,9.34234788,0.92,2M ZnSO4,stainless-steel mesh,2.5,1.6,10.0,45.5,0.069078947
6.42,2.75,0.0,0.0,0.0,1301.6,3.04,9.34234788,0.92,2M ZnSO4,stainless-steel mesh,2.5,1.6,15.0,43.7,0.069078947
6.42,2.75,0.0,0.0,0.0,1301.6,3.04,9.34234788,0.92,2M ZnSO4,stainless-steel mesh,2.5,1.6,20.0,41.1,0.069078947
6.42,2.75,0.0,0.0,0.0,1301.6,3.04,9.34234788,0.92,2M ZnSO4,stainless-steel mesh,2.5,1.6,30.0,37.4,0.069078947
4.77,0.0,0.0,0.0,0.0,1644.0,0.96,2.335766423,1.06,1M ZnSO4,freestanding,1.77,1.6,0.1,52.9,0.570833333
4.77,0.0,0.0,0.0,0.0,1644.0,0.96,2.335766423,1.06,1M ZnSO4,freestanding,1.77,1.6,0.2,48.7,0.570833333
4.77,0.0,0.0,0.0,0.0,1644.0,0.96,2.335766423,1.06,1M ZnSO4,freestanding,1.77,1.6,0.5,43.8,0.570833333
4.77,0.0,0.0,0.0,0.0,1644.0,0.96,2.335766423,1.06,1M ZnSO4,freestanding,1.77,1.6,1.0,40.0,0.570833333
4.77,0.0,0.0,0.0,0.0,1644.0,0.96,2.335766423,1.06,1M ZnSO4,freestanding,1.77,1.6,2.0,36.5,0.570833333
4.77,0.0,0.0,0.0,0.0,1644.0,0.96,2.335766423,1.06,1M ZnSO4,freestanding,1.77,1.6,5.0,31.4,0.570833333
4.77,0.0,0.0,0.0,0.0,1644.0,0.96,2.335766423,1.06,1M ZnSO4,freestanding,1.77,1.6,10.0,26.9,0.570833333
4.77,0.0,0.0,0.0,0.0,1644.0,0.96,2.335766423,1.06,1M ZnSO4,freestanding,1.77,1.6,20.0,21.4,0.570833333
4.43,2.62,0.0,0.0,2.14,2038.0,1.29,2.531894014,1.12,1M ZnSO4,freestanding,1.77,1.6,0.1,103.2,0.331782946
4.43,2.62,0.0,0.0,2.14,2038.0,1.29,2.531894014,1.12,1M ZnSO4,freestanding,1.77,1.6,0.2,93.7,0.331782946
4.43,2.62,0.0,0.0,2.14,2038.0,1.29,2.531894014,1.12,1M ZnSO4,freestanding,1.77,1.6,0.5,85.3,0.331782946
4.43,2.62,0.0,0.0,2.14,2038.0,1.29,2.531894014,1.12,1M ZnSO4,freestanding,1.77,1.6,1.0,80.3,0.331782946
4.43,2.62,0.0,0.0,2.14,2038.0,1.29,2.531894014,1.12,1M ZnSO4,freestanding,1.77,1.6,2.0,74.7,0.331782946
4.43,2.62,0.0,0.0,2.14,2038.0,1.29,2.531894014,1.12,1M ZnSO4,freestanding,1.77,1.6,5.0,68.2,0.331782946
4.43,2.62,0.0,0.0,2.14,2038.0,1.29,2.531894014,1.12,1M ZnSO4,freestanding,1.77,1.6,10.0,61.0,0.331782946
4.43,2.62,0.0,0.0,2.14,2038.0,1.29,2.531894014,1.12,1M ZnSO4,freestanding,1.77,1.6,20.0,52.8,0.331782946
9.1,3.1,0.0,0.0,0.0,1055.0,0.95,3.601895735,1.06,2M ZnSO4,stainless-steel mesh,1.0,1.7,0.1,230.0,0.368421053
9.1,3.1,0.0,0.0,0.0,1055.0,0.95,3.601895735,1.06,2M ZnSO4,stainless-steel mesh,1.0,1.7,0.2,165.0,0.368421053
9.1,3.1,0.0,0.0,0.0,1055.0,0.95,3.601895735,1.06,2M ZnSO4,stainless-steel mesh,1.0,1.7,0.5,150.0,0.368421053
9.1,3.1,0.0,0.0,0.0,1055.0,0.95,3.601895735,1.06,2M ZnSO4,stainless-steel mesh,1.0,1.7,1.0,137.0,0.368421053
9.1,3.1,0.0,0.0,0.0,1055.0,0.95,3.601895735,1.06,2M ZnSO4,stainless-steel mesh,1.0,1.7,2.0,127.0,0.368421053
9.1,3.1,0.0,0.0,0.0,1055.0,0.95,3.601895735,1.06,2M ZnSO4,stainless-steel mesh,1.0,1.7,5.0,122.0,0.368421053
9.1,3.1,0.0,0.0,0.0,1055.0,0.95,3.601895735,1.06,2M ZnSO4,stainless-steel mesh,1.0,1.7,10.0,118.0,0.368421053
6.1,7.2,0.0,0.0,0.0,1843.0,1.1,2.387411829,1.01,2M ZnSO4,stainless-steel mesh,1.0,1.6,0.5,181.0,0.309090909
6.1,7.2,0.0,0.0,0.0,1843.0,1.1,2.387411829,1.01,2M ZnSO4,stainless-steel mesh,1.0,1.6,1.0,153.3,0.309090909
6.1,7.2,0.0,0.0,0.0,1843.0,1.1,2.387411829,1.01,2M ZnSO4,stainless-steel mesh,1.0,1.6,2.0,137.2,0.309090909
6.1,7.2,0.0,0.0,0.0,1843.0,1.1,2.387411829,1.01,2M ZnSO4,stainless-steel mesh,1.0,1.6,3.0,130.2,0.309090909
6.1,7.2,0.0,0.0,0.0,1843.0,1.1,2.387411829,1.01,2M ZnSO4,stainless-steel mesh,1.0,1.6,5.0,121.7,0.309090909
6.1,7.2,0.0,0.0,0.0,1843.0,1.1,2.387411829,1.01,2M ZnSO4,stainless-steel mesh,1.0,1.6,10.0,110.4,0.309090909
6.1,7.2,0.0,0.0,0.0,1843.0,1.1,2.387411829,1.01,2M ZnSO4,stainless-steel mesh,1.0,1.6,15.0,104.0,0.309090909
4.2,6.3,0.0,0.0,0.0,543.0,0.9,6.629834254,0.99,2M ZnSO4,stainless-steel mesh,1.0,1.6,0.5,110.0,0.111111111
4.2,6.3,0.0,0.0,0.0,543.0,0.9,6.629834254,0.99,2M ZnSO4,stainless-steel mesh,1.0,1.6,1.0,97.8,0.111111111
4.2,6.3,0.0,0.0,0.0,543.0,0.9,6.629834254,0.99,2M ZnSO4,stainless-steel mesh,1.0,1.6,2.0,89.8,0.111111111
4.2,6.3,0.0,0.0,0.0,543.0,0.9,6.629834254,0.99,2M ZnSO4,stainless-steel mesh,1.0,1.6,3.0,84.9,0.111111111
4.2,6.3,0.0,0.0,0.0,543.0,0.9,6.629834254,0.99,2M ZnSO4,stainless-steel mesh,1.0,1.6,5.0,78.4,0.111111111
4.2,6.3,0.0,0.0,0.0,543.0,0.9,6.629834254,0.99,2M ZnSO4,stainless-steel mesh,1.0,1.6,10.0,67.2,0.111111111
4.2,6.3,0.0,0.0,0.0,543.0,0.9,6.629834254,0.99,2M ZnSO4,stainless-steel mesh,1.0,1.6,15.0,58.2,0.111111111
10.8,5.7,0.0,0.0,0.0,1454.0,0.83,2.283356259,1.05,2M ZnSO4,stainless-steel mesh,1.0,1.6,0.5,98.0,0.108433735
10.8,5.7,0.0,0.0,0.0,1454.0,0.83,2.283356259,1.05,2M ZnSO4,stainless-steel mesh,1.0,1.6,1.0,81.7,0.108433735
10.8,5.7,0.0,0.0,0.0,1454.0,0.83,2.283356259,1.05,2M ZnSO4,stainless-steel mesh,1.0,1.6,2.0,72.2,0.108433735
10.8,5.7,0.0,0.0,0.0,1454.0,0.83,2.283356259,1.05,2M ZnSO4,stainless-steel mesh,1.0,1.6,3.0,67.0,0.108433735
10.8,5.7,0.0,0.0,0.0,1454.0,0.83,2.283356259,1.05,2M ZnSO4,stainless-steel mesh,1.0,1.6,5.0,60.7,0.108433735
10.8,5.7,0.0,0.0,0.0,1454.0,0.83,2.283356259,1.05,2M ZnSO4,stainless-steel mesh,1.0,1.6,10.0,50.9,0.108433735
10.8,5.7,0.0,0.0,0.0,1454.0,0.83,2.283356259,1.05,2M ZnSO4,stainless-steel mesh,1.0,1.6,15.0,45.1,0.108433735
9.33,6.25,0.0,0.0,0.0,1021.0,1.07,4.191968658,0.84,3M Zn(CF3SO3)2,stainless-steel mesh,10.0,1.8,0.2,122.3,0.654
9.33,6.25,0.0,0.0,0.0,1021.0,1.07,4.191968658,0.84,3M Zn(CF3SO3)2,stainless-steel mesh,10.0,1.8,0.5,108.1,0.654
9.33,6.25,0.0,0.0,0.0,1021.0,1.07,4.191968658,0.84,3M Zn(CF3SO3)2,stainless-steel mesh,10.0,1.8,1.0,103.8,0.654
9.33,6.25,0.0,0.0,0.0,1021.0,1.07,4.191968658,0.84,3M Zn(CF3SO3)2,stainless-steel mesh,10.0,1.8,2.0,94.2,0.654
9.33,6.25,0.0,0.0,0.0,1021.0,1.07,4.191968658,0.84,3M Zn(CF3SO3)2,stainless-steel mesh,10.0,1.8,5.0,85.6,0.654
9.33,6.25,0.0,0.0,0.0,1021.0,1.07,4.191968658,0.84,3M Zn(CF3SO3)2,stainless-steel mesh,10.0,1.8,10.0,76.0,0.654
9.33,6.25,0.0,0.0,0.0,1021.0,1.07,4.191968658,0.84,3M Zn(CF3SO3)2,stainless-steel mesh,10.0,1.8,20.0,59.1,0.654
8.0,8.12,0.0,0.0,0.0,1685.0,1.2,2.848664688,0.85,3M Zn(CF3SO3)2,stainless-steel mesh,10.0,1.8,0.2,153.8,0.337
8.0,8.12,0.0,0.0,0.0,1685.0,1.2,2.848664688,0.85,3M Zn(CF3SO3)2,stainless-steel mesh,10.0,1.8,0.5,146.9,0.337
8.0,8.12,0.0,0.0,0.0,1685.0,1.2,2.848664688,0.85,3M Zn(CF3SO3)2,stainless-steel mesh,10.0,1.8,1.0,127.3,0.337
8.0,8.12,0.0,0.0,0.0,1685.0,1.2,2.848664688,0.85,3M Zn(CF3SO3)2,stainless-steel mesh,10.0,1.8,2.0,117.0,0.337
8.0,8.12,0.0,0.0,0.0,1685.0,1.2,2.848664688,0.85,3M Zn(CF3SO3)2,stainless-steel mesh,10.0,1.8,5.0,108.7,0.337
8.0,8.12,0.0,0.0,0.0,1685.0,1.2,2.848664688,0.85,3M Zn(CF3SO3)2,stainless-steel mesh,10.0,1.8,10.0,95.5,0.337
8.0,8.12,0.0,0.0,0.0,1685.0,1.2,2.848664688,0.85,3M Zn(CF3SO3)2,stainless-steel mesh,10.0,1.8,20.0,82.3,0.337
9.75,7.83,0.0,0.0,0.0,2370.0,2.18,3.679324895,0.85,3M Zn(CF3SO3)2,stainless-steel mesh,10.0,1.8,0.2,250.0,0.242
9.75,7.83,0.0,0.0,0.0,2370.0,2.18,3.679324895,0.85,3M Zn(CF3SO3)2,stainless-steel mesh,10.0,1.8,0.5,217.5,0.242
9.75,7.83,0.0,0.0,0.0,2370.0,2.18,3.679324895,0.85,3M Zn(CF3SO3)2,stainless-steel mesh,10.0,1.8,1.0,184.3,0.242
9.75,7.83,0.0,0.0,0.0,2370.0,2.18,3.679324895,0.85,3M Zn(CF3SO3)2,stainless-steel mesh,10.0,1.8,2.0,163.5,0.242
9.75,7.83,0.0,0.0,0.0,2370.0,2.18,3.679324895,0.85,3M Zn(CF3SO3)2,stainless-steel mesh,10.0,1.8,5.0,156.8,0.242
9.75,7.83,0.0,0.0,0.0,2370.0,2.18,3.679324895,0.85,3M Zn(CF3SO3)2,stainless-steel mesh,10.0,1.8,10.0,151.9,0.242
9.75,7.83,0.0,0.0,0.0,2370.0,2.18,3.679324895,0.85,3M Zn(CF3SO3)2,stainless-steel mesh,10.0,1.8,20.0,149.2,0.242
4.41,12.14,0.0,0.0,0.0,494.0,0.27,2.186234818,3.1,2M ZnSO4,stainless steel,1.0,1.6,0.2,138.5,0.62962963
4.41,12.14,0.0,0.0,0.0,494.0,0.27,2.186234818,3.1,2M ZnSO4,stainless steel,1.0,1.6,0.5,112.9,0.62962963
4.41,12.14,0.0,0.0,0.0,494.0,0.27,2.186234818,3.1,2M ZnSO4,stainless steel,1.0,1.6,1.0,98.1,0.62962963
4.41,12.14,0.0,0.0,0.0,494.0,0.27,2.186234818,3.1,2M ZnSO4,stainless steel,1.0,1.6,2.0,89.3,0.62962963
4.41,12.14,0.0,0.0,0.0,494.0,0.27,2.186234818,3.1,2M ZnSO4,stainless steel,1.0,1.6,5.0,77.6,0.62962963
4.41,12.14,0.0,0.0,0.0,494.0,0.27,2.186234818,3.1,2M ZnSO4,stainless steel,1.0,1.6,10.0,69.0,0.62962963
4.41,12.14,0.0,0.0,0.0,494.0,0.27,2.186234818,3.1,2M ZnSO4,stainless steel,1.0,1.6,20.0,61.8,0.62962963
4.41,12.14,0.0,0.0,0.0,494.0,0.27,2.186234818,3.1,2M ZnSO4,stainless steel,1.0,1.6,40.0,48.7,0.62962963
4.41,12.14,0.0,0.0,0.0,494.0,0.27,2.186234818,3.1,2M ZnSO4,stainless steel,1.0,1.6,60.0,38.7,0.62962963
4.41,12.14,0.0,0.0,0.0,494.0,0.27,2.186234818,3.1,2M ZnSO4,stainless steel,1.0,1.6,80.0,28.8,0.62962963
5.51,5.19,0.0,0.0,0.0,642.0,0.58,3.613707165,3.5,2M ZnSO4,stainless steel,1.0,1.6,0.2,149.9,0.155172414
5.51,5.19,0.0,0.0,0.0,642.0,0.58,3.613707165,3.5,2M ZnSO4,stainless steel,1.0,1.6,0.5,128.2,0.155172414
5.51,5.19,0.0,0.0,0.0,642.0,0.58,3.613707165,3.5,2M ZnSO4,stainless steel,1.0,1.6,1.0,112.4,0.155172414
5.51,5.19,0.0,0.0,0.0,642.0,0.58,3.613707165,3.5,2M ZnSO4,stainless steel,1.0,1.6,2.0,102.5,0.155172414
5.51,5.19,0.0,0.0,0.0,642.0,0.58,3.613707165,3.5,2M ZnSO4,stainless steel,1.0,1.6,5.0,90.9,0.155172414
5.51,5.19,0.0,0.0,0.0,642.0,0.58,3.613707165,3.5,2M ZnSO4,stainless steel,1.0,1.6,10.0,83.2,0.155172414
5.51,5.19,0.0,0.0,0.0,642.0,0.58,3.613707165,3.5,2M ZnSO4,stainless steel,1.0,1.6,20.0,73.8,0.155172414
5.51,5.19,0.0,0.0,0.0,642.0,0.58,3.613707165,3.5,2M ZnSO4,stainless steel,1.0,1.6,40.0,63.3,0.155172414
5.51,5.19,0.0,0.0,0.0,642.0,0.58,3.613707165,3.5,2M ZnSO4,stainless steel,1.0,1.6,60.0,55.4,0.155172414
5.51,5.19,0.0,0.0,0.0,642.0,0.58,3.613707165,3.5,2M ZnSO4,stainless steel,1.0,1.6,80.0,46.9,0.155172414
11.74,6.67,0.0,0.0,4.7,1702.0,1.29,3.03172738,4.4,2M ZnSO4,stainless steel,1.0,1.6,0.2,212.0,0.403100775
11.74,6.67,0.0,0.0,4.7,1702.0,1.29,3.03172738,4.4,2M ZnSO4,stainless steel,1.0,1.6,0.5,189.9,0.403100775
11.74,6.67,0.0,0.0,4.7,1702.0,1.29,3.03172738,4.4,2M ZnSO4,stainless steel,1.0,1.6,1.0,171.8,0.403100775
11.74,6.67,0.0,0.0,4.7,1702.0,1.29,3.03172738,4.4,2M ZnSO4,stainless steel,1.0,1.6,2.0,155.1,0.403100775
11.74,6.67,0.0,0.0,4.7,1702.0,1.29,3.03172738,4.4,2M ZnSO4,stainless steel,1.0,1.6,5.0,145.9,0.403100775
11.74,6.67,0.0,0.0,4.7,1702.0,1.29,3.03172738,4.4,2M ZnSO4,stainless steel,1.0,1.6,10.0,134.2,0.403100775
11.74,6.67,0.0,0.0,4.7,1702.0,1.29,3.03172738,4.4,2M ZnSO4,stainless steel,1.0,1.6,20.0,126.2,0.403100775
11.74,6.67,0.0,0.0,4.7,1702.0,1.29,3.03172738,4.4,2M ZnSO4,stainless steel,1.0,1.6,40.0,114.0,0.403100775
11.74,6.67,0.0,0.0,4.7,1702.0,1.29,3.03172738,4.4,2M ZnSO4,stainless steel,1.0,1.6,60.0,104.4,0.403100775
11.74,6.67,0.0,0.0,4.7,1702.0,1.29,3.03172738,4.4,2M ZnSO4,stainless steel,1.0,1.6,80.0,93.4,0.403100775
7.41,0.53,0.0,0.0,0.0,1398.16,0.79,2.260113292,0.7,1M ZnSO4,stainless steel,1.0,1.6,0.2,94.6,0.670886076
7.41,0.53,0.0,0.0,0.0,1398.16,0.79,2.260113292,0.7,1M ZnSO4,stainless steel,1.0,1.6,0.5,84.0,0.670886076
7.41,0.53,0.0,0.0,0.0,1398.16,0.79,2.260113292,0.7,1M ZnSO4,stainless steel,1.0,1.6,0.8,80.3,0.670886076
7.41,0.53,0.0,0.0,0.0,1398.16,0.79,2.260113292,0.7,1M ZnSO4,stainless steel,1.0,1.6,1.0,77.9,0.670886076
7.41,0.53,0.0,0.0,0.0,1398.16,0.79,2.260113292,0.7,1M ZnSO4,stainless steel,1.0,1.6,2.0,75.0,0.670886076
7.41,0.53,0.0,0.0,0.0,1398.16,0.79,2.260113292,0.7,1M ZnSO4,stainless steel,1.0,1.6,5.0,71.3,0.670886076
7.41,0.53,0.0,0.0,0.0,1398.16,0.79,2.260113292,0.7,1M ZnSO4,stainless steel,1.0,1.6,8.0,67.5,0.670886076
7.41,0.53,0.0,0.0,0.0,1398.16,0.79,2.260113292,0.7,1M ZnSO4,stainless steel,1.0,1.6,10.0,65.7,0.670886076
6.75,2.16,1.16,0.0,0.0,2363.18,1.33,2.251203886,0.79,1M ZnSO4,stainless steel,1.0,1.6,0.2,135.3,0.398496241
6.75,2.16,1.16,0.0,0.0,2363.18,1.33,2.251203886,0.79,1M ZnSO4,stainless steel,1.0,1.6,0.5,110.1,0.398496241
6.75,2.16,1.16,0.0,0.0,2363.18,1.33,2.251203886,0.79,1M ZnSO4,stainless steel,1.0,1.6,0.8,102.2,0.398496241
6.75,2.16,1.16,0.0,0.0,2363.18,1.33,2.251203886,0.79,1M ZnSO4,stainless steel,1.0,1.6,1.0,99.2,0.398496241
6.75,2.16,1.16,0.0,0.0,2363.18,1.33,2.251203886,0.79,1M ZnSO4,stainless steel,1.0,1.6,2.0,92.6,0.398496241
6.75,2.16,1.16,0.0,0.0,2363.18,1.33,2.251203886,0.79,1M ZnSO4,stainless steel,1.0,1.6,5.0,86.7,0.398496241
6.75,2.16,1.16,0.0,0.0,2363.18,1.33,2.251203886,0.79,1M ZnSO4,stainless steel,1.0,1.6,8.0,83.9,0.398496241
6.75,2.16,1.16,0.0,0.0,2363.18,1.33,2.251203886,0.79,1M ZnSO4,stainless steel,1.0,1.6,10.0,82.0,0.398496241
10.36,3.74,1.11,0.0,0.0,803.95,0.53,2.636979912,0.75,1M ZnSO4,stainless steel,1.0,1.6,0.2,144.6,0.660377358
10.36,3.74,1.11,0.0,0.0,803.95,0.53,2.636979912,0.75,1M ZnSO4,stainless steel,1.0,1.6,0.5,122.9,0.660377358
10.36,3.74,1.11,0.0,0.0,803.95,0.53,2.636979912,0.75,1M ZnSO4,stainless steel,1.0,1.6,0.8,112.8,0.660377358
10.36,3.74,1.11,0.0,0.0,803.95,0.53,2.636979912,0.75,1M ZnSO4,stainless steel,1.0,1.6,1.0,107.1,0.660377358
10.36,3.74,1.11,0.0,0.0,803.95,0.53,2.636979912,0.75,1M ZnSO4,stainless steel,1.0,1.6,2.0,96.7,0.660377358
10.36,3.74,1.11,0.0,0.0,803.95,0.53,2.636979912,0.75,1M ZnSO4,stainless steel,1.0,1.6,5.0,85.6,0.660377358
10.36,3.74,1.11,0.0,0.0,803.95,0.53,2.636979912,0.75,1M ZnSO4,stainless steel,1.0,1.6,8.0,77.1,0.660377358
10.36,3.74,1.11,0.0,0.0,803.95,0.53,2.636979912,0.75,1M ZnSO4,stainless steel,1.0,1.6,10.0,73.1,0.660377358
6.89,1.57,1.05,0.0,0.0,1678.38,1.04,2.478580536,0.82,1M ZnSO4,stainless steel,1.0,1.6,0.2,185.3,0.519230769
6.89,1.57,1.05,0.0,0.0,1678.38,1.04,2.478580536,0.82,1M ZnSO4,stainless steel,1.0,1.6,0.5,134.8,0.519230769
6.89,1.57,1.05,0.0,0.0,1678.38,1.04,2.478580536,0.82,1M ZnSO4,stainless steel,1.0,1.6,0.8,125.0,0.519230769
6.89,1.57,1.05,0.0,0.0,1678.38,1.04,2.478580536,0.82,1M ZnSO4,stainless steel,1.0,1.6,1.0,119.7,0.519230769
6.89,1.57,1.05,0.0,0.0,1678.38,1.04,2.478580536,0.82,1M ZnSO4,stainless steel,1.0,1.6,2.0,111.3,0.519230769
6.89,1.57,1.05,0.0,0.0,1678.38,1.04,2.478580536,0.82,1M ZnSO4,stainless steel,1.0,1.6,5.0,101.5,0.519230769
6.89,1.57,1.05,0.0,0.0,1678.38,1.04,2.478580536,0.82,1M ZnSO4,stainless steel,1.0,1.6,8.0,98.6,0.519230769
6.89,1.57,1.05,0.0,0.0,1678.38,1.04,2.478580536,0.82,1M ZnSO4,stainless steel,1.0,1.6,10.0,95.2,0.519230769
5.49,2.86,1.36,0.0,0.0,1590.46,1.32,3.319794273,0.71,1M ZnSO4,stainless steel,1.0,1.6,0.2,84.0,0.060606061
5.49,2.86,1.36,0.0,0.0,1590.46,1.32,3.319794273,0.71,1M ZnSO4,stainless steel,1.0,1.6,0.5,69.1,0.060606061
5.49,2.86,1.36,0.0,0.0,1590.46,1.32,3.319794273,0.71,1M ZnSO4,stainless steel,1.0,1.6,0.8,64.9,0.060606061
5.49,2.86,1.36,0.0,0.0,1590.46,1.32,3.319794273,0.71,1M ZnSO4,stainless steel,1.0,1.6,1.0,63.0,0.060606061
5.49,2.86,1.36,0.0,0.0,1590.46,1.32,3.319794273,0.71,1M ZnSO4,stainless steel,1.0,1.6,2.0,58.8,0.060606061
5.49,2.86,1.36,0.0,0.0,1590.46,1.32,3.319794273,0.71,1M ZnSO4,stainless steel,1.0,1.6,5.0,56.9,0.060606061
5.49,2.86,1.36,0.0,0.0,1590.46,1.32,3.319794273,0.71,1M ZnSO4,stainless steel,1.0,1.6,8.0,55.1,0.060606061
5.49,2.86,1.36,0.0,0.0,1590.46,1.32,3.319794273,0.71,1M ZnSO4,stainless steel,1.0,1.6,10.0,53.2,0.060606061
3.37,0.0,0.0,0.0,0.0,3252.6,3.428,4.21570436,1.02,1M Zn(CF3SO3)2,stainless-steel mesh,1.0,1.6,0.3,98.2,0.099474912
3.37,0.0,0.0,0.0,0.0,3252.6,3.428,4.21570436,1.02,1M Zn(CF3SO3)2,stainless-steel mesh,1.0,1.6,0.5,94.2,0.099474912
3.37,0.0,0.0,0.0,0.0,3252.6,3.428,4.21570436,1.02,1M Zn(CF3SO3)2,stainless-steel mesh,1.0,1.6,1.0,89.5,0.099474912
3.37,0.0,0.0,0.0,0.0,3252.6,3.428,4.21570436,1.02,1M Zn(CF3SO3)2,stainless-steel mesh,1.0,1.6,3.0,80.1,0.099474912
3.37,0.0,0.0,0.0,0.0,3252.6,3.428,4.21570436,1.02,1M Zn(CF3SO3)2,stainless-steel mesh,1.0,1.6,5.0,76.2,0.099474912
3.37,0.0,0.0,0.0,0.0,3252.6,3.428,4.21570436,1.02,1M Zn(CF3SO3)2,stainless-steel mesh,1.0,1.6,8.0,73.0,0.099474912
3.37,0.0,0.0,0.0,0.0,3252.6,3.428,4.21570436,1.02,1M Zn(CF3SO3)2,stainless-steel mesh,1.0,1.6,10.0,67.9,0.099474912
3.37,0.0,0.0,0.0,0.0,3252.6,3.428,4.21570436,1.02,1M Zn(CF3SO3)2,stainless-steel mesh,1.0,1.6,20.0,61.2,0.099474912
3.37,0.0,0.0,0.0,0.0,3252.6,3.428,4.21570436,1.02,1M Zn(CF3SO3)2,stainless-steel mesh,1.0,1.6,30.0,56.4,0.099474912
2.75,0.95,0.0,0.0,0.0,1687.1,1.75,4.149131646,1.11,1M Zn(CF3SO3)2,stainless-steel mesh,1.0,1.6,0.3,111.6,0.092
2.75,0.95,0.0,0.0,0.0,1687.1,1.75,4.149131646,1.11,1M Zn(CF3SO3)2,stainless-steel mesh,1.0,1.6,0.5,105.1,0.092
2.75,0.95,0.0,0.0,0.0,1687.1,1.75,4.149131646,1.11,1M Zn(CF3SO3)2,stainless-steel mesh,1.0,1.6,1.0,102.0,0.092
2.75,0.95,0.0,0.0,0.0,1687.1,1.75,4.149131646,1.11,1M Zn(CF3SO3)2,stainless-steel mesh,1.0,1.6,3.0,96.6,0.092
2.75,0.95,0.0,0.0,0.0,1687.1,1.75,4.149131646,1.11,1M Zn(CF3SO3)2,stainless-steel mesh,1.0,1.6,5.0,92.4,0.092
2.75,0.95,0.0,0.0,0.0,1687.1,1.75,4.149131646,1.11,1M Zn(CF3SO3)2,stainless-steel mesh,1.0,1.6,8.0,90.0,0.092
2.75,0.95,0.0,0.0,0.0,1687.1,1.75,4.149131646,1.11,1M Zn(CF3SO3)2,stainless-steel mesh,1.0,1.6,10.0,88.5,0.092
2.75,0.95,0.0,0.0,0.0,1687.1,1.75,4.149131646,1.11,1M Zn(CF3SO3)2,stainless-steel mesh,1.0,1.6,20.0,79.9,0.092
2.75,0.95,0.0,0.0,0.0,1687.1,1.75,4.149131646,1.11,1M Zn(CF3SO3)2,stainless-steel mesh,1.0,1.6,30.0,72.4,0.092
1.91,2.99,0.0,0.0,0.0,2330.9,2.756,4.729503625,1.24,1M Zn(CF3SO3)2,stainless-steel mesh,1.0,1.6,0.3,125.3,0.095065312
1.91,2.99,0.0,0.0,0.0,2330.9,2.756,4.729503625,1.24,1M Zn(CF3SO3)2,stainless-steel mesh,1.0,1.6,0.5,117.3,0.095065312
1.91,2.99,0.0,0.0,0.0,2330.9,2.756,4.729503625,1.24,1M Zn(CF3SO3)2,stainless-steel mesh,1.0,1.6,1.0,115.3,0.095065312
1.91,2.99,0.0,0.0,0.0,2330.9,2.756,4.729503625,1.24,1M Zn(CF3SO3)2,stainless-steel mesh,1.0,1.6,3.0,105.9,0.095065312
1.91,2.99,0.0,0.0,0.0,2330.9,2.756,4.729503625,1.24,1M Zn(CF3SO3)2,stainless-steel mesh,1.0,1.6,5.0,99.8,0.095065312
1.91,2.99,0.0,0.0,0.0,2330.9,2.756,4.729503625,1.24,1M Zn(CF3SO3)2,stainless-steel mesh,1.0,1.6,8.0,97.5,0.095065312
1.91,2.99,0.0,0.0,0.0,2330.9,2.756,4.729503625,1.24,1M Zn(CF3SO3)2,stainless-steel mesh,1.0,1.6,10.0,94.5,0.095065312
1.91,2.99,0.0,0.0,0.0,2330.9,2.756,4.729503625,1.24,1M Zn(CF3SO3)2,stainless-steel mesh,1.0,1.6,20.0,88.9,0.095065312
1.91,2.99,0.0,0.0,0.0,2330.9,2.756,4.729503625,1.24,1M Zn(CF3SO3)2,stainless-steel mesh,1.0,1.6,30.0,83.1,0.095065312
1.9,1.3,0.0,0.0,0.0,1317.4,1.384,4.202216487,1.05,1M Zn(CF3SO3)2,stainless-steel mesh,1.0,1.6,0.3,107.6,0.11199422
1.9,1.3,0.0,0.0,0.0,1317.4,1.384,4.202216487,1.05,1M Zn(CF3SO3)2,stainless-steel mesh,1.0,1.6,0.5,103.0,0.11199422
1.9,1.3,0.0,0.0,0.0,1317.4,1.384,4.202216487,1.05,1M Zn(CF3SO3)2,stainless-steel mesh,1.0,1.6,1.0,99.7,0.11199422
1.9,1.3,0.0,0.0,0.0,1317.4,1.384,4.202216487,1.05,1M Zn(CF3SO3)2,stainless-steel mesh,1.0,1.6,3.0,91.6,0.11199422
1.9,1.3,0.0,0.0,0.0,1317.4,1.384,4.202216487,1.05,1M Zn(CF3SO3)2,stainless-steel mesh,1.0,1.6,5.0,88.7,0.11199422
1.9,1.3,0.0,0.0,0.0,1317.4,1.384,4.202216487,1.05,1M Zn(CF3SO3)2,stainless-steel mesh,1.0,1.6,8.0,82.4,0.11199422
1.9,1.3,0.0,0.0,0.0,1317.4,1.384,4.202216487,1.05,1M Zn(CF3SO3)2,stainless-steel mesh,1.0,1.6,10.0,79.6,0.11199422
1.9,1.3,0.0,0.0,0.0,1317.4,1.384,4.202216487,1.05,1M Zn(CF3SO3)2,stainless-steel mesh,1.0,1.6,20.0,71.9,0.11199422
1.9,1.3,0.0,0.0,0.0,1317.4,1.384,4.202216487,1.05,1M Zn(CF3SO3)2,stainless-steel mesh,1.0,1.6,30.0,63.1,0.11199422
9.92,0.0,0.0,0.0,0.0,1667.33,1.23,2.950825571,1.1,2M ZnSO4,stainless-steel mesh,1.5,1.6,0.5,101.2,0.528455285
9.92,0.0,0.0,0.0,0.0,1667.33,1.23,2.950825571,1.1,2M ZnSO4,stainless-steel mesh,1.5,1.6,1.0,92.4,0.528455285
9.92,0.0,0.0,0.0,0.0,1667.33,1.23,2.950825571,1.1,2M ZnSO4,stainless-steel mesh,1.5,1.6,2.0,84.3,0.528455285
9.92,0.0,0.0,0.0,0.0,1667.33,1.23,2.950825571,1.1,2M ZnSO4,stainless-steel mesh,1.5,1.6,3.0,79.8,0.528455285
9.92,0.0,0.0,0.0,0.0,1667.33,1.23,2.950825571,1.1,2M ZnSO4,stainless-steel mesh,1.5,1.6,4.0,77.2,0.528455285
9.92,0.0,0.0,0.0,0.0,1667.33,1.23,2.950825571,1.1,2M ZnSO4,stainless-steel mesh,1.5,1.6,5.0,75.8,0.528455285
9.92,0.0,0.0,0.0,0.0,1667.33,1.23,2.950825571,1.1,2M ZnSO4,stainless-steel mesh,1.5,1.6,10.0,68.2,0.528455285
9.92,0.0,0.0,0.0,0.0,1667.33,1.23,2.950825571,1.1,2M ZnSO4,stainless-steel mesh,1.5,1.6,20.0,61.0,0.528455285
9.53,0.0,0.0,2.59,0.0,1886.8,1.23,2.60758957,1.13,2M ZnSO4,stainless-steel mesh,1.5,1.6,0.5,113.3,0.56097561
9.53,0.0,0.0,2.59,0.0,1886.8,1.23,2.60758957,1.13,2M ZnSO4,stainless-steel mesh,1.5,1.6,1.0,104.9,0.56097561
9.53,0.0,0.0,2.59,0.0,1886.8,1.23,2.60758957,1.13,2M ZnSO4,stainless-steel mesh,1.5,1.6,2.0,97.5,0.56097561
9.53,0.0,0.0,2.59,0.0,1886.8,1.23,2.60758957,1.13,2M ZnSO4,stainless-steel mesh,1.5,1.6,3.0,93.4,0.56097561
9.53,0.0,0.0,2.59,0.0,1886.8,1.23,2.60758957,1.13,2M ZnSO4,stainless-steel mesh,1.5,1.6,4.0,89.9,0.56097561
9.53,0.0,0.0,2.59,0.0,1886.8,1.23,2.60758957,1.13,2M ZnSO4,stainless-steel mesh,1.5,1.6,5.0,87.0,0.56097561
9.53,0.0,0.0,2.59,0.0,1886.8,1.23,2.60758957,1.13,2M ZnSO4,stainless-steel mesh,1.5,1.6,10.0,78.5,0.56097561
9.53,0.0,0.0,2.59,0.0,1886.8,1.23,2.60758957,1.13,2M ZnSO4,stainless-steel mesh,1.5,1.6,20.0,66.0,0.56097561
9.44,0.8,0.0,0.0,0.0,2295.25,1.63,2.840649167,1.18,2M ZnSO4,stainless-steel mesh,1.5,1.6,0.5,114.1,0.558282209
9.44,0.8,0.0,0.0,0.0,2295.25,1.63,2.840649167,1.18,2M ZnSO4,stainless-steel mesh,1.5,1.6,1.0,103.4,0.558282209
9.44,0.8,0.0,0.0,0.0,2295.25,1.63,2.840649167,1.18,2M ZnSO4,stainless-steel mesh,1.5,1.6,2.0,94.5,0.558282209
9.44,0.8,0.0,0.0,0.0,2295.25,1.63,2.840649167,1.18,2M ZnSO4,stainless-steel mesh,1.5,1.6,3.0,90.0,0.558282209
9.44,0.8,0.0,0.0,0.0,2295.25,1.63,2.840649167,1.18,2M ZnSO4,stainless-steel mesh,1.5,1.6,4.0,86.4,0.558282209
9.44,0.8,0.0,0.0,0.0,2295.25,1.63,2.840649167,1.18,2M ZnSO4,stainless-steel mesh,1.5,1.6,5.0,84.0,0.558282209
9.44,0.8,0.0,0.0,0.0,2295.25,1.63,2.840649167,1.18,2M ZnSO4,stainless-steel mesh,1.5,1.6,10.0,74.4,0.558282209
9.44,0.8,0.0,0.0,0.0,2295.25,1.63,2.840649167,1.18,2M ZnSO4,stainless-steel mesh,1.5,1.6,20.0,62.2,0.558282209
9.05,1.32,0.0,1.67,0.0,2773.02,1.91,2.755118968,1.19,2M ZnSO4,stainless-steel mesh,1.5,1.6,0.5,135.0,0.57591623
9.05,1.32,0.0,1.67,0.0,2773.02,1.91,2.755118968,1.19,2M ZnSO4,stainless-steel mesh,1.5,1.6,1.0,120.8,0.57591623
9.05,1.32,0.0,1.67,0.0,2773.02,1.91,2.755118968,1.19,2M ZnSO4,stainless-steel mesh,1.5,1.6,2.0,106.0,0.57591623
9.05,1.32,0.0,1.67,0.0,2773.02,1.91,2.755118968,1.19,2M ZnSO4,stainless-steel mesh,1.5,1.6,3.0,100.5,0.57591623
9.05,1.32,0.0,1.67,0.0,2773.02,1.91,2.755118968,1.19,2M ZnSO4,stainless-steel mesh,1.5,1.6,4.0,97.1,0.57591623
9.05,1.32,0.0,1.67,0.0,2773.02,1.91,2.755118968,1.19,2M ZnSO4,stainless-steel mesh,1.5,1.6,5.0,95.0,0.57591623
9.05,1.32,0.0,1.67,0.0,2773.02,1.91,2.755118968,1.19,2M ZnSO4,stainless-steel mesh,1.5,1.6,10.0,88.8,0.57591623
9.05,1.32,0.0,1.67,0.0,2773.02,1.91,2.755118968,1.19,2M ZnSO4,stainless-steel mesh,1.5,1.6,20.0,81.6,0.57591623
9.71,5.41,0.0,0.0,0.0,670.0,0.72,4.298507463,1.89,3M Zn(CF3SO3)2,stainless-steel mesh,1.5,1.7,0.1,122.4,0.597222222
9.71,5.41,0.0,0.0,0.0,670.0,0.72,4.298507463,1.89,3M Zn(CF3SO3)2,stainless-steel mesh,1.5,1.7,0.2,92.4,0.597222222
9.71,5.41,0.0,0.0,0.0,670.0,0.72,4.298507463,1.89,3M Zn(CF3SO3)2,stainless-steel mesh,1.5,1.7,0.5,79.7,0.597222222
9.71,5.41,0.0,0.0,0.0,670.0,0.72,4.298507463,1.89,3M Zn(CF3SO3)2,stainless-steel mesh,1.5,1.7,1.0,72.7,0.597222222
9.71,5.41,0.0,0.0,0.0,670.0,0.72,4.298507463,1.89,3M Zn(CF3SO3)2,stainless-steel mesh,1.5,1.7,2.0,68.4,0.597222222
9.71,5.41,0.0,0.0,0.0,670.0,0.72,4.298507463,1.89,3M Zn(CF3SO3)2,stainless-steel mesh,1.5,1.7,5.0,61.1,0.597222222
9.71,5.41,0.0,0.0,0.0,670.0,0.72,4.298507463,1.89,3M Zn(CF3SO3)2,stainless-steel mesh,1.5,1.7,10.0,55.7,0.597222222
9.71,5.41,0.0,0.0,0.0,670.0,0.72,4.298507463,1.89,3M Zn(CF3SO3)2,stainless-steel mesh,1.5,1.7,20.0,49.1,0.597222222
9.71,5.41,0.0,0.0,0.0,670.0,0.72,4.298507463,1.89,3M Zn(CF3SO3)2,stainless-steel mesh,1.5,1.7,40.0,43.7,0.597222222
9.71,5.41,0.0,0.0,0.0,670.0,0.72,4.298507463,1.89,3M Zn(CF3SO3)2,stainless-steel mesh,1.5,1.7,50.0,42.2,0.597222222
7.21,3.67,0.0,0.0,0.0,1777.0,1.56,3.511536297,2.0,3M Zn(CF3SO3)2,stainless-steel mesh,1.5,1.7,0.1,153.4,0.576923077
7.21,3.67,0.0,0.0,0.0,1777.0,1.56,3.511536297,2.0,3M Zn(CF3SO3)2,stainless-steel mesh,1.5,1.7,0.2,117.6,0.576923077
7.21,3.67,0.0,0.0,0.0,1777.0,1.56,3.511536297,2.0,3M Zn(CF3SO3)2,stainless-steel mesh,1.5,1.7,0.5,101.3,0.576923077
7.21,3.67,0.0,0.0,0.0,1777.0,1.56,3.511536297,2.0,3M Zn(CF3SO3)2,stainless-steel mesh,1.5,1.7,1.0,93.9,0.576923077
7.21,3.67,0.0,0.0,0.0,1777.0,1.56,3.511536297,2.0,3M Zn(CF3SO3)2,stainless-steel mesh,1.5,1.7,2.0,90.1,0.576923077
7.21,3.67,0.0,0.0,0.0,1777.0,1.56,3.511536297,2.0,3M Zn(CF3SO3)2,stainless-steel mesh,1.5,1.7,5.0,83.1,0.576923077
7.21,3.67,0.0,0.0,0.0,1777.0,1.56,3.511536297,2.0,3M Zn(CF3SO3)2,stainless-steel mesh,1.5,1.7,10.0,77.7,0.576923077
7.21,3.67,0.0,0.0,0.0,1777.0,1.56,3.511536297,2.0,3M Zn(CF3SO3)2,stainless-steel mesh,1.5,1.7,20.0,72.3,0.576923077
7.21,3.67,0.0,0.0,0.0,1777.0,1.56,3.511536297,2.0,3M Zn(CF3SO3)2,stainless-steel mesh,1.5,1.7,40.0,66.9,0.576923077
7.21,3.67,0.0,0.0,0.0,1777.0,1.56,3.511536297,2.0,3M Zn(CF3SO3)2,stainless-steel mesh,1.5,1.7,50.0,64.2,0.576923077
8.35,2.41,0.0,0.0,0.0,2511.0,2.17,3.456790123,2.07,3M Zn(CF3SO3)2,stainless-steel mesh,1.5,1.7,0.1,191.4,0.437788018
8.35,2.41,0.0,0.0,0.0,2511.0,2.17,3.456790123,2.07,3M Zn(CF3SO3)2,stainless-steel mesh,1.5,1.7,0.2,167.7,0.437788018
8.35,2.41,0.0,0.0,0.0,2511.0,2.17,3.456790123,2.07,3M Zn(CF3SO3)2,stainless-steel mesh,1.5,1.7,0.5,149.1,0.437788018
8.35,2.41,0.0,0.0,0.0,2511.0,2.17,3.456790123,2.07,3M Zn(CF3SO3)2,stainless-steel mesh,1.5,1.7,1.0,138.4,0.437788018
8.35,2.41,0.0,0.0,0.0,2511.0,2.17,3.456790123,2.07,3M Zn(CF3SO3)2,stainless-steel mesh,1.5,1.7,2.0,130.8,0.437788018
8.35,2.41,0.0,0.0,0.0,2511.0,2.17,3.456790123,2.07,3M Zn(CF3SO3)2,stainless-steel mesh,1.5,1.7,5.0,123.6,0.437788018
8.35,2.41,0.0,0.0,0.0,2511.0,2.17,3.456790123,2.07,3M Zn(CF3SO3)2,stainless-steel mesh,1.5,1.7,10.0,116.7,0.437788018
8.35,2.41,0.0,0.0,0.0,2511.0,2.17,3.456790123,2.07,3M Zn(CF3SO3)2,stainless-steel mesh,1.5,1.7,20.0,113.8,0.437788018
8.35,2.41,0.0,0.0,0.0,2511.0,2.17,3.456790123,2.07,3M Zn(CF3SO3)2,stainless-steel mesh,1.5,1.7,40.0,105.6,0.437788018
8.35,2.41,0.0,0.0,0.0,2511.0,2.17,3.456790123,2.07,3M Zn(CF3SO3)2,stainless-steel mesh,1.5,1.7,50.0,99.9,0.437788018
6.98,2.3,0.0,0.0,0.0,2353.0,2.14,3.637909052,2.18,3M Zn(CF3SO3)2,stainless-steel mesh,1.5,1.7,0.1,158.6,0.378504673
6.98,2.3,0.0,0.0,0.0,2353.0,2.14,3.637909052,2.18,3M Zn(CF3SO3)2,stainless-steel mesh,1.5,1.7,0.2,127.2,0.378504673
6.98,2.3,0.0,0.0,0.0,2353.0,2.14,3.637909052,2.18,3M Zn(CF3SO3)2,stainless-steel mesh,1.5,1.7,0.5,112.1,0.378504673
6.98,2.3,0.0,0.0,0.0,2353.0,2.14,3.637909052,2.18,3M Zn(CF3SO3)2,stainless-steel mesh,1.5,1.7,1.0,104.0,0.378504673
6.98,2.3,0.0,0.0,0.0,2353.0,2.14,3.637909052,2.18,3M Zn(CF3SO3)2,stainless-steel mesh,1.5,1.7,2.0,99.3,0.378504673
6.98,2.3,0.0,0.0,0.0,2353.0,2.14,3.637909052,2.18,3M Zn(CF3SO3)2,stainless-steel mesh,1.5,1.7,5.0,91.6,0.378504673
6.98,2.3,0.0,0.0,0.0,2353.0,2.14,3.637909052,2.18,3M Zn(CF3SO3)2,stainless-steel mesh,1.5,1.7,10.0,86.2,0.378504673
6.98,2.3,0.0,0.0,0.0,2353.0,2.14,3.637909052,2.18,3M Zn(CF3SO3)2,stainless-steel mesh,1.5,1.7,20.0,81.6,0.378504673
6.98,2.3,0.0,0.0,0.0,2353.0,2.14,3.637909052,2.18,3M Zn(CF3SO3)2,stainless-steel mesh,1.5,1.7,40.0,76.1,0.378504673
6.98,2.3,0.0,0.0,0.0,2353.0,2.14,3.637909052,2.18,3M Zn(CF3SO3)2,stainless-steel mesh,1.5,1.7,50.0,73.9,0.378504673
15.55,2.61,0.0,0.0,0.0,3139.2,1.74,2.217125382,1.02,2M ZnSO4,graphite paper,1.0,1.6,0.1,189.4,0.557471264
15.55,2.61,0.0,0.0,0.0,3139.2,1.74,2.217125382,1.02,2M ZnSO4,graphite paper,1.0,1.6,0.2,155.0,0.557471264
15.55,2.61,0.0,0.0,0.0,3139.2,1.74,2.217125382,1.02,2M ZnSO4,graphite paper,1.0,1.6,0.5,136.6,0.557471264
15.55,2.61,0.0,0.0,0.0,3139.2,1.74,2.217125382,1.02,2M ZnSO4,graphite paper,1.0,1.6,1.0,126.1,0.557471264
15.55,2.61,0.0,0.0,0.0,3139.2,1.74,2.217125382,1.02,2M ZnSO4,graphite paper,1.0,1.6,2.0,117.1,0.557471264
15.55,2.61,0.0,0.0,0.0,3139.2,1.74,2.217125382,1.02,2M ZnSO4,graphite paper,1.0,1.6,3.0,112.5,0.557471264
15.55,2.61,0.0,0.0,0.0,3139.2,1.74,2.217125382,1.02,2M ZnSO4,graphite paper,1.0,1.6,4.0,109.3,0.557471264
15.55,2.61,0.0,0.0,0.0,3139.2,1.74,2.217125382,1.02,2M ZnSO4,graphite paper,1.0,1.6,5.0,106.7,0.557471264
15.55,2.61,0.0,0.0,0.0,3139.2,1.74,2.217125382,1.02,2M ZnSO4,graphite paper,1.0,1.6,7.0,103.6,0.557471264
15.55,2.61,0.0,0.0,0.0,3139.2,1.74,2.217125382,1.02,2M ZnSO4,graphite paper,1.0,1.6,10.0,100.0,0.557471264
15.55,2.61,0.0,0.0,0.0,3139.2,1.74,2.217125382,1.02,2M ZnSO4,graphite paper,1.0,1.6,14.0,97.2,0.557471264
15.55,2.61,0.0,0.0,0.0,3139.2,1.74,2.217125382,1.02,2M ZnSO4,graphite paper,1.0,1.6,20.0,94.2,0.557471264
15.55,2.61,0.0,0.0,0.0,3139.2,1.74,2.217125382,1.02,2M ZnSO4,graphite paper,1.0,1.6,50.0,84.2,0.557471264
15.55,2.61,0.0,0.0,0.0,3139.2,1.74,2.217125382,1.02,2M ZnSO4,graphite paper,1.0,1.6,70.0,66.9,0.557471264
15.55,2.61,0.0,0.0,0.0,3139.2,1.74,2.217125382,1.02,2M ZnSO4,graphite paper,1.0,1.6,100.0,59.4,0.557471264
12.89,3.05,0.0,0.0,0.0,3224.9,1.93,2.393872678,0.94,2M ZnSO4,graphite paper,1.0,1.6,0.1,225.3,0.481865285
12.89,3.05,0.0,0.0,0.0,3224.9,1.93,2.393872678,0.94,2M ZnSO4,graphite paper,1.0,1.6,0.2,196.8,0.481865285
12.89,3.05,0.0,0.0,0.0,3224.9,1.93,2.393872678,0.94,2M ZnSO4,graphite paper,1.0,1.6,0.5,174.3,0.481865285
12.89,3.05,0.0,0.0,0.0,3224.9,1.93,2.393872678,0.94,2M ZnSO4,graphite paper,1.0,1.6,1.0,161.1,0.481865285
12.89,3.05,0.0,0.0,0.0,3224.9,1.93,2.393872678,0.94,2M ZnSO4,graphite paper,1.0,1.6,2.0,150.8,0.481865285
12.89,3.05,0.0,0.0,0.0,3224.9,1.93,2.393872678,0.94,2M ZnSO4,graphite paper,1.0,1.6,3.0,144.4,0.481865285
12.89,3.05,0.0,0.0,0.0,3224.9,1.93,2.393872678,0.94,2M ZnSO4,graphite paper,1.0,1.6,4.0,141.2,0.481865285
12.89,3.05,0.0,0.0,0.0,3224.9,1.93,2.393872678,0.94,2M ZnSO4,graphite paper,1.0,1.6,5.0,138.6,0.481865285
12.89,3.05,0.0,0.0,0.0,3224.9,1.93,2.393872678,0.94,2M ZnSO4,graphite paper,1.0,1.6,7.0,134.0,0.481865285
12.89,3.05,0.0,0.0,0.0,3224.9,1.93,2.393872678,0.94,2M ZnSO4,graphite paper,1.0,1.6,10.0,129.3,0.481865285
12.89,3.05,0.0,0.0,0.0,3224.9,1.93,2.393872678,0.94,2M ZnSO4,graphite paper,1.0,1.6,14.0,124.5,0.481865285
12.89,3.05,0.0,0.0,0.0,3224.9,1.93,2.393872678,0.94,2M ZnSO4,graphite paper,1.0,1.6,20.0,118.7,0.481865285
12.89,3.05,0.0,0.0,0.0,3224.9,1.93,2.393872678,0.94,2M ZnSO4,graphite paper,1.0,1.6,50.0,103.0,0.481865285
12.89,3.05,0.0,0.0,0.0,3224.9,1.93,2.393872678,0.94,2M ZnSO4,graphite paper,1.0,1.6,70.0,88.8,0.481865285
12.89,3.05,0.0,0.0,0.0,3224.9,1.93,2.393872678,0.94,2M ZnSO4,graphite paper,1.0,1.6,100.0,73.8,0.481865285
10.45,2.44,0.0,0.0,0.0,2993.2,1.71,2.285179741,0.91,2M ZnSO4,graphite paper,1.0,1.6,0.1,193.0,0.532163743
10.45,2.44,0.0,0.0,0.0,2993.2,1.71,2.285179741,0.91,2M ZnSO4,graphite paper,1.0,1.6,0.2,160.1,0.532163743
10.45,2.44,0.0,0.0,0.0,2993.2,1.71,2.285179741,0.91,2M ZnSO4,graphite paper,1.0,1.6,0.5,141.2,0.532163743
10.45,2.44,0.0,0.0,0.0,2993.2,1.71,2.285179741,0.91,2M ZnSO4,graphite paper,1.0,1.6,1.0,129.3,0.532163743
10.45,2.44,0.0,0.0,0.0,2993.2,1.71,2.285179741,0.91,2M ZnSO4,graphite paper,1.0,1.6,2.0,120.9,0.532163743
10.45,2.44,0.0,0.0,0.0,2993.2,1.71,2.285179741,0.91,2M ZnSO4,graphite paper,1.0,1.6,3.0,116.7,0.532163743
10.45,2.44,0.0,0.0,0.0,2993.2,1.71,2.285179741,0.91,2M ZnSO4,graphite paper,1.0,1.6,4.0,112.9,0.532163743
10.45,2.44,0.0,0.0,0.0,2993.2,1.71,2.285179741,0.91,2M ZnSO4,graphite paper,1.0,1.6,5.0,110.9,0.532163743
10.45,2.44,0.0,0.0,0.0,2993.2,1.71,2.285179741,0.91,2M ZnSO4,graphite paper,1.0,1.6,7.0,108.3,0.532163743
10.45,2.44,0.0,0.0,0.0,2993.2,1.71,2.285179741,0.91,2M ZnSO4,graphite paper,1.0,1.6,10.0,104.5,0.532163743
10.45,2.44,0.0,0.0,0.0,2993.2,1.71,2.285179741,0.91,2M ZnSO4,graphite paper,1.0,1.6,14.0,102.0,0.532163743
10.45,2.44,0.0,0.0,0.0,2993.2,1.71,2.285179741,0.91,2M ZnSO4,graphite paper,1.0,1.6,20.0,99.4,0.532163743
10.45,2.44,0.0,0.0,0.0,2993.2,1.71,2.285179741,0.91,2M ZnSO4,graphite paper,1.0,1.6,50.0,91.0,0.532163743
10.45,2.44,0.0,0.0,0.0,2993.2,1.71,2.285179741,0.91,2M ZnSO4,graphite paper,1.0,1.6,70.0,79.4,0.532163743
10.45,2.44,0.0,0.0,0.0,2993.2,1.71,2.285179741,0.91,2M ZnSO4,graphite paper,1.0,1.6,100.0,70.2,0.532163743
6.2,1.6,0.0,0.0,0.0,2691.29,1.77,2.630708694,1.088,2M ZnSO4,stainless-steel mesh,1.1,1.79,0.1,189.3,0.327683616
6.2,1.6,0.0,0.0,0.0,2691.29,1.77,2.630708694,1.088,2M ZnSO4,stainless-steel mesh,1.1,1.79,0.2,160.1,0.327683616
6.2,1.6,0.0,0.0,0.0,2691.29,1.77,2.630708694,1.088,2M ZnSO4,stainless-steel mesh,1.1,1.79,0.5,133.8,0.327683616
6.2,1.6,0.0,0.0,0.0,2691.29,1.77,2.630708694,1.088,2M ZnSO4,stainless-steel mesh,1.1,1.79,1.0,123.8,0.327683616
6.2,1.6,0.0,0.0,0.0,2691.29,1.77,2.630708694,1.088,2M ZnSO4,stainless-steel mesh,1.1,1.79,2.0,116.1,0.327683616
6.2,1.6,0.0,0.0,0.0,2691.29,1.77,2.630708694,1.088,2M ZnSO4,stainless-steel mesh,1.1,1.79,5.0,106.5,0.327683616
6.2,1.6,0.0,0.0,0.0,2691.29,1.77,2.630708694,1.088,2M ZnSO4,stainless-steel mesh,1.1,1.79,10.0,101.1,0.327683616
6.2,1.6,0.0,0.0,0.0,2691.29,1.77,2.630708694,1.088,2M ZnSO4,stainless-steel mesh,1.1,1.79,20.0,96.7,0.327683616
8.2,0.0,0.0,0.0,0.0,1500.0,0.78,2.08,1.01,1M ZnSO4,stainless-steel mesh,2.0,1.6,0.5,89.33333333,0.692307692
8.2,0.0,0.0,0.0,0.0,1500.0,0.78,2.08,1.01,1M ZnSO4,stainless-steel mesh,2.0,1.6,1.0,80.44444444,0.692307692
8.2,0.0,0.0,0.0,0.0,1500.0,0.78,2.08,1.01,1M ZnSO4,stainless-steel mesh,2.0,1.6,2.0,76.44444444,0.692307692
8.2,0.0,0.0,0.0,0.0,1500.0,0.78,2.08,1.01,1M ZnSO4,stainless-steel mesh,2.0,1.6,5.0,71.11111111,0.692307692
8.2,0.0,0.0,0.0,0.0,1500.0,0.78,2.08,1.01,1M ZnSO4,stainless-steel mesh,2.0,1.6,10.0,65.77777778,0.692307692
8.2,0.0,0.0,0.0,0.0,1500.0,0.78,2.08,1.01,1M ZnSO4,stainless-steel mesh,2.0,1.6,20.0,58.22222222,0.692307692
8.2,0.0,0.0,0.0,0.0,1500.0,0.78,2.08,1.01,1M ZnSO4,stainless-steel mesh,2.0,1.6,50.0,44.88888889,0.692307692
8.2,0.0,0.0,0.0,0.0,1500.0,0.78,2.08,1.01,1M ZnSO4,stainless-steel mesh,2.0,1.6,100.0,18.22222222,0.692307692
6.3,0.0,0.0,0.0,0.0,1886.0,0.93,1.97242842,1.04,1M ZnSO4,stainless-steel mesh,2.0,1.6,0.5,81.77777778,0.709677419
6.3,0.0,0.0,0.0,0.0,1886.0,0.93,1.97242842,1.04,1M ZnSO4,stainless-steel mesh,2.0,1.6,1.0,76.0,0.709677419
6.3,0.0,0.0,0.0,0.0,1886.0,0.93,1.97242842,1.04,1M ZnSO4,stainless-steel mesh,2.0,1.6,2.0,67.11111111,0.709677419
6.3,0.0,0.0,0.0,0.0,1886.0,0.93,1.97242842,1.04,1M ZnSO4,stainless-steel mesh,2.0,1.6,5.0,62.22222222,0.709677419
6.3,0.0,0.0,0.0,0.0,1886.0,0.93,1.97242842,1.04,1M ZnSO4,stainless-steel mesh,2.0,1.6,10.0,56.44444444,0.709677419
6.3,0.0,0.0,0.0,0.0,1886.0,0.93,1.97242842,1.04,1M ZnSO4,stainless-steel mesh,2.0,1.6,20.0,50.66666667,0.709677419
6.3,0.0,0.0,0.0,0.0,1886.0,0.93,1.97242842,1.04,1M ZnSO4,stainless-steel mesh,2.0,1.6,50.0,40.88888889,0.709677419
6.3,0.0,0.0,0.0,0.0,1886.0,0.93,1.97242842,1.04,1M ZnSO4,stainless-steel mesh,2.0,1.6,100.0,28.44444444,0.709677419
6.8,0.0,0.0,0.0,0.0,1410.0,0.77,2.184397163,1.09,1M ZnSO4,stainless-steel mesh,2.0,1.6,0.5,136.8888889,0.636363636
6.8,0.0,0.0,0.0,0.0,1410.0,0.77,2.184397163,1.09,1M ZnSO4,stainless-steel mesh,2.0,1.6,1.0,113.3333333,0.636363636
6.8,0.0,0.0,0.0,0.0,1410.0,0.77,2.184397163,1.09,1M ZnSO4,stainless-steel mesh,2.0,1.6,2.0,102.2222222,0.636363636
6.8,0.0,0.0,0.0,0.0,1410.0,0.77,2.184397163,1.09,1M ZnSO4,stainless-steel mesh,2.0,1.6,5.0,92.44444444,0.636363636
6.8,0.0,0.0,0.0,0.0,1410.0,0.77,2.184397163,1.09,1M ZnSO4,stainless-steel mesh,2.0,1.6,10.0,85.77777778,0.636363636
6.8,0.0,0.0,0.0,0.0,1410.0,0.77,2.184397163,1.09,1M ZnSO4,stainless-steel mesh,2.0,1.6,20.0,79.11111111,0.636363636
6.8,0.0,0.0,0.0,0.0,1410.0,0.77,2.184397163,1.09,1M ZnSO4,stainless-steel mesh,2.0,1.6,50.0,72.0,0.636363636
6.8,0.0,0.0,0.0,0.0,1410.0,0.77,2.184397163,1.09,1M ZnSO4,stainless-steel mesh,2.0,1.6,100.0,61.77777778,0.636363636
4.3,0.0,0.0,0.0,0.0,1655.0,0.81,1.957703927,1.05,1M ZnSO4,stainless-steel mesh,2.0,1.6,0.5,73.33333333,0.716049383
4.3,0.0,0.0,0.0,0.0,1655.0,0.81,1.957703927,1.05,1M ZnSO4,stainless-steel mesh,2.0,1.6,1.0,64.44444444,0.716049383
4.3,0.0,0.0,0.0,0.0,1655.0,0.81,1.957703927,1.05,1M ZnSO4,stainless-steel mesh,2.0,1.6,2.0,59.11111111,0.716049383
4.3,0.0,0.0,0.0,0.0,1655.0,0.81,1.957703927,1.05,1M ZnSO4,stainless-steel mesh,2.0,1.6,5.0,54.66666667,0.716049383
4.3,0.0,0.0,0.0,0.0,1655.0,0.81,1.957703927,1.05,1M ZnSO4,stainless-steel mesh,2.0,1.6,10.0,51.55555556,0.716049383
4.3,0.0,0.0,0.0,0.0,1655.0,0.81,1.957703927,1.05,1M ZnSO4,stainless-steel mesh,2.0,1.6,20.0,45.33333333,0.716049383
4.3,0.0,0.0,0.0,0.0,1655.0,0.81,1.957703927,1.05,1M ZnSO4,stainless-steel mesh,2.0,1.6,50.0,41.77777778,0.716049383
4.3,0.0,0.0,0.0,0.0,1655.0,0.81,1.957703927,1.05,1M ZnSO4,stainless-steel mesh,2.0,1.6,100.0,31.55555556,0.716049383
11.54,0.0,0.0,0.47,0.0,2813.0,1.82,2.587984358,1.01,2M ZnSO4,carbon cloth,1.5,1.6,0.5,194.0,0.472527473
11.54,0.0,0.0,0.47,0.0,2813.0,1.82,2.587984358,1.01,2M ZnSO4,carbon cloth,1.5,1.6,1.0,172.0,0.472527473
11.54,0.0,0.0,0.47,0.0,2813.0,1.82,2.587984358,1.01,2M ZnSO4,carbon cloth,1.5,1.6,2.0,152.0,0.472527473
11.54,0.0,0.0,0.47,0.0,2813.0,1.82,2.587984358,1.01,2M ZnSO4,carbon cloth,1.5,1.6,4.0,138.0,0.472527473
11.54,0.0,0.0,0.47,0.0,2813.0,1.82,2.587984358,1.01,2M ZnSO4,carbon cloth,1.5,1.6,6.0,129.0,0.472527473
11.54,0.0,0.0,0.47,0.0,2813.0,1.82,2.587984358,1.01,2M ZnSO4,carbon cloth,1.5,1.6,8.0,123.0,0.472527473
11.54,0.0,0.0,0.47,0.0,2813.0,1.82,2.587984358,1.01,2M ZnSO4,carbon cloth,1.5,1.6,10.0,119.0,0.472527473
11.54,0.0,0.0,0.47,0.0,2813.0,1.82,2.587984358,1.01,2M ZnSO4,carbon cloth,1.5,1.6,15.0,113.0,0.472527473
11.54,0.0,0.0,0.47,0.0,2813.0,1.82,2.587984358,1.01,2M ZnSO4,carbon cloth,1.5,1.6,20.0,108.0,0.472527473
11.54,0.0,0.0,0.47,0.0,2813.0,1.82,2.587984358,1.01,2M ZnSO4,carbon cloth,1.5,1.6,30.0,102.0,0.472527473
6.15,13.57,0.0,0.0,0.0,1274.8,0.551,1.728898651,1.97,2M ZnSO4,stainless-steel mesh,1.0,1.6,0.5,127.5,0.715063521
6.15,13.57,0.0,0.0,0.0,1274.8,0.551,1.728898651,1.97,2M ZnSO4,stainless-steel mesh,1.0,1.6,1.0,117.1,0.715063521
6.15,13.57,0.0,0.0,0.0,1274.8,0.551,1.728898651,1.97,2M ZnSO4,stainless-steel mesh,1.0,1.6,2.0,106.8,0.715063521
6.15,13.57,0.0,0.0,0.0,1274.8,0.551,1.728898651,1.97,2M ZnSO4,stainless-steel mesh,1.0,1.6,5.0,87.8,0.715063521
6.15,13.57,0.0,0.0,0.0,1274.8,0.551,1.728898651,1.97,2M ZnSO4,stainless-steel mesh,1.0,1.6,10.0,67.9,0.715063521
6.15,13.57,0.0,0.0,0.0,1274.8,0.551,1.728898651,1.97,2M ZnSO4,stainless-steel mesh,1.0,1.6,20.0,42.4,0.715063521
6.15,13.57,0.0,0.0,0.0,1274.8,0.551,1.728898651,1.97,2M ZnSO4,stainless-steel mesh,1.0,1.6,30.0,23.9,0.715063521
6.15,13.57,0.0,0.0,0.0,1274.8,0.551,1.728898651,1.97,2M ZnSO4,stainless-steel mesh,1.0,1.6,60.0,17.4,0.715063521
6.82,2.11,0.0,0.0,0.0,3407.6,1.953,2.292522597,2.41,2M ZnSO4,stainless-steel mesh,1.0,1.6,0.5,194.4,0.29390681
6.82,2.11,0.0,0.0,0.0,3407.6,1.953,2.292522597,2.41,2M ZnSO4,stainless-steel mesh,1.0,1.6,1.0,178.5,0.29390681
6.82,2.11,0.0,0.0,0.0,3407.6,1.953,2.292522597,2.41,2M ZnSO4,stainless-steel mesh,1.0,1.6,2.0,165.5,0.29390681
6.82,2.11,0.0,0.0,0.0,3407.6,1.953,2.292522597,2.41,2M ZnSO4,stainless-steel mesh,1.0,1.6,5.0,147.4,0.29390681
6.82,2.11,0.0,0.0,0.0,3407.6,1.953,2.292522597,2.41,2M ZnSO4,stainless-steel mesh,1.0,1.6,10.0,131.8,0.29390681
6.82,2.11,0.0,0.0,0.0,3407.6,1.953,2.292522597,2.41,2M ZnSO4,stainless-steel mesh,1.0,1.6,20.0,113.7,0.29390681
6.82,2.11,0.0,0.0,0.0,3407.6,1.953,2.292522597,2.41,2M ZnSO4,stainless-steel mesh,1.0,1.6,30.0,102.5,0.29390681
6.82,2.11,0.0,0.0,0.0,3407.6,1.953,2.292522597,2.41,2M ZnSO4,stainless-steel mesh,1.0,1.6,60.0,77.9,0.29390681
7.48,2.67,0.0,0.0,0.0,3553.1,2.071,2.331485182,2.79,2M ZnSO4,stainless-steel mesh,1.0,1.6,0.5,199.1,0.266537904
7.48,2.67,0.0,0.0,0.0,3553.1,2.071,2.331485182,2.79,2M ZnSO4,stainless-steel mesh,1.0,1.6,1.0,183.0,0.266537904
7.48,2.67,0.0,0.0,0.0,3553.1,2.071,2.331485182,2.79,2M ZnSO4,stainless-steel mesh,1.0,1.6,2.0,172.4,0.266537904
7.48,2.67,0.0,0.0,0.0,3553.1,2.071,2.331485182,2.79,2M ZnSO4,stainless-steel mesh,1.0,1.6,5.0,159.6,0.266537904
7.48,2.67,0.0,0.0,0.0,3553.1,2.071,2.331485182,2.79,2M ZnSO4,stainless-steel mesh,1.0,1.6,10.0,150.3,0.266537904
7.48,2.67,0.0,0.0,0.0,3553.1,2.071,2.331485182,2.79,2M ZnSO4,stainless-steel mesh,1.0,1.6,20.0,139.9,0.266537904
7.48,2.67,0.0,0.0,0.0,3553.1,2.071,2.331485182,2.79,2M ZnSO4,stainless-steel mesh,1.0,1.6,30.0,130.1,0.266537904
7.48,2.67,0.0,0.0,0.0,3553.1,2.071,2.331485182,2.79,2M ZnSO4,stainless-steel mesh,1.0,1.6,60.0,118.8,0.266537904
6.93,1.98,0.0,0.0,0.0,3415.3,2.482,2.906918865,2.82,2M ZnSO4,stainless-steel mesh,1.0,1.6,0.5,169.3,0.159951652
6.93,1.98,0.0,0.0,0.0,3415.3,2.482,2.906918865,2.82,2M ZnSO4,stainless-steel mesh,1.0,1.6,1.0,155.4,0.159951652
6.93,1.98,0.0,0.0,0.0,3415.3,2.482,2.906918865,2.82,2M ZnSO4,stainless-steel mesh,1.0,1.6,2.0,144.7,0.159951652
6.93,1.98,0.0,0.0,0.0,3415.3,2.482,2.906918865,2.82,2M ZnSO4,stainless-steel mesh,1.0,1.6,5.0,134.0,0.159951652
6.93,1.98,0.0,0.0,0.0,3415.3,2.482,2.906918865,2.82,2M ZnSO4,stainless-steel mesh,1.0,1.6,10.0,125.7,0.159951652
6.93,1.98,0.0,0.0,0.0,3415.3,2.482,2.906918865,2.82,2M ZnSO4,stainless-steel mesh,1.0,1.6,20.0,118.9,0.159951652
6.93,1.98,0.0,0.0,0.0,3415.3,2.482,2.906918865,2.82,2M ZnSO4,stainless-steel mesh,1.0,1.6,30.0,114.5,0.159951652
6.93,1.98,0.0,0.0,0.0,3415.3,2.482,2.906918865,2.82,2M ZnSO4,stainless-steel mesh,1.0,1.6,60.0,105.9,0.159951652
10.58,1.47,0.0,0.0,0.0,2290.0,0.93,1.624454148,0.9567,2M ZnSO4,carbon cloth,1.5,1.6,0.1,74.0,0.88172043
10.58,1.47,0.0,0.0,0.0,2290.0,0.93,1.624454148,0.9567,2M ZnSO4,carbon cloth,1.5,1.6,0.5,60.4,0.88172043
10.58,1.47,0.0,0.0,0.0,2290.0,0.93,1.624454148,0.9567,2M ZnSO4,carbon cloth,1.5,1.6,1.0,53.6,0.88172043
10.58,1.47,0.0,0.0,0.0,2290.0,0.93,1.624454148,0.9567,2M ZnSO4,carbon cloth,1.5,1.6,2.0,43.4,0.88172043
10.58,1.47,0.0,0.0,0.0,2290.0,0.93,1.624454148,0.9567,2M ZnSO4,carbon cloth,1.5,1.6,5.0,37.7,0.88172043
10.58,1.47,0.0,0.0,0.0,2290.0,0.93,1.624454148,0.9567,2M ZnSO4,carbon cloth,1.5,1.6,10.0,28.2,0.88172043
10.58,1.47,0.0,0.0,0.0,2290.0,0.93,1.624454148,0.9567,2M ZnSO4,carbon cloth,1.5,1.6,20.0,14.7,0.88172043
14.26,1.82,0.0,0.0,0.0,3166.0,1.7,2.147820594,1.044,2M ZnSO4,carbon cloth,1.5,1.6,0.1,117.1,0.517647059
14.26,1.82,0.0,0.0,0.0,3166.0,1.7,2.147820594,1.044,2M ZnSO4,carbon cloth,1.5,1.6,0.5,93.5,0.517647059
14.26,1.82,0.0,0.0,0.0,3166.0,1.7,2.147820594,1.044,2M ZnSO4,carbon cloth,1.5,1.6,1.0,81.4,0.517647059
14.26,1.82,0.0,0.0,0.0,3166.0,1.7,2.147820594,1.044,2M ZnSO4,carbon cloth,1.5,1.6,2.0,67.0,0.517647059
14.26,1.82,0.0,0.0,0.0,3166.0,1.7,2.147820594,1.044,2M ZnSO4,carbon cloth,1.5,1.6,5.0,58.7,0.517647059
14.26,1.82,0.0,0.0,0.0,3166.0,1.7,2.147820594,1.044,2M ZnSO4,carbon cloth,1.5,1.6,10.0,49.5,0.517647059
14.26,1.82,0.0,0.0,0.0,3166.0,1.7,2.147820594,1.044,2M ZnSO4,carbon cloth,1.5,1.6,20.0,45.8,0.517647059
14.02,1.93,0.0,0.0,0.0,3292.0,1.54,1.871202916,1.048,2M ZnSO4,carbon cloth,1.5,1.6,0.1,142.2,0.694805195
14.02,1.93,0.0,0.0,0.0,3292.0,1.54,1.871202916,1.048,2M ZnSO4,carbon cloth,1.5,1.6,0.5,113.3,0.694805195
14.02,1.93,0.0,0.0,0.0,3292.0,1.54,1.871202916,1.048,2M ZnSO4,carbon cloth,1.5,1.6,1.0,99.4,0.694805195
14.02,1.93,0.0,0.0,0.0,3292.0,1.54,1.871202916,1.048,2M ZnSO4,carbon cloth,1.5,1.6,2.0,85.8,0.694805195
14.02,1.93,0.0,0.0,0.0,3292.0,1.54,1.871202916,1.048,2M ZnSO4,carbon cloth,1.5,1.6,5.0,79.7,0.694805195
14.02,1.93,0.0,0.0,0.0,3292.0,1.54,1.871202916,1.048,2M ZnSO4,carbon cloth,1.5,1.6,10.0,72.2,0.694805195
14.02,1.93,0.0,0.0,0.0,3292.0,1.54,1.871202916,1.048,2M ZnSO4,carbon cloth,1.5,1.6,20.0,66.1,0.694805195
18.75,2.74,0.0,0.0,0.0,3518.0,1.57,1.785105173,1.102,2M ZnSO4,carbon cloth,1.5,1.6,0.1,166.8,0.777070064
18.75,2.74,0.0,0.0,0.0,3518.0,1.57,1.785105173,1.102,2M ZnSO4,carbon cloth,1.5,1.6,0.5,141.4,0.777070064
18.75,2.74,0.0,0.0,0.0,3518.0,1.57,1.785105173,1.102,2M ZnSO4,carbon cloth,1.5,1.6,1.0,132.0,0.777070064
18.75,2.74,0.0,0.0,0.0,3518.0,1.57,1.785105173,1.102,2M ZnSO4,carbon cloth,1.5,1.6,2.0,116.5,0.777070064
18.75,2.74,0.0,0.0,0.0,3518.0,1.57,1.785105173,1.102,2M ZnSO4,carbon cloth,1.5,1.6,5.0,108.8,0.777070064
18.75,2.74,0.0,0.0,0.0,3518.0,1.57,1.785105173,1.102,2M ZnSO4,carbon cloth,1.5,1.6,10.0,98.9,0.777070064
18.75,2.74,0.0,0.0,0.0,3518.0,1.57,1.785105173,1.102,2M ZnSO4,carbon cloth,1.5,1.6,20.0,86.9,0.777070064
