O,N,B,S,P,Specific surface area,Pore volume,Dap,ID/IG,Active mass loading,Potential window,Current density,micro%,Electrolyte,Current collector
8.06,2.44,0,0,0,1667.33,1.2,10,5,1.5,1.6,0.2,0.481865,1M ZnSO4,stainless-steel foil
8.06,2.44,0,0,0,1667.33,1.2,10,5,1.5,1.6,0.2,0.481865,1M Zn(CF3SO3)2,stainless steel
8.06,2.44,0,0,0,1667.33,1.2,10,5,1.5,1.6,0.2,0.481865,3M Zn(CF3SO3)2,nickel foam
8.06,2.44,0,0,0,1667.33,1.2,10,5,1.5,1.6,0.2,0.481865,2M ZnSO4,graphite paper
8.06,2.44,0,0,0,1667.33,1.2,10,5,1.5,1.6,0.2,0.481865,2M ZnSO4,carbon cloth
8.06,2.44,0,0,0,1667.33,1.2,10,5,1.5,1.6,0.2,0.481865,2M ZnSO4,freestanding
8.06,2.44,0,0,0,1667.33,1.2,10,5,1.5,1.6,0.2,0.481865,2M ZnSO4,titanium foil
8.06,2.44,0,0,0,1667.33,1.2,1,0.5,1.5,1.6,0.2,0.481865,2M ZnSO4,stainless-steel mesh
8.06,2.44,0,0,0,1667.33,1.2,1,0.777778,1.5,1.6,0.2,0.481865,2M ZnSO4,stainless-steel mesh
8.06,2.44,0,0,0,1667.33,1.2,1,1.055556,1.5,1.6,0.2,0.481865,2M ZnSO4,stainless-steel mesh
8.06,2.44,0,0,0,1667.33,1.2,1,1.333333,1.5,1.6,0.2,0.481865,2M ZnSO4,stainless-steel mesh
8.06,2.44,0,0,0,1667.33,1.2,1,1.611111,1.5,1.6,0.2,0.481865,2M ZnSO4,stainless-steel mesh
8.06,2.44,0,0,0,1667.33,1.2,1,1.888889,1.5,1.6,0.2,0.481865,2M ZnSO4,stainless-steel mesh
8.06,2.44,0,0,0,1667.33,1.2,1,2.166667,1.5,1.6,0.2,0.481865,2M ZnSO4,stainless-steel mesh
8.06,2.44,0,0,0,1667.33,1.2,1,2.444444,1.5,1.6,0.2,0.481865,2M ZnSO4,stainless-steel mesh
8.06,2.44,0,0,0,1667.33,1.2,1,2.722222,1.5,1.6,0.2,0.481865,2M ZnSO4,stainless-steel mesh
8.06,2.44,0,0,0,1667.33,1.2,1,3,1.5,1.6,0.2,0.481865,2M ZnSO4,stainless-steel mesh
8.06,2.44,0,0,0,1667.33,1.2,1.183673,0.5,1.5,1.6,0.2,0.481865,2M ZnSO4,stainless-steel mesh
8.06,2.44,0,0,0,1667.33,1.2,1.183673,0.777778,1.5,1.6,0.2,0.481865,2M ZnSO4,stainless-steel mesh
8.06,2.44,0,0,0,1667.33,1.2,1.183673,1.055556,1.5,1.6,0.2,0.481865,2M ZnSO4,stainless-steel mesh
8.06,2.44,0,0,0,1667.33,1.2,1.183673,1.333333,1.5,1.6,0.2,0.481865,2M ZnSO4,stainless-steel mesh
8.06,2.44,0,0,0,1667.33,1.2,1.183673,1.611111,1.5,1.6,0.2,0.481865,2M ZnSO4,stainless-steel mesh
8.06,2.44,0,0,0,1667.33,1.2,1.183673,1.888889,1.5,1.6,0.2,0.481865,2M ZnSO4,stainless-steel mesh
8.06,2.44,0,0,0,1667.33,1.2,1.183673,2.166667,1.5,1.6,0.2,0.481865,2M ZnSO4,stainless-steel mesh
8.06,2.44,0,0,0,1667.33,1.2,1.183673,2.444444,1.5,1.6,0.2,0.481865,2M ZnSO4,stainless-steel mesh
8.06,2.44,0,0,0,1667.33,1.2,1.183673,2.722222,1.5,1.6,0.2,0.481865,2M ZnSO4,stainless-steel mesh
8.06,2.44,0,0,0,1667.33,1.2,1.183673,3,1.5,1.6,0.2,0.481865,2M ZnSO4,stainless-steel mesh
8.06,2.44,0,0,0,1667.33,1.2,1.367347,0.5,1.5,1.6,0.2,0.481865,2M ZnSO4,stainless-steel mesh
8.06,2.44,0,0,0,1667.33,1.2,1.367347,0.777778,1.5,1.6,0.2,0.481865,2M ZnSO4,stainless-steel mesh
8.06,2.44,0,0,0,1667.33,1.2,1.367347,1.055556,1.5,1.6,0.2,0.481865,2M ZnSO4,stainless-steel mesh
8.06,2.44,0,0,0,1667.33,1.2,1.367347,1.333333,1.5,1.6,0.2,0.481865,2M ZnSO4,stainless-steel mesh
8.06,2.44,0,0,0,1667.33,1.2,1.367347,1.611111,1.5,1.6,0.2,0.481865,2M ZnSO4,stainless-steel mesh
8.06,2.44,0,0,0,1667.33,1.2,1.367347,1.888889,1.5,1.6,0.2,0.481865,2M ZnSO4,stainless-steel mesh
8.06,2.44,0,0,0,1667.33,1.2,1.367347,2.166667,1.5,1.6,0.2,0.481865,2M ZnSO4,stainless-steel mesh
8.06,2.44,0,0,0,1667.33,1.2,1.367347,2.444444,1.5,1.6,0.2,0.481865,2M ZnSO4,stainless-steel mesh
8.06,2.44,0,0,0,1667.33,1.2,1.367347,2.722222,1.5,1.6,0.2,0.481865,2M ZnSO4,stainless-steel mesh
8.06,2.44,0,0,0,1667.33,1.2,1.367347,3,1.5,1.6,0.2,0.481865,2M ZnSO4,stainless-steel mesh
8.06,2.44,0,0,0,1667.33,1.2,1.55102,0.5,1.5,1.6,0.2,0.481865,2M ZnSO4,stainless-steel mesh
8.06,2.44,0,0,0,1667.33,1.2,1.55102,0.777778,1.5,1.6,0.2,0.481865,2M ZnSO4,stainless-steel mesh
8.06,2.44,0,0,0,1667.33,1.2,1.55102,1.055556,1.5,1.6,0.2,0.481865,2M ZnSO4,stainless-steel mesh
8.06,2.44,0,0,0,1667.33,1.2,1.55102,1.333333,1.5,1.6,0.2,0.481865,2M ZnSO4,stainless-steel mesh
8.06,2.44,0,0,0,1667.33,1.2,1.55102,1.611111,1.5,1.6,0.2,0.481865,2M ZnSO4,stainless-steel mesh
8.06,2.44,0,0,0,1667.33,1.2,1.55102,1.888889,1.5,1.6,0.2,0.481865,2M ZnSO4,stainless-steel mesh
8.06,2.44,0,0,0,1667.33,1.2,1.55102,2.166667,1.5,1.6,0.2,0.481865,2M ZnSO4,stainless-steel mesh
8.06,2.44,0,0,0,1667.33,1.2,1.55102,2.444444,1.5,1.6,0.2,0.481865,2M ZnSO4,stainless-steel mesh
8.06,2.44,0,0,0,1667.33,1.2,1.55102,2.722222,1.5,1.6,0.2,0.481865,2M ZnSO4,stainless-steel mesh
8.06,2.44,0,0,0,1667.33,1.2,1.55102,3,1.5,1.6,0.2,0.481865,2M ZnSO4,stainless-steel mesh
8.06,2.44,0,0,0,1667.33,1.2,1.734694,0.5,1.5,1.6,0.2,0.481865,2M ZnSO4,stainless-steel mesh
8.06,2.44,0,0,0,1667.33,1.2,1.734694,0.777778,1.5,1.6,0.2,0.481865,2M ZnSO4,stainless-steel mesh
8.06,2.44,0,0,0,1667.33,1.2,1.734694,1.055556,1.5,1.6,0.2,0.481865,2M ZnSO4,stainless-steel mesh
8.06,2.44,0,0,0,1667.33,1.2,1.734694,1.333333,1.5,1.6,0.2,0.481865,2M ZnSO4,stainless-steel mesh
8.06,2.44,0,0,0,1667.33,1.2,1.734694,1.611111,1.5,1.6,0.2,0.481865,2M ZnSO4,stainless-steel mesh
8.06,2.44,0,0,0,1667.33,1.2,1.734694,1.888889,1.5,1.6,0.2,0.481865,2M ZnSO4,stainless-steel mesh
8.06,2.44,0,0,0,1667.33,1.2,1.734694,2.166667,1.5,1.6,0.2,0.481865,2M ZnSO4,stainless-steel mesh
8.06,2.44,0,0,0,1667.33,1.2,1.734694,2.444444,1.5,1.6,0.2,0.481865,2M ZnSO4,stainless-steel mesh
8.06,2.44,0,0,0,1667.33,1.2,1.734694,2.722222,1.5,1.6,0.2,0.481865,2M ZnSO4,stainless-steel mesh
8.06,2.44,0,0,0,1667.33,1.2,1.734694,3,1.5,1.6,0.2,0.481865,2M ZnSO4,stainless-steel mesh
8.06,2.44,0,0,0,1667.33,1.2,1.918367,0.5,1.5,1.6,0.2,0.481865,2M ZnSO4,stainless-steel mesh
8.06,2.44,0,0,0,1667.33,1.2,1.918367,0.777778,1.5,1.6,0.2,0.481865,2M ZnSO4,stainless-steel mesh
8.06,2.44,0,0,0,1667.33,1.2,1.918367,1.055556,1.5,1.6,0.2,0.481865,2M ZnSO4,stainless-steel mesh
8.06,2.44,0,0,0,1667.33,1.2,1.918367,1.333333,1.5,1.6,0.2,0.481865,2M ZnSO4,stainless-steel mesh
8.06,2.44,0,0,0,1667.33,1.2,1.918367,1.611111,1.5,1.6,0.2,0.481865,2M ZnSO4,stainless-steel mesh
8.06,2.44,0,0,0,1667.33,1.2,1.918367,1.888889,1.5,1.6,0.2,0.481865,2M ZnSO4,stainless-steel mesh
8.06,2.44,0,0,0,1667.33,1.2,1.918367,2.166667,1.5,1.6,0.2,0.481865,2M ZnSO4,stainless-steel mesh
8.06,2.44,0,0,0,1667.33,1.2,1.918367,2.444444,1.5,1.6,0.2,0.481865,2M ZnSO4,stainless-steel mesh
8.06,2.44,0,0,0,1667.33,1.2,1.918367,2.722222,1.5,1.6,0.2,0.481865,2M ZnSO4,stainless-steel mesh
8.06,2.44,0,0,0,1667.33,1.2,1.918367,3,1.5,1.6,0.2,0.481865,2M ZnSO4,stainless-steel mesh
8.06,2.44,0,0,0,1667.33,1.2,2.102041,0.5,1.5,1.6,0.2,0.481865,2M ZnSO4,stainless-steel mesh
8.06,2.44,0,0,0,1667.33,1.2,2.102041,0.777778,1.5,1.6,0.2,0.481865,2M ZnSO4,stainless-steel mesh
8.06,2.44,0,0,0,1667.33,1.2,2.102041,1.055556,1.5,1.6,0.2,0.481865,2M ZnSO4,stainless-steel mesh
8.06,2.44,0,0,0,1667.33,1.2,2.102041,1.333333,1.5,1.6,0.2,0.481865,2M ZnSO4,stainless-steel mesh
8.06,2.44,0,0,0,1667.33,1.2,2.102041,1.611111,1.5,1.6,0.2,0.481865,2M ZnSO4,stainless-steel mesh
8.06,2.44,0,0,0,1667.33,1.2,2.102041,1.888889,1.5,1.6,0.2,0.481865,2M ZnSO4,stainless-steel mesh
8.06,2.44,0,0,0,1667.33,1.2,2.102041,2.166667,1.5,1.6,0.2,0.481865,2M ZnSO4,stainless-steel mesh
8.06,2.44,0,0,0,1667.33,1.2,2.102041,2.444444,1.5,1.6,0.2,0.481865,2M ZnSO4,stainless-steel mesh
8.06,2.44,0,0,0,1667.33,1.2,2.102041,2.722222,1.5,1.6,0.2,0.481865,2M ZnSO4,stainless-steel mesh
8.06,2.44,0,0,0,1667.33,1.2,2.102041,3,1.5,1.6,0.2,0.481865,2M ZnSO4,stainless-steel mesh
8.06,2.44,0,0,0,1667.33,1.2,2.285714,0.5,1.5,1.6,0.2,0.481865,2M ZnSO4,stainless-steel mesh
8.06,2.44,0,0,0,1667.33,1.2,2.285714,0.777778,1.5,1.6,0.2,0.481865,2M ZnSO4,stainless-steel mesh
8.06,2.44,0,0,0,1667.33,1.2,2.285714,1.055556,1.5,1.6,0.2,0.481865,2M ZnSO4,stainless-steel mesh
8.06,2.44,0,0,0,1667.33,1.2,2.285714,1.333333,1.5,1.6,0.2,0.481865,2M ZnSO4,stainless-steel mesh
8.06,2.44,0,0,0,1667.33,1.2,2.285714,1.611111,1.5,1.6,0.2,0.481865,2M ZnSO4,stainless-steel mesh
8.06,2.44,0,0,0,1667.33,1.2,2.285714,1.888889,1.5,1.6,0.2,0.481865,2M ZnSO4,stainless-steel mesh
8.06,2.44,0,0,0,1667.33,1.2,2.285714,2.166667,1.5,1.6,0.2,0.481865,2M ZnSO4,stainless-steel mesh
8.06,2.44,0,0,0,1667.33,1.2,2.285714,2.444444,1.5,1.6,0.2,0.481865,2M ZnSO4,stainless-steel mesh
8.06,2.44,0,0,0,1667.33,1.2,2.285714,2.722222,1.5,1.6,0.2,0.481865,2M ZnSO4,stainless-steel mesh
8.06,2.44,0,0,0,1667.33,1.2,2.285714,3,1.5,1.6,0.2,0.481865,2M ZnSO4,stainless-steel mesh
8.06,2.44,0,0,0,1667.33,1.2,2.469388,0.5,1.5,1.6,0.2,0.481865,2M ZnSO4,stainless-steel mesh
8.06,2.44,0,0,0,1667.33,1.2,2.469388,0.777778,1.5,1.6,0.2,0.481865,2M ZnSO4,stainless-steel mesh
8.06,2.44,0,0,0,1667.33,1.2,2.469388,1.055556,1.5,1.6,0.2,0.481865,2M ZnSO4,stainless-steel mesh
8.06,2.44,0,0,0,1667.33,1.2,2.469388,1.333333,1.5,1.6,0.2,0.481865,2M ZnSO4,stainless-steel mesh
8.06,2.44,0,0,0,1667.33,1.2,2.469388,1.611111,1.5,1.6,0.2,0.481865,2M ZnSO4,stainless-steel mesh
8.06,2.44,0,0,0,1667.33,1.2,2.469388,1.888889,1.5,1.6,0.2,0.481865,2M ZnSO4,stainless-steel mesh
8.06,2.44,0,0,0,1667.33,1.2,2.469388,2.166667,1.5,1.6,0.2,0.481865,2M ZnSO4,stainless-steel mesh
8.06,2.44,0,0,0,1667.33,1.2,2.469388,2.444444,1.5,1.6,0.2,0.481865,2M ZnSO4,stainless-steel mesh
8.06,2.44,0,0,0,1667.33,1.2,2.469388,2.722222,1.5,1.6,0.2,0.481865,2M ZnSO4,stainless-steel mesh
8.06,2.44,0,0,0,1667.33,1.2,2.469388,3,1.5,1.6,0.2,0.481865,2M ZnSO4,stainless-steel mesh
8.06,2.44,0,0,0,1667.33,1.2,2.653061,0.5,1.5,1.6,0.2,0.481865,2M ZnSO4,stainless-steel mesh
8.06,2.44,0,0,0,1667.33,1.2,2.653061,0.777778,1.5,1.6,0.2,0.481865,2M ZnSO4,stainless-steel mesh
8.06,2.44,0,0,0,1667.33,1.2,2.653061,1.055556,1.5,1.6,0.2,0.481865,2M ZnSO4,stainless-steel mesh
8.06,2.44,0,0,0,1667.33,1.2,2.653061,1.333333,1.5,1.6,0.2,0.481865,2M ZnSO4,stainless-steel mesh
8.06,2.44,0,0,0,1667.33,1.2,2.653061,1.611111,1.5,1.6,0.2,0.481865,2M ZnSO4,stainless-steel mesh
8.06,2.44,0,0,0,1667.33,1.2,2.653061,1.888889,1.5,1.6,0.2,0.481865,2M ZnSO4,stainless-steel mesh
8.06,2.44,0,0,0,1667.33,1.2,2.653061,2.166667,1.5,1.6,0.2,0.481865,2M ZnSO4,stainless-steel mesh
8.06,2.44,0,0,0,1667.33,1.2,2.653061,2.444444,1.5,1.6,0.2,0.481865,2M ZnSO4,stainless-steel mesh
8.06,2.44,0,0,0,1667.33,1.2,2.653061,2.722222,1.5,1.6,0.2,0.481865,2M ZnSO4,stainless-steel mesh
8.06,2.44,0,0,0,1667.33,1.2,2.653061,3,1.5,1.6,0.2,0.481865,2M ZnSO4,stainless-steel mesh
8.06,2.44,0,0,0,1667.33,1.2,2.836735,0.5,1.5,1.6,0.2,0.481865,2M ZnSO4,stainless-steel mesh
8.06,2.44,0,0,0,1667.33,1.2,2.836735,0.777778,1.5,1.6,0.2,0.481865,2M ZnSO4,stainless-steel mesh
8.06,2.44,0,0,0,1667.33,1.2,2.836735,1.055556,1.5,1.6,0.2,0.481865,2M ZnSO4,stainless-steel mesh
8.06,2.44,0,0,0,1667.33,1.2,2.836735,1.333333,1.5,1.6,0.2,0.481865,2M ZnSO4,stainless-steel mesh
8.06,2.44,0,0,0,1667.33,1.2,2.836735,1.611111,1.5,1.6,0.2,0.481865,2M ZnSO4,stainless-steel mesh
8.06,2.44,0,0,0,1667.33,1.2,2.836735,1.888889,1.5,1.6,0.2,0.481865,2M ZnSO4,stainless-steel mesh
8.06,2.44,0,0,0,1667.33,1.2,2.836735,2.166667,1.5,1.6,0.2,0.481865,2M ZnSO4,stainless-steel mesh
8.06,2.44,0,0,0,1667.33,1.2,2.836735,2.444444,1.5,1.6,0.2,0.481865,2M ZnSO4,stainless-steel mesh
8.06,2.44,0,0,0,1667.33,1.2,2.836735,2.722222,1.5,1.6,0.2,0.481865,2M ZnSO4,stainless-steel mesh
8.06,2.44,0,0,0,1667.33,1.2,2.836735,3,1.5,1.6,0.2,0.481865,2M ZnSO4,stainless-steel mesh
8.06,2.44,0,0,0,1667.33,1.2,3.020408,0.5,1.5,1.6,0.2,0.481865,2M ZnSO4,stainless-steel mesh
8.06,2.44,0,0,0,1667.33,1.2,3.020408,0.777778,1.5,1.6,0.2,0.481865,2M ZnSO4,stainless-steel mesh
8.06,2.44,0,0,0,1667.33,1.2,3.020408,1.055556,1.5,1.6,0.2,0.481865,2M ZnSO4,stainless-steel mesh
8.06,2.44,0,0,0,1667.33,1.2,3.020408,1.333333,1.5,1.6,0.2,0.481865,2M ZnSO4,stainless-steel mesh
8.06,2.44,0,0,0,1667.33,1.2,3.020408,1.611111,1.5,1.6,0.2,0.481865,2M ZnSO4,stainless-steel mesh
8.06,2.44,0,0,0,1667.33,1.2,3.020408,1.888889,1.5,1.6,0.2,0.481865,2M ZnSO4,stainless-steel mesh
8.06,2.44,0,0,0,1667.33,1.2,3.020408,2.166667,1.5,1.6,0.2,0.481865,2M ZnSO4,stainless-steel mesh
8.06,2.44,0,0,0,1667.33,1.2,3.020408,2.444444,1.5,1.6,0.2,0.481865,2M ZnSO4,stainless-steel mesh
8.06,2.44,0,0,0,1667.33,1.2,3.020408,2.722222,1.5,1.6,0.2,0.481865,2M ZnSO4,stainless-steel mesh
8.06,2.44,0,0,0,1667.33,1.2,3.020408,3,1.5,1.6,0.2,0.481865,2M ZnSO4,stainless-steel mesh
8.06,2.44,0,0,0,1667.33,1.2,3.204082,0.5,1.5,1.6,0.2,0.481865,2M ZnSO4,stainless-steel mesh
8.06,2.44,0,0,0,1667.33,1.2,3.204082,0.777778,1.5,1.6,0.2,0.481865,2M ZnSO4,stainless-steel mesh
8.06,2.44,0,0,0,1667.33,1.2,3.204082,1.055556,1.5,1.6,0.2,0.481865,2M ZnSO4,stainless-steel mesh
8.06,2.44,0,0,0,1667.33,1.2,3.204082,1.333333,1.5,1.6,0.2,0.481865,2M ZnSO4,stainless-steel mesh
8.06,2.44,0,0,0,1667.33,1.2,3.204082,1.611111,1.5,1.6,0.2,0.481865,2M ZnSO4,stainless-steel mesh
8.06,2.44,0,0,0,1667.33,1.2,3.204082,1.888889,1.5,1.6,0.2,0.481865,2M ZnSO4,stainless-steel mesh
8.06,2.44,0,0,0,1667.33,1.2,3.204082,2.166667,1.5,1.6,0.2,0.481865,2M ZnSO4,stainless-steel mesh
8.06,2.44,0,0,0,1667.33,1.2,3.204082,2.444444,1.5,1.6,0.2,0.481865,2M ZnSO4,stainless-steel mesh
8.06,2.44,0,0,0,1667.33,1.2,3.204082,2.722222,1.5,1.6,0.2,0.481865,2M ZnSO4,stainless-steel mesh
8.06,2.44,0,0,0,1667.33,1.2,3.204082,3,1.5,1.6,0.2,0.481865,2M ZnSO4,stainless-steel mesh
8.06,2.44,0,0,0,1667.33,1.2,3.387755,0.5,1.5,1.6,0.2,0.481865,2M ZnSO4,stainless-steel mesh
8.06,2.44,0,0,0,1667.33,1.2,3.387755,0.777778,1.5,1.6,0.2,0.481865,2M ZnSO4,stainless-steel mesh
8.06,2.44,0,0,0,1667.33,1.2,3.387755,1.055556,1.5,1.6,0.2,0.481865,2M ZnSO4,stainless-steel mesh
8.06,2.44,0,0,0,1667.33,1.2,3.387755,1.333333,1.5,1.6,0.2,0.481865,2M ZnSO4,stainless-steel mesh
8.06,2.44,0,0,0,1667.33,1.2,3.387755,1.611111,1.5,1.6,0.2,0.481865,2M ZnSO4,stainless-steel mesh
8.06,2.44,0,0,0,1667.33,1.2,3.387755,1.888889,1.5,1.6,0.2,0.481865,2M ZnSO4,stainless-steel mesh
8.06,2.44,0,0,0,1667.33,1.2,3.387755,2.166667,1.5,1.6,0.2,0.481865,2M ZnSO4,stainless-steel mesh
8.06,2.44,0,0,0,1667.33,1.2,3.387755,2.444444,1.5,1.6,0.2,0.481865,2M ZnSO4,stainless-steel mesh
8.06,2.44,0,0,0,1667.33,1.2,3.387755,2.722222,1.5,1.6,0.2,0.481865,2M ZnSO4,stainless-steel mesh
8.06,2.44,0,0,0,1667.33,1.2,3.387755,3,1.5,1.6,0.2,0.481865,2M ZnSO4,stainless-steel mesh
8.06,2.44,0,0,0,1667.33,1.2,3.571429,0.5,1.5,1.6,0.2,0.481865,2M ZnSO4,stainless-steel mesh
8.06,2.44,0,0,0,1667.33,1.2,3.571429,0.777778,1.5,1.6,0.2,0.481865,2M ZnSO4,stainless-steel mesh
8.06,2.44,0,0,0,1667.33,1.2,3.571429,1.055556,1.5,1.6,0.2,0.481865,2M ZnSO4,stainless-steel mesh
8.06,2.44,0,0,0,1667.33,1.2,3.571429,1.333333,1.5,1.6,0.2,0.481865,2M ZnSO4,stainless-steel mesh
8.06,2.44,0,0,0,1667.33,1.2,3.571429,1.611111,1.5,1.6,0.2,0.481865,2M ZnSO4,stainless-steel mesh
8.06,2.44,0,0,0,1667.33,1.2,3.571429,1.888889,1.5,1.6,0.2,0.481865,2M ZnSO4,stainless-steel mesh
8.06,2.44,0,0,0,1667.33,1.2,3.571429,2.166667,1.5,1.6,0.2,0.481865,2M ZnSO4,stainless-steel mesh
8.06,2.44,0,0,0,1667.33,1.2,3.571429,2.444444,1.5,1.6,0.2,0.481865,2M ZnSO4,stainless-steel mesh
8.06,2.44,0,0,0,1667.33,1.2,3.571429,2.722222,1.5,1.6,0.2,0.481865,2M ZnSO4,stainless-steel mesh
8.06,2.44,0,0,0,1667.33,1.2,3.571429,3,1.5,1.6,0.2,0.481865,2M ZnSO4,stainless-steel mesh
8.06,2.44,0,0,0,1667.33,1.2,3.755102,0.5,1.5,1.6,0.2,0.481865,2M ZnSO4,stainless-steel mesh
8.06,2.44,0,0,0,1667.33,1.2,3.755102,0.777778,1.5,1.6,0.2,0.481865,2M ZnSO4,stainless-steel mesh
8.06,2.44,0,0,0,1667.33,1.2,3.755102,1.055556,1.5,1.6,0.2,0.481865,2M ZnSO4,stainless-steel mesh
8.06,2.44,0,0,0,1667.33,1.2,3.755102,1.333333,1.5,1.6,0.2,0.481865,2M ZnSO4,stainless-steel mesh
8.06,2.44,0,0,0,1667.33,1.2,3.755102,1.611111,1.5,1.6,0.2,0.481865,2M ZnSO4,stainless-steel mesh
8.06,2.44,0,0,0,1667.33,1.2,3.755102,1.888889,1.5,1.6,0.2,0.481865,2M ZnSO4,stainless-steel mesh
8.06,2.44,0,0,0,1667.33,1.2,3.755102,2.166667,1.5,1.6,0.2,0.481865,2M ZnSO4,stainless-steel mesh
8.06,2.44,0,0,0,1667.33,1.2,3.755102,2.444444,1.5,1.6,0.2,0.481865,2M ZnSO4,stainless-steel mesh
8.06,2.44,0,0,0,1667.33,1.2,3.755102,2.722222,1.5,1.6,0.2,0.481865,2M ZnSO4,stainless-steel mesh
8.06,2.44,0,0,0,1667.33,1.2,3.755102,3,1.5,1.6,0.2,0.481865,2M ZnSO4,stainless-steel mesh
8.06,2.44,0,0,0,1667.33,1.2,3.938776,0.5,1.5,1.6,0.2,0.481865,2M ZnSO4,stainless-steel mesh
8.06,2.44,0,0,0,1667.33,1.2,3.938776,0.777778,1.5,1.6,0.2,0.481865,2M ZnSO4,stainless-steel mesh
8.06,2.44,0,0,0,1667.33,1.2,3.938776,1.055556,1.5,1.6,0.2,0.481865,2M ZnSO4,stainless-steel mesh
8.06,2.44,0,0,0,1667.33,1.2,3.938776,1.333333,1.5,1.6,0.2,0.481865,2M ZnSO4,stainless-steel mesh
8.06,2.44,0,0,0,1667.33,1.2,3.938776,1.611111,1.5,1.6,0.2,0.481865,2M ZnSO4,stainless-steel mesh
8.06,2.44,0,0,0,1667.33,1.2,3.938776,1.888889,1.5,1.6,0.2,0.481865,2M ZnSO4,stainless-steel mesh
8.06,2.44,0,0,0,1667.33,1.2,3.938776,2.166667,1.5,1.6,0.2,0.481865,2M ZnSO4,stainless-steel mesh
8.06,2.44,0,0,0,1667.33,1.2,3.938776,2.444444,1.5,1.6,0.2,0.481865,2M ZnSO4,stainless-steel mesh
8.06,2.44,0,0,0,1667.33,1.2,3.938776,2.722222,1.5,1.6,0.2,0.481865,2M ZnSO4,stainless-steel mesh
8.06,2.44,0,0,0,1667.33,1.2,3.938776,3,1.5,1.6,0.2,0.481865,2M ZnSO4,stainless-steel mesh
8.06,2.44,0,0,0,1667.33,1.2,4.122449,0.5,1.5,1.6,0.2,0.481865,2M ZnSO4,stainless-steel mesh
8.06,2.44,0,0,0,1667.33,1.2,4.122449,0.777778,1.5,1.6,0.2,0.481865,2M ZnSO4,stainless-steel mesh
8.06,2.44,0,0,0,1667.33,1.2,4.122449,1.055556,1.5,1.6,0.2,0.481865,2M ZnSO4,stainless-steel mesh
8.06,2.44,0,0,0,1667.33,1.2,4.122449,1.333333,1.5,1.6,0.2,0.481865,2M ZnSO4,stainless-steel mesh
8.06,2.44,0,0,0,1667.33,1.2,4.122449,1.611111,1.5,1.6,0.2,0.481865,2M ZnSO4,stainless-steel mesh
8.06,2.44,0,0,0,1667.33,1.2,4.122449,1.888889,1.5,1.6,0.2,0.481865,2M ZnSO4,stainless-steel mesh
8.06,2.44,0,0,0,1667.33,1.2,4.122449,2.166667,1.5,1.6,0.2,0.481865,2M ZnSO4,stainless-steel mesh
8.06,2.44,0,0,0,1667.33,1.2,4.122449,2.444444,1.5,1.6,0.2,0.481865,2M ZnSO4,stainless-steel mesh
8.06,2.44,0,0,0,1667.33,1.2,4.122449,2.722222,1.5,1.6,0.2,0.481865,2M ZnSO4,stainless-steel mesh
8.06,2.44,0,0,0,1667.33,1.2,4.122449,3,1.5,1.6,0.2,0.481865,2M ZnSO4,stainless-steel mesh
8.06,2.44,0,0,0,1667.33,1.2,4.306122,0.5,1.5,1.6,0.2,0.481865,2M ZnSO4,stainless-steel mesh
8.06,2.44,0,0,0,1667.33,1.2,4.306122,0.777778,1.5,1.6,0.2,0.481865,2M ZnSO4,stainless-steel mesh
8.06,2.44,0,0,0,1667.33,1.2,4.306122,1.055556,1.5,1.6,0.2,0.481865,2M ZnSO4,stainless-steel mesh
8.06,2.44,0,0,0,1667.33,1.2,4.306122,1.333333,1.5,1.6,0.2,0.481865,2M ZnSO4,stainless-steel mesh
8.06,2.44,0,0,0,1667.33,1.2,4.306122,1.611111,1.5,1.6,0.2,0.481865,2M ZnSO4,stainless-steel mesh
8.06,2.44,0,0,0,1667.33,1.2,4.306122,1.888889,1.5,1.6,0.2,0.481865,2M ZnSO4,stainless-steel mesh
8.06,2.44,0,0,0,1667.33,1.2,4.306122,2.166667,1.5,1.6,0.2,0.481865,2M ZnSO4,stainless-steel mesh
8.06,2.44,0,0,0,1667.33,1.2,4.306122,2.444444,1.5,1.6,0.2,0.481865,2M ZnSO4,stainless-steel mesh
8.06,2.44,0,0,0,1667.33,1.2,4.306122,2.722222,1.5,1.6,0.2,0.481865,2M ZnSO4,stainless-steel mesh
8.06,2.44,0,0,0,1667.33,1.2,4.306122,3,1.5,1.6,0.2,0.481865,2M ZnSO4,stainless-steel mesh
8.06,2.44,0,0,0,1667.33,1.2,4.489796,0.5,1.5,1.6,0.2,0.481865,2M ZnSO4,stainless-steel mesh
8.06,2.44,0,0,0,1667.33,1.2,4.489796,0.777778,1.5,1.6,0.2,0.481865,2M ZnSO4,stainless-steel mesh
8.06,2.44,0,0,0,1667.33,1.2,4.489796,1.055556,1.5,1.6,0.2,0.481865,2M ZnSO4,stainless-steel mesh
8.06,2.44,0,0,0,1667.33,1.2,4.489796,1.333333,1.5,1.6,0.2,0.481865,2M ZnSO4,stainless-steel mesh
8.06,2.44,0,0,0,1667.33,1.2,4.489796,1.611111,1.5,1.6,0.2,0.481865,2M ZnSO4,stainless-steel mesh
8.06,2.44,0,0,0,1667.33,1.2,4.489796,1.888889,1.5,1.6,0.2,0.481865,2M ZnSO4,stainless-steel mesh
8.06,2.44,0,0,0,1667.33,1.2,4.489796,2.166667,1.5,1.6,0.2,0.481865,2M ZnSO4,stainless-steel mesh
8.06,2.44,0,0,0,1667.33,1.2,4.489796,2.444444,1.5,1.6,0.2,0.481865,2M ZnSO4,stainless-steel mesh
8.06,2.44,0,0,0,1667.33,1.2,4.489796,2.722222,1.5,1.6,0.2,0.481865,2M ZnSO4,stainless-steel mesh
8.06,2.44,0,0,0,1667.33,1.2,4.489796,3,1.5,1.6,0.2,0.481865,2M ZnSO4,stainless-steel mesh
8.06,2.44,0,0,0,1667.33,1.2,4.673469,0.5,1.5,1.6,0.2,0.481865,2M ZnSO4,stainless-steel mesh
8.06,2.44,0,0,0,1667.33,1.2,4.673469,0.777778,1.5,1.6,0.2,0.481865,2M ZnSO4,stainless-steel mesh
8.06,2.44,0,0,0,1667.33,1.2,4.673469,1.055556,1.5,1.6,0.2,0.481865,2M ZnSO4,stainless-steel mesh
8.06,2.44,0,0,0,1667.33,1.2,4.673469,1.333333,1.5,1.6,0.2,0.481865,2M ZnSO4,stainless-steel mesh
8.06,2.44,0,0,0,1667.33,1.2,4.673469,1.611111,1.5,1.6,0.2,0.481865,2M ZnSO4,stainless-steel mesh
8.06,2.44,0,0,0,1667.33,1.2,4.673469,1.888889,1.5,1.6,0.2,0.481865,2M ZnSO4,stainless-steel mesh
8.06,2.44,0,0,0,1667.33,1.2,4.673469,2.166667,1.5,1.6,0.2,0.481865,2M ZnSO4,stainless-steel mesh
8.06,2.44,0,0,0,1667.33,1.2,4.673469,2.444444,1.5,1.6,0.2,0.481865,2M ZnSO4,stainless-steel mesh
8.06,2.44,0,0,0,1667.33,1.2,4.673469,2.722222,1.5,1.6,0.2,0.481865,2M ZnSO4,stainless-steel mesh
8.06,2.44,0,0,0,1667.33,1.2,4.673469,3,1.5,1.6,0.2,0.481865,2M ZnSO4,stainless-steel mesh
8.06,2.44,0,0,0,1667.33,1.2,4.857143,0.5,1.5,1.6,0.2,0.481865,2M ZnSO4,stainless-steel mesh
8.06,2.44,0,0,0,1667.33,1.2,4.857143,0.777778,1.5,1.6,0.2,0.481865,2M ZnSO4,stainless-steel mesh
8.06,2.44,0,0,0,1667.33,1.2,4.857143,1.055556,1.5,1.6,0.2,0.481865,2M ZnSO4,stainless-steel mesh
8.06,2.44,0,0,0,1667.33,1.2,4.857143,1.333333,1.5,1.6,0.2,0.481865,2M ZnSO4,stainless-steel mesh
8.06,2.44,0,0,0,1667.33,1.2,4.857143,1.611111,1.5,1.6,0.2,0.481865,2M ZnSO4,stainless-steel mesh
8.06,2.44,0,0,0,1667.33,1.2,4.857143,1.888889,1.5,1.6,0.2,0.481865,2M ZnSO4,stainless-steel mesh
8.06,2.44,0,0,0,1667.33,1.2,4.857143,2.166667,1.5,1.6,0.2,0.481865,2M ZnSO4,stainless-steel mesh
8.06,2.44,0,0,0,1667.33,1.2,4.857143,2.444444,1.5,1.6,0.2,0.481865,2M ZnSO4,stainless-steel mesh
8.06,2.44,0,0,0,1667.33,1.2,4.857143,2.722222,1.5,1.6,0.2,0.481865,2M ZnSO4,stainless-steel mesh
8.06,2.44,0,0,0,1667.33,1.2,4.857143,3,1.5,1.6,0.2,0.481865,2M ZnSO4,stainless-steel mesh
8.06,2.44,0,0,0,1667.33,1.2,5.040816,0.5,1.5,1.6,0.2,0.481865,2M ZnSO4,stainless-steel mesh
8.06,2.44,0,0,0,1667.33,1.2,5.040816,0.777778,1.5,1.6,0.2,0.481865,2M ZnSO4,stainless-steel mesh
8.06,2.44,0,0,0,1667.33,1.2,5.040816,1.055556,1.5,1.6,0.2,0.481865,2M ZnSO4,stainless-steel mesh
8.06,2.44,0,0,0,1667.33,1.2,5.040816,1.333333,1.5,1.6,0.2,0.481865,2M ZnSO4,stainless-steel mesh
8.06,2.44,0,0,0,1667.33,1.2,5.040816,1.611111,1.5,1.6,0.2,0.481865,2M ZnSO4,stainless-steel mesh
8.06,2.44,0,0,0,1667.33,1.2,5.040816,1.888889,1.5,1.6,0.2,0.481865,2M ZnSO4,stainless-steel mesh
8.06,2.44,0,0,0,1667.33,1.2,5.040816,2.166667,1.5,1.6,0.2,0.481865,2M ZnSO4,stainless-steel mesh
8.06,2.44,0,0,0,1667.33,1.2,5.040816,2.444444,1.5,1.6,0.2,0.481865,2M ZnSO4,stainless-steel mesh
8.06,2.44,0,0,0,1667.33,1.2,5.040816,2.722222,1.5,1.6,0.2,0.481865,2M ZnSO4,stainless-steel mesh
8.06,2.44,0,0,0,1667.33,1.2,5.040816,3,1.5,1.6,0.2,0.481865,2M ZnSO4,stainless-steel mesh
8.06,2.44,0,0,0,1667.33,1.2,5.22449,0.5,1.5,1.6,0.2,0.481865,2M ZnSO4,stainless-steel mesh
8.06,2.44,0,0,0,1667.33,1.2,5.22449,0.777778,1.5,1.6,0.2,0.481865,2M ZnSO4,stainless-steel mesh
8.06,2.44,0,0,0,1667.33,1.2,5.22449,1.055556,1.5,1.6,0.2,0.481865,2M ZnSO4,stainless-steel mesh
8.06,2.44,0,0,0,1667.33,1.2,5.22449,1.333333,1.5,1.6,0.2,0.481865,2M ZnSO4,stainless-steel mesh
8.06,2.44,0,0,0,1667.33,1.2,5.22449,1.611111,1.5,1.6,0.2,0.481865,2M ZnSO4,stainless-steel mesh
8.06,2.44,0,0,0,1667.33,1.2,5.22449,1.888889,1.5,1.6,0.2,0.481865,2M ZnSO4,stainless-steel mesh
8.06,2.44,0,0,0,1667.33,1.2,5.22449,2.166667,1.5,1.6,0.2,0.481865,2M ZnSO4,stainless-steel mesh
8.06,2.44,0,0,0,1667.33,1.2,5.22449,2.444444,1.5,1.6,0.2,0.481865,2M ZnSO4,stainless-steel mesh
8.06,2.44,0,0,0,1667.33,1.2,5.22449,2.722222,1.5,1.6,0.2,0.481865,2M ZnSO4,stainless-steel mesh
8.06,2.44,0,0,0,1667.33,1.2,5.22449,3,1.5,1.6,0.2,0.481865,2M ZnSO4,stainless-steel mesh
8.06,2.44,0,0,0,1667.33,1.2,5.408163,0.5,1.5,1.6,0.2,0.481865,2M ZnSO4,stainless-steel mesh
8.06,2.44,0,0,0,1667.33,1.2,5.408163,0.777778,1.5,1.6,0.2,0.481865,2M ZnSO4,stainless-steel mesh
8.06,2.44,0,0,0,1667.33,1.2,5.408163,1.055556,1.5,1.6,0.2,0.481865,2M ZnSO4,stainless-steel mesh
8.06,2.44,0,0,0,1667.33,1.2,5.408163,1.333333,1.5,1.6,0.2,0.481865,2M ZnSO4,stainless-steel mesh
8.06,2.44,0,0,0,1667.33,1.2,5.408163,1.611111,1.5,1.6,0.2,0.481865,2M ZnSO4,stainless-steel mesh
8.06,2.44,0,0,0,1667.33,1.2,5.408163,1.888889,1.5,1.6,0.2,0.481865,2M ZnSO4,stainless-steel mesh
8.06,2.44,0,0,0,1667.33,1.2,5.408163,2.166667,1.5,1.6,0.2,0.481865,2M ZnSO4,stainless-steel mesh
8.06,2.44,0,0,0,1667.33,1.2,5.408163,2.444444,1.5,1.6,0.2,0.481865,2M ZnSO4,stainless-steel mesh
8.06,2.44,0,0,0,1667.33,1.2,5.408163,2.722222,1.5,1.6,0.2,0.481865,2M ZnSO4,stainless-steel mesh
8.06,2.44,0,0,0,1667.33,1.2,5.408163,3,1.5,1.6,0.2,0.481865,2M ZnSO4,stainless-steel mesh
8.06,2.44,0,0,0,1667.33,1.2,5.591837,0.5,1.5,1.6,0.2,0.481865,2M ZnSO4,stainless-steel mesh
8.06,2.44,0,0,0,1667.33,1.2,5.591837,0.777778,1.5,1.6,0.2,0.481865,2M ZnSO4,stainless-steel mesh
8.06,2.44,0,0,0,1667.33,1.2,5.591837,1.055556,1.5,1.6,0.2,0.481865,2M ZnSO4,stainless-steel mesh
8.06,2.44,0,0,0,1667.33,1.2,5.591837,1.333333,1.5,1.6,0.2,0.481865,2M ZnSO4,stainless-steel mesh
8.06,2.44,0,0,0,1667.33,1.2,5.591837,1.611111,1.5,1.6,0.2,0.481865,2M ZnSO4,stainless-steel mesh
8.06,2.44,0,0,0,1667.33,1.2,5.591837,1.888889,1.5,1.6,0.2,0.481865,2M ZnSO4,stainless-steel mesh
8.06,2.44,0,0,0,1667.33,1.2,5.591837,2.166667,1.5,1.6,0.2,0.481865,2M ZnSO4,stainless-steel mesh
8.06,2.44,0,0,0,1667.33,1.2,5.591837,2.444444,1.5,1.6,0.2,0.481865,2M ZnSO4,stainless-steel mesh
8.06,2.44,0,0,0,1667.33,1.2,5.591837,2.722222,1.5,1.6,0.2,0.481865,2M ZnSO4,stainless-steel mesh
8.06,2.44,0,0,0,1667.33,1.2,5.591837,3,1.5,1.6,0.2,0.481865,2M ZnSO4,stainless-steel mesh
8.06,2.44,0,0,0,1667.33,1.2,5.77551,0.5,1.5,1.6,0.2,0.481865,2M ZnSO4,stainless-steel mesh
8.06,2.44,0,0,0,1667.33,1.2,5.77551,0.777778,1.5,1.6,0.2,0.481865,2M ZnSO4,stainless-steel mesh
8.06,2.44,0,0,0,1667.33,1.2,5.77551,1.055556,1.5,1.6,0.2,0.481865,2M ZnSO4,stainless-steel mesh
8.06,2.44,0,0,0,1667.33,1.2,5.77551,1.333333,1.5,1.6,0.2,0.481865,2M ZnSO4,stainless-steel mesh
8.06,2.44,0,0,0,1667.33,1.2,5.77551,1.611111,1.5,1.6,0.2,0.481865,2M ZnSO4,stainless-steel mesh
8.06,2.44,0,0,0,1667.33,1.2,5.77551,1.888889,1.5,1.6,0.2,0.481865,2M ZnSO4,stainless-steel mesh
8.06,2.44,0,0,0,1667.33,1.2,5.77551,2.166667,1.5,1.6,0.2,0.481865,2M ZnSO4,stainless-steel mesh
8.06,2.44,0,0,0,1667.33,1.2,5.77551,2.444444,1.5,1.6,0.2,0.481865,2M ZnSO4,stainless-steel mesh
8.06,2.44,0,0,0,1667.33,1.2,5.77551,2.722222,1.5,1.6,0.2,0.481865,2M ZnSO4,stainless-steel mesh
8.06,2.44,0,0,0,1667.33,1.2,5.77551,3,1.5,1.6,0.2,0.481865,2M ZnSO4,stainless-steel mesh
8.06,2.44,0,0,0,1667.33,1.2,5.959184,0.5,1.5,1.6,0.2,0.481865,2M ZnSO4,stainless-steel mesh
8.06,2.44,0,0,0,1667.33,1.2,5.959184,0.777778,1.5,1.6,0.2,0.481865,2M ZnSO4,stainless-steel mesh
8.06,2.44,0,0,0,1667.33,1.2,5.959184,1.055556,1.5,1.6,0.2,0.481865,2M ZnSO4,stainless-steel mesh
8.06,2.44,0,0,0,1667.33,1.2,5.959184,1.333333,1.5,1.6,0.2,0.481865,2M ZnSO4,stainless-steel mesh
8.06,2.44,0,0,0,1667.33,1.2,5.959184,1.611111,1.5,1.6,0.2,0.481865,2M ZnSO4,stainless-steel mesh
8.06,2.44,0,0,0,1667.33,1.2,5.959184,1.888889,1.5,1.6,0.2,0.481865,2M ZnSO4,stainless-steel mesh
8.06,2.44,0,0,0,1667.33,1.2,5.959184,2.166667,1.5,1.6,0.2,0.481865,2M ZnSO4,stainless-steel mesh
8.06,2.44,0,0,0,1667.33,1.2,5.959184,2.444444,1.5,1.6,0.2,0.481865,2M ZnSO4,stainless-steel mesh
8.06,2.44,0,0,0,1667.33,1.2,5.959184,2.722222,1.5,1.6,0.2,0.481865,2M ZnSO4,stainless-steel mesh
8.06,2.44,0,0,0,1667.33,1.2,5.959184,3,1.5,1.6,0.2,0.481865,2M ZnSO4,stainless-steel mesh
8.06,2.44,0,0,0,1667.33,1.2,6.142857,0.5,1.5,1.6,0.2,0.481865,2M ZnSO4,stainless-steel mesh
8.06,2.44,0,0,0,1667.33,1.2,6.142857,0.777778,1.5,1.6,0.2,0.481865,2M ZnSO4,stainless-steel mesh
8.06,2.44,0,0,0,1667.33,1.2,6.142857,1.055556,1.5,1.6,0.2,0.481865,2M ZnSO4,stainless-steel mesh
8.06,2.44,0,0,0,1667.33,1.2,6.142857,1.333333,1.5,1.6,0.2,0.481865,2M ZnSO4,stainless-steel mesh
8.06,2.44,0,0,0,1667.33,1.2,6.142857,1.611111,1.5,1.6,0.2,0.481865,2M ZnSO4,stainless-steel mesh
8.06,2.44,0,0,0,1667.33,1.2,6.142857,1.888889,1.5,1.6,0.2,0.481865,2M ZnSO4,stainless-steel mesh
8.06,2.44,0,0,0,1667.33,1.2,6.142857,2.166667,1.5,1.6,0.2,0.481865,2M ZnSO4,stainless-steel mesh
8.06,2.44,0,0,0,1667.33,1.2,6.142857,2.444444,1.5,1.6,0.2,0.481865,2M ZnSO4,stainless-steel mesh
8.06,2.44,0,0,0,1667.33,1.2,6.142857,2.722222,1.5,1.6,0.2,0.481865,2M ZnSO4,stainless-steel mesh
8.06,2.44,0,0,0,1667.33,1.2,6.142857,3,1.5,1.6,0.2,0.481865,2M ZnSO4,stainless-steel mesh
8.06,2.44,0,0,0,1667.33,1.2,6.326531,0.5,1.5,1.6,0.2,0.481865,2M ZnSO4,stainless-steel mesh
8.06,2.44,0,0,0,1667.33,1.2,6.326531,0.777778,1.5,1.6,0.2,0.481865,2M ZnSO4,stainless-steel mesh
8.06,2.44,0,0,0,1667.33,1.2,6.326531,1.055556,1.5,1.6,0.2,0.481865,2M ZnSO4,stainless-steel mesh
8.06,2.44,0,0,0,1667.33,1.2,6.326531,1.333333,1.5,1.6,0.2,0.481865,2M ZnSO4,stainless-steel mesh
8.06,2.44,0,0,0,1667.33,1.2,6.326531,1.611111,1.5,1.6,0.2,0.481865,2M ZnSO4,stainless-steel mesh
8.06,2.44,0,0,0,1667.33,1.2,6.326531,1.888889,1.5,1.6,0.2,0.481865,2M ZnSO4,stainless-steel mesh
8.06,2.44,0,0,0,1667.33,1.2,6.326531,2.166667,1.5,1.6,0.2,0.481865,2M ZnSO4,stainless-steel mesh
8.06,2.44,0,0,0,1667.33,1.2,6.326531,2.444444,1.5,1.6,0.2,0.481865,2M ZnSO4,stainless-steel mesh
8.06,2.44,0,0,0,1667.33,1.2,6.326531,2.722222,1.5,1.6,0.2,0.481865,2M ZnSO4,stainless-steel mesh
8.06,2.44,0,0,0,1667.33,1.2,6.326531,3,1.5,1.6,0.2,0.481865,2M ZnSO4,stainless-steel mesh
8.06,2.44,0,0,0,1667.33,1.2,6.510204,0.5,1.5,1.6,0.2,0.481865,2M ZnSO4,stainless-steel mesh
8.06,2.44,0,0,0,1667.33,1.2,6.510204,0.777778,1.5,1.6,0.2,0.481865,2M ZnSO4,stainless-steel mesh
8.06,2.44,0,0,0,1667.33,1.2,6.510204,1.055556,1.5,1.6,0.2,0.481865,2M ZnSO4,stainless-steel mesh
8.06,2.44,0,0,0,1667.33,1.2,6.510204,1.333333,1.5,1.6,0.2,0.481865,2M ZnSO4,stainless-steel mesh
8.06,2.44,0,0,0,1667.33,1.2,6.510204,1.611111,1.5,1.6,0.2,0.481865,2M ZnSO4,stainless-steel mesh
8.06,2.44,0,0,0,1667.33,1.2,6.510204,1.888889,1.5,1.6,0.2,0.481865,2M ZnSO4,stainless-steel mesh
8.06,2.44,0,0,0,1667.33,1.2,6.510204,2.166667,1.5,1.6,0.2,0.481865,2M ZnSO4,stainless-steel mesh
8.06,2.44,0,0,0,1667.33,1.2,6.510204,2.444444,1.5,1.6,0.2,0.481865,2M ZnSO4,stainless-steel mesh
8.06,2.44,0,0,0,1667.33,1.2,6.510204,2.722222,1.5,1.6,0.2,0.481865,2M ZnSO4,stainless-steel mesh
8.06,2.44,0,0,0,1667.33,1.2,6.510204,3,1.5,1.6,0.2,0.481865,2M ZnSO4,stainless-steel mesh
8.06,2.44,0,0,0,1667.33,1.2,6.693878,0.5,1.5,1.6,0.2,0.481865,2M ZnSO4,stainless-steel mesh
8.06,2.44,0,0,0,1667.33,1.2,6.693878,0.777778,1.5,1.6,0.2,0.481865,2M ZnSO4,stainless-steel mesh
8.06,2.44,0,0,0,1667.33,1.2,6.693878,1.055556,1.5,1.6,0.2,0.481865,2M ZnSO4,stainless-steel mesh
8.06,2.44,0,0,0,1667.33,1.2,6.693878,1.333333,1.5,1.6,0.2,0.481865,2M ZnSO4,stainless-steel mesh
8.06,2.44,0,0,0,1667.33,1.2,6.693878,1.611111,1.5,1.6,0.2,0.481865,2M ZnSO4,stainless-steel mesh
8.06,2.44,0,0,0,1667.33,1.2,6.693878,1.888889,1.5,1.6,0.2,0.481865,2M ZnSO4,stainless-steel mesh
8.06,2.44,0,0,0,1667.33,1.2,6.693878,2.166667,1.5,1.6,0.2,0.481865,2M ZnSO4,stainless-steel mesh
8.06,2.44,0,0,0,1667.33,1.2,6.693878,2.444444,1.5,1.6,0.2,0.481865,2M ZnSO4,stainless-steel mesh
8.06,2.44,0,0,0,1667.33,1.2,6.693878,2.722222,1.5,1.6,0.2,0.481865,2M ZnSO4,stainless-steel mesh
8.06,2.44,0,0,0,1667.33,1.2,6.693878,3,1.5,1.6,0.2,0.481865,2M ZnSO4,stainless-steel mesh
8.06,2.44,0,0,0,1667.33,1.2,6.877551,0.5,1.5,1.6,0.2,0.481865,2M ZnSO4,stainless-steel mesh
8.06,2.44,0,0,0,1667.33,1.2,6.877551,0.777778,1.5,1.6,0.2,0.481865,2M ZnSO4,stainless-steel mesh
8.06,2.44,0,0,0,1667.33,1.2,6.877551,1.055556,1.5,1.6,0.2,0.481865,2M ZnSO4,stainless-steel mesh
8.06,2.44,0,0,0,1667.33,1.2,6.877551,1.333333,1.5,1.6,0.2,0.481865,2M ZnSO4,stainless-steel mesh
8.06,2.44,0,0,0,1667.33,1.2,6.877551,1.611111,1.5,1.6,0.2,0.481865,2M ZnSO4,stainless-steel mesh
8.06,2.44,0,0,0,1667.33,1.2,6.877551,1.888889,1.5,1.6,0.2,0.481865,2M ZnSO4,stainless-steel mesh
8.06,2.44,0,0,0,1667.33,1.2,6.877551,2.166667,1.5,1.6,0.2,0.481865,2M ZnSO4,stainless-steel mesh
8.06,2.44,0,0,0,1667.33,1.2,6.877551,2.444444,1.5,1.6,0.2,0.481865,2M ZnSO4,stainless-steel mesh
8.06,2.44,0,0,0,1667.33,1.2,6.877551,2.722222,1.5,1.6,0.2,0.481865,2M ZnSO4,stainless-steel mesh
8.06,2.44,0,0,0,1667.33,1.2,6.877551,3,1.5,1.6,0.2,0.481865,2M ZnSO4,stainless-steel mesh
8.06,2.44,0,0,0,1667.33,1.2,7.061224,0.5,1.5,1.6,0.2,0.481865,2M ZnSO4,stainless-steel mesh
8.06,2.44,0,0,0,1667.33,1.2,7.061224,0.777778,1.5,1.6,0.2,0.481865,2M ZnSO4,stainless-steel mesh
8.06,2.44,0,0,0,1667.33,1.2,7.061224,1.055556,1.5,1.6,0.2,0.481865,2M ZnSO4,stainless-steel mesh
8.06,2.44,0,0,0,1667.33,1.2,7.061224,1.333333,1.5,1.6,0.2,0.481865,2M ZnSO4,stainless-steel mesh
8.06,2.44,0,0,0,1667.33,1.2,7.061224,1.611111,1.5,1.6,0.2,0.481865,2M ZnSO4,stainless-steel mesh
8.06,2.44,0,0,0,1667.33,1.2,7.061224,1.888889,1.5,1.6,0.2,0.481865,2M ZnSO4,stainless-steel mesh
8.06,2.44,0,0,0,1667.33,1.2,7.061224,2.166667,1.5,1.6,0.2,0.481865,2M ZnSO4,stainless-steel mesh
8.06,2.44,0,0,0,1667.33,1.2,7.061224,2.444444,1.5,1.6,0.2,0.481865,2M ZnSO4,stainless-steel mesh
8.06,2.44,0,0,0,1667.33,1.2,7.061224,2.722222,1.5,1.6,0.2,0.481865,2M ZnSO4,stainless-steel mesh
8.06,2.44,0,0,0,1667.33,1.2,7.061224,3,1.5,1.6,0.2,0.481865,2M ZnSO4,stainless-steel mesh
8.06,2.44,0,0,0,1667.33,1.2,7.244898,0.5,1.5,1.6,0.2,0.481865,2M ZnSO4,stainless-steel mesh
8.06,2.44,0,0,0,1667.33,1.2,7.244898,0.777778,1.5,1.6,0.2,0.481865,2M ZnSO4,stainless-steel mesh
8.06,2.44,0,0,0,1667.33,1.2,7.244898,1.055556,1.5,1.6,0.2,0.481865,2M ZnSO4,stainless-steel mesh
8.06,2.44,0,0,0,1667.33,1.2,7.244898,1.333333,1.5,1.6,0.2,0.481865,2M ZnSO4,stainless-steel mesh
8.06,2.44,0,0,0,1667.33,1.2,7.244898,1.611111,1.5,1.6,0.2,0.481865,2M ZnSO4,stainless-steel mesh
8.06,2.44,0,0,0,1667.33,1.2,7.244898,1.888889,1.5,1.6,0.2,0.481865,2M ZnSO4,stainless-steel mesh
8.06,2.44,0,0,0,1667.33,1.2,7.244898,2.166667,1.5,1.6,0.2,0.481865,2M ZnSO4,stainless-steel mesh
8.06,2.44,0,0,0,1667.33,1.2,7.244898,2.444444,1.5,1.6,0.2,0.481865,2M ZnSO4,stainless-steel mesh
8.06,2.44,0,0,0,1667.33,1.2,7.244898,2.722222,1.5,1.6,0.2,0.481865,2M ZnSO4,stainless-steel mesh
8.06,2.44,0,0,0,1667.33,1.2,7.244898,3,1.5,1.6,0.2,0.481865,2M ZnSO4,stainless-steel mesh
8.06,2.44,0,0,0,1667.33,1.2,7.428571,0.5,1.5,1.6,0.2,0.481865,2M ZnSO4,stainless-steel mesh
8.06,2.44,0,0,0,1667.33,1.2,7.428571,0.777778,1.5,1.6,0.2,0.481865,2M ZnSO4,stainless-steel mesh
8.06,2.44,0,0,0,1667.33,1.2,7.428571,1.055556,1.5,1.6,0.2,0.481865,2M ZnSO4,stainless-steel mesh
8.06,2.44,0,0,0,1667.33,1.2,7.428571,1.333333,1.5,1.6,0.2,0.481865,2M ZnSO4,stainless-steel mesh
8.06,2.44,0,0,0,1667.33,1.2,7.428571,1.611111,1.5,1.6,0.2,0.481865,2M ZnSO4,stainless-steel mesh
8.06,2.44,0,0,0,1667.33,1.2,7.428571,1.888889,1.5,1.6,0.2,0.481865,2M ZnSO4,stainless-steel mesh
8.06,2.44,0,0,0,1667.33,1.2,7.428571,2.166667,1.5,1.6,0.2,0.481865,2M ZnSO4,stainless-steel mesh
8.06,2.44,0,0,0,1667.33,1.2,7.428571,2.444444,1.5,1.6,0.2,0.481865,2M ZnSO4,stainless-steel mesh
8.06,2.44,0,0,0,1667.33,1.2,7.428571,2.722222,1.5,1.6,0.2,0.481865,2M ZnSO4,stainless-steel mesh
8.06,2.44,0,0,0,1667.33,1.2,7.428571,3,1.5,1.6,0.2,0.481865,2M ZnSO4,stainless-steel mesh
8.06,2.44,0,0,0,1667.33,1.2,7.612245,0.5,1.5,1.6,0.2,0.481865,2M ZnSO4,stainless-steel mesh
8.06,2.44,0,0,0,1667.33,1.2,7.612245,0.777778,1.5,1.6,0.2,0.481865,2M ZnSO4,stainless-steel mesh
8.06,2.44,0,0,0,1667.33,1.2,7.612245,1.055556,1.5,1.6,0.2,0.481865,2M ZnSO4,stainless-steel mesh
8.06,2.44,0,0,0,1667.33,1.2,7.612245,1.333333,1.5,1.6,0.2,0.481865,2M ZnSO4,stainless-steel mesh
8.06,2.44,0,0,0,1667.33,1.2,7.612245,1.611111,1.5,1.6,0.2,0.481865,2M ZnSO4,stainless-steel mesh
8.06,2.44,0,0,0,1667.33,1.2,7.612245,1.888889,1.5,1.6,0.2,0.481865,2M ZnSO4,stainless-steel mesh
8.06,2.44,0,0,0,1667.33,1.2,7.612245,2.166667,1.5,1.6,0.2,0.481865,2M ZnSO4,stainless-steel mesh
8.06,2.44,0,0,0,1667.33,1.2,7.612245,2.444444,1.5,1.6,0.2,0.481865,2M ZnSO4,stainless-steel mesh
8.06,2.44,0,0,0,1667.33,1.2,7.612245,2.722222,1.5,1.6,0.2,0.481865,2M ZnSO4,stainless-steel mesh
8.06,2.44,0,0,0,1667.33,1.2,7.612245,3,1.5,1.6,0.2,0.481865,2M ZnSO4,stainless-steel mesh
8.06,2.44,0,0,0,1667.33,1.2,7.795918,0.5,1.5,1.6,0.2,0.481865,2M ZnSO4,stainless-steel mesh
8.06,2.44,0,0,0,1667.33,1.2,7.795918,0.777778,1.5,1.6,0.2,0.481865,2M ZnSO4,stainless-steel mesh
8.06,2.44,0,0,0,1667.33,1.2,7.795918,1.055556,1.5,1.6,0.2,0.481865,2M ZnSO4,stainless-steel mesh
8.06,2.44,0,0,0,1667.33,1.2,7.795918,1.333333,1.5,1.6,0.2,0.481865,2M ZnSO4,stainless-steel mesh
8.06,2.44,0,0,0,1667.33,1.2,7.795918,1.611111,1.5,1.6,0.2,0.481865,2M ZnSO4,stainless-steel mesh
8.06,2.44,0,0,0,1667.33,1.2,7.795918,1.888889,1.5,1.6,0.2,0.481865,2M ZnSO4,stainless-steel mesh
8.06,2.44,0,0,0,1667.33,1.2,7.795918,2.166667,1.5,1.6,0.2,0.481865,2M ZnSO4,stainless-steel mesh
8.06,2.44,0,0,0,1667.33,1.2,7.795918,2.444444,1.5,1.6,0.2,0.481865,2M ZnSO4,stainless-steel mesh
8.06,2.44,0,0,0,1667.33,1.2,7.795918,2.722222,1.5,1.6,0.2,0.481865,2M ZnSO4,stainless-steel mesh
8.06,2.44,0,0,0,1667.33,1.2,7.795918,3,1.5,1.6,0.2,0.481865,2M ZnSO4,stainless-steel mesh
8.06,2.44,0,0,0,1667.33,1.2,7.979592,0.5,1.5,1.6,0.2,0.481865,2M ZnSO4,stainless-steel mesh
8.06,2.44,0,0,0,1667.33,1.2,7.979592,0.777778,1.5,1.6,0.2,0.481865,2M ZnSO4,stainless-steel mesh
8.06,2.44,0,0,0,1667.33,1.2,7.979592,1.055556,1.5,1.6,0.2,0.481865,2M ZnSO4,stainless-steel mesh
8.06,2.44,0,0,0,1667.33,1.2,7.979592,1.333333,1.5,1.6,0.2,0.481865,2M ZnSO4,stainless-steel mesh
8.06,2.44,0,0,0,1667.33,1.2,7.979592,1.611111,1.5,1.6,0.2,0.481865,2M ZnSO4,stainless-steel mesh
8.06,2.44,0,0,0,1667.33,1.2,7.979592,1.888889,1.5,1.6,0.2,0.481865,2M ZnSO4,stainless-steel mesh
8.06,2.44,0,0,0,1667.33,1.2,7.979592,2.166667,1.5,1.6,0.2,0.481865,2M ZnSO4,stainless-steel mesh
8.06,2.44,0,0,0,1667.33,1.2,7.979592,2.444444,1.5,1.6,0.2,0.481865,2M ZnSO4,stainless-steel mesh
8.06,2.44,0,0,0,1667.33,1.2,7.979592,2.722222,1.5,1.6,0.2,0.481865,2M ZnSO4,stainless-steel mesh
8.06,2.44,0,0,0,1667.33,1.2,7.979592,3,1.5,1.6,0.2,0.481865,2M ZnSO4,stainless-steel mesh
8.06,2.44,0,0,0,1667.33,1.2,8.163265,0.5,1.5,1.6,0.2,0.481865,2M ZnSO4,stainless-steel mesh
8.06,2.44,0,0,0,1667.33,1.2,8.163265,0.777778,1.5,1.6,0.2,0.481865,2M ZnSO4,stainless-steel mesh
8.06,2.44,0,0,0,1667.33,1.2,8.163265,1.055556,1.5,1.6,0.2,0.481865,2M ZnSO4,stainless-steel mesh
8.06,2.44,0,0,0,1667.33,1.2,8.163265,1.333333,1.5,1.6,0.2,0.481865,2M ZnSO4,stainless-steel mesh
8.06,2.44,0,0,0,1667.33,1.2,8.163265,1.611111,1.5,1.6,0.2,0.481865,2M ZnSO4,stainless-steel mesh
8.06,2.44,0,0,0,1667.33,1.2,8.163265,1.888889,1.5,1.6,0.2,0.481865,2M ZnSO4,stainless-steel mesh
8.06,2.44,0,0,0,1667.33,1.2,8.163265,2.166667,1.5,1.6,0.2,0.481865,2M ZnSO4,stainless-steel mesh
8.06,2.44,0,0,0,1667.33,1.2,8.163265,2.444444,1.5,1.6,0.2,0.481865,2M ZnSO4,stainless-steel mesh
8.06,2.44,0,0,0,1667.33,1.2,8.163265,2.722222,1.5,1.6,0.2,0.481865,2M ZnSO4,stainless-steel mesh
8.06,2.44,0,0,0,1667.33,1.2,8.163265,3,1.5,1.6,0.2,0.481865,2M ZnSO4,stainless-steel mesh
8.06,2.44,0,0,0,1667.33,1.2,8.346939,0.5,1.5,1.6,0.2,0.481865,2M ZnSO4,stainless-steel mesh
8.06,2.44,0,0,0,1667.33,1.2,8.346939,0.777778,1.5,1.6,0.2,0.481865,2M ZnSO4,stainless-steel mesh
8.06,2.44,0,0,0,1667.33,1.2,8.346939,1.055556,1.5,1.6,0.2,0.481865,2M ZnSO4,stainless-steel mesh
8.06,2.44,0,0,0,1667.33,1.2,8.346939,1.333333,1.5,1.6,0.2,0.481865,2M ZnSO4,stainless-steel mesh
8.06,2.44,0,0,0,1667.33,1.2,8.346939,1.611111,1.5,1.6,0.2,0.481865,2M ZnSO4,stainless-steel mesh
8.06,2.44,0,0,0,1667.33,1.2,8.346939,1.888889,1.5,1.6,0.2,0.481865,2M ZnSO4,stainless-steel mesh
8.06,2.44,0,0,0,1667.33,1.2,8.346939,2.166667,1.5,1.6,0.2,0.481865,2M ZnSO4,stainless-steel mesh
8.06,2.44,0,0,0,1667.33,1.2,8.346939,2.444444,1.5,1.6,0.2,0.481865,2M ZnSO4,stainless-steel mesh
8.06,2.44,0,0,0,1667.33,1.2,8.346939,2.722222,1.5,1.6,0.2,0.481865,2M ZnSO4,stainless-steel mesh
8.06,2.44,0,0,0,1667.33,1.2,8.346939,3,1.5,1.6,0.2,0.481865,2M ZnSO4,stainless-steel mesh
8.06,2.44,0,0,0,1667.33,1.2,8.530612,0.5,1.5,1.6,0.2,0.481865,2M ZnSO4,stainless-steel mesh
8.06,2.44,0,0,0,1667.33,1.2,8.530612,0.777778,1.5,1.6,0.2,0.481865,2M ZnSO4,stainless-steel mesh
8.06,2.44,0,0,0,1667.33,1.2,8.530612,1.055556,1.5,1.6,0.2,0.481865,2M ZnSO4,stainless-steel mesh
8.06,2.44,0,0,0,1667.33,1.2,8.530612,1.333333,1.5,1.6,0.2,0.481865,2M ZnSO4,stainless-steel mesh
8.06,2.44,0,0,0,1667.33,1.2,8.530612,1.611111,1.5,1.6,0.2,0.481865,2M ZnSO4,stainless-steel mesh
8.06,2.44,0,0,0,1667.33,1.2,8.530612,1.888889,1.5,1.6,0.2,0.481865,2M ZnSO4,stainless-steel mesh
8.06,2.44,0,0,0,1667.33,1.2,8.530612,2.166667,1.5,1.6,0.2,0.481865,2M ZnSO4,stainless-steel mesh
8.06,2.44,0,0,0,1667.33,1.2,8.530612,2.444444,1.5,1.6,0.2,0.481865,2M ZnSO4,stainless-steel mesh
8.06,2.44,0,0,0,1667.33,1.2,8.530612,2.722222,1.5,1.6,0.2,0.481865,2M ZnSO4,stainless-steel mesh
8.06,2.44,0,0,0,1667.33,1.2,8.530612,3,1.5,1.6,0.2,0.481865,2M ZnSO4,stainless-steel mesh
8.06,2.44,0,0,0,1667.33,1.2,8.714286,0.5,1.5,1.6,0.2,0.481865,2M ZnSO4,stainless-steel mesh
8.06,2.44,0,0,0,1667.33,1.2,8.714286,0.777778,1.5,1.6,0.2,0.481865,2M ZnSO4,stainless-steel mesh
8.06,2.44,0,0,0,1667.33,1.2,8.714286,1.055556,1.5,1.6,0.2,0.481865,2M ZnSO4,stainless-steel mesh
8.06,2.44,0,0,0,1667.33,1.2,8.714286,1.333333,1.5,1.6,0.2,0.481865,2M ZnSO4,stainless-steel mesh
8.06,2.44,0,0,0,1667.33,1.2,8.714286,1.611111,1.5,1.6,0.2,0.481865,2M ZnSO4,stainless-steel mesh
8.06,2.44,0,0,0,1667.33,1.2,8.714286,1.888889,1.5,1.6,0.2,0.481865,2M ZnSO4,stainless-steel mesh
8.06,2.44,0,0,0,1667.33,1.2,8.714286,2.166667,1.5,1.6,0.2,0.481865,2M ZnSO4,stainless-steel mesh
8.06,2.44,0,0,0,1667.33,1.2,8.714286,2.444444,1.5,1.6,0.2,0.481865,2M ZnSO4,stainless-steel mesh
8.06,2.44,0,0,0,1667.33,1.2,8.714286,2.722222,1.5,1.6,0.2,0.481865,2M ZnSO4,stainless-steel mesh
8.06,2.44,0,0,0,1667.33,1.2,8.714286,3,1.5,1.6,0.2,0.481865,2M ZnSO4,stainless-steel mesh
8.06,2.44,0,0,0,1667.33,1.2,8.897959,0.5,1.5,1.6,0.2,0.481865,2M ZnSO4,stainless-steel mesh
8.06,2.44,0,0,0,1667.33,1.2,8.897959,0.777778,1.5,1.6,0.2,0.481865,2M ZnSO4,stainless-steel mesh
8.06,2.44,0,0,0,1667.33,1.2,8.897959,1.055556,1.5,1.6,0.2,0.481865,2M ZnSO4,stainless-steel mesh
8.06,2.44,0,0,0,1667.33,1.2,8.897959,1.333333,1.5,1.6,0.2,0.481865,2M ZnSO4,stainless-steel mesh
8.06,2.44,0,0,0,1667.33,1.2,8.897959,1.611111,1.5,1.6,0.2,0.481865,2M ZnSO4,stainless-steel mesh
8.06,2.44,0,0,0,1667.33,1.2,8.897959,1.888889,1.5,1.6,0.2,0.481865,2M ZnSO4,stainless-steel mesh
8.06,2.44,0,0,0,1667.33,1.2,8.897959,2.166667,1.5,1.6,0.2,0.481865,2M ZnSO4,stainless-steel mesh
8.06,2.44,0,0,0,1667.33,1.2,8.897959,2.444444,1.5,1.6,0.2,0.481865,2M ZnSO4,stainless-steel mesh
8.06,2.44,0,0,0,1667.33,1.2,8.897959,2.722222,1.5,1.6,0.2,0.481865,2M ZnSO4,stainless-steel mesh
8.06,2.44,0,0,0,1667.33,1.2,8.897959,3,1.5,1.6,0.2,0.481865,2M ZnSO4,stainless-steel mesh
8.06,2.44,0,0,0,1667.33,1.2,9.081633,0.5,1.5,1.6,0.2,0.481865,2M ZnSO4,stainless-steel mesh
8.06,2.44,0,0,0,1667.33,1.2,9.081633,0.777778,1.5,1.6,0.2,0.481865,2M ZnSO4,stainless-steel mesh
8.06,2.44,0,0,0,1667.33,1.2,9.081633,1.055556,1.5,1.6,0.2,0.481865,2M ZnSO4,stainless-steel mesh
8.06,2.44,0,0,0,1667.33,1.2,9.081633,1.333333,1.5,1.6,0.2,0.481865,2M ZnSO4,stainless-steel mesh
8.06,2.44,0,0,0,1667.33,1.2,9.081633,1.611111,1.5,1.6,0.2,0.481865,2M ZnSO4,stainless-steel mesh
8.06,2.44,0,0,0,1667.33,1.2,9.081633,1.888889,1.5,1.6,0.2,0.481865,2M ZnSO4,stainless-steel mesh
8.06,2.44,0,0,0,1667.33,1.2,9.081633,2.166667,1.5,1.6,0.2,0.481865,2M ZnSO4,stainless-steel mesh
8.06,2.44,0,0,0,1667.33,1.2,9.081633,2.444444,1.5,1.6,0.2,0.481865,2M ZnSO4,stainless-steel mesh
8.06,2.44,0,0,0,1667.33,1.2,9.081633,2.722222,1.5,1.6,0.2,0.481865,2M ZnSO4,stainless-steel mesh
8.06,2.44,0,0,0,1667.33,1.2,9.081633,3,1.5,1.6,0.2,0.481865,2M ZnSO4,stainless-steel mesh
8.06,2.44,0,0,0,1667.33,1.2,9.265306,0.5,1.5,1.6,0.2,0.481865,2M ZnSO4,stainless-steel mesh
8.06,2.44,0,0,0,1667.33,1.2,9.265306,0.777778,1.5,1.6,0.2,0.481865,2M ZnSO4,stainless-steel mesh
8.06,2.44,0,0,0,1667.33,1.2,9.265306,1.055556,1.5,1.6,0.2,0.481865,2M ZnSO4,stainless-steel mesh
8.06,2.44,0,0,0,1667.33,1.2,9.265306,1.333333,1.5,1.6,0.2,0.481865,2M ZnSO4,stainless-steel mesh
8.06,2.44,0,0,0,1667.33,1.2,9.265306,1.611111,1.5,1.6,0.2,0.481865,2M ZnSO4,stainless-steel mesh
8.06,2.44,0,0,0,1667.33,1.2,9.265306,1.888889,1.5,1.6,0.2,0.481865,2M ZnSO4,stainless-steel mesh
8.06,2.44,0,0,0,1667.33,1.2,9.265306,2.166667,1.5,1.6,0.2,0.481865,2M ZnSO4,stainless-steel mesh
8.06,2.44,0,0,0,1667.33,1.2,9.265306,2.444444,1.5,1.6,0.2,0.481865,2M ZnSO4,stainless-steel mesh
8.06,2.44,0,0,0,1667.33,1.2,9.265306,2.722222,1.5,1.6,0.2,0.481865,2M ZnSO4,stainless-steel mesh
8.06,2.44,0,0,0,1667.33,1.2,9.265306,3,1.5,1.6,0.2,0.481865,2M ZnSO4,stainless-steel mesh
8.06,2.44,0,0,0,1667.33,1.2,9.44898,0.5,1.5,1.6,0.2,0.481865,2M ZnSO4,stainless-steel mesh
8.06,2.44,0,0,0,1667.33,1.2,9.44898,0.777778,1.5,1.6,0.2,0.481865,2M ZnSO4,stainless-steel mesh
8.06,2.44,0,0,0,1667.33,1.2,9.44898,1.055556,1.5,1.6,0.2,0.481865,2M ZnSO4,stainless-steel mesh
8.06,2.44,0,0,0,1667.33,1.2,9.44898,1.333333,1.5,1.6,0.2,0.481865,2M ZnSO4,stainless-steel mesh
8.06,2.44,0,0,0,1667.33,1.2,9.44898,1.611111,1.5,1.6,0.2,0.481865,2M ZnSO4,stainless-steel mesh
8.06,2.44,0,0,0,1667.33,1.2,9.44898,1.888889,1.5,1.6,0.2,0.481865,2M ZnSO4,stainless-steel mesh
8.06,2.44,0,0,0,1667.33,1.2,9.44898,2.166667,1.5,1.6,0.2,0.481865,2M ZnSO4,stainless-steel mesh
8.06,2.44,0,0,0,1667.33,1.2,9.44898,2.444444,1.5,1.6,0.2,0.481865,2M ZnSO4,stainless-steel mesh
8.06,2.44,0,0,0,1667.33,1.2,9.44898,2.722222,1.5,1.6,0.2,0.481865,2M ZnSO4,stainless-steel mesh
8.06,2.44,0,0,0,1667.33,1.2,9.44898,3,1.5,1.6,0.2,0.481865,2M ZnSO4,stainless-steel mesh
8.06,2.44,0,0,0,1667.33,1.2,9.632653,0.5,1.5,1.6,0.2,0.481865,2M ZnSO4,stainless-steel mesh
8.06,2.44,0,0,0,1667.33,1.2,9.632653,0.777778,1.5,1.6,0.2,0.481865,2M ZnSO4,stainless-steel mesh
8.06,2.44,0,0,0,1667.33,1.2,9.632653,1.055556,1.5,1.6,0.2,0.481865,2M ZnSO4,stainless-steel mesh
8.06,2.44,0,0,0,1667.33,1.2,9.632653,1.333333,1.5,1.6,0.2,0.481865,2M ZnSO4,stainless-steel mesh
8.06,2.44,0,0,0,1667.33,1.2,9.632653,1.611111,1.5,1.6,0.2,0.481865,2M ZnSO4,stainless-steel mesh
8.06,2.44,0,0,0,1667.33,1.2,9.632653,1.888889,1.5,1.6,0.2,0.481865,2M ZnSO4,stainless-steel mesh
8.06,2.44,0,0,0,1667.33,1.2,9.632653,2.166667,1.5,1.6,0.2,0.481865,2M ZnSO4,stainless-steel mesh
8.06,2.44,0,0,0,1667.33,1.2,9.632653,2.444444,1.5,1.6,0.2,0.481865,2M ZnSO4,stainless-steel mesh
8.06,2.44,0,0,0,1667.33,1.2,9.632653,2.722222,1.5,1.6,0.2,0.481865,2M ZnSO4,stainless-steel mesh
8.06,2.44,0,0,0,1667.33,1.2,9.632653,3,1.5,1.6,0.2,0.481865,2M ZnSO4,stainless-steel mesh
8.06,2.44,0,0,0,1667.33,1.2,9.816327,0.5,1.5,1.6,0.2,0.481865,2M ZnSO4,stainless-steel mesh
8.06,2.44,0,0,0,1667.33,1.2,9.816327,0.777778,1.5,1.6,0.2,0.481865,2M ZnSO4,stainless-steel mesh
8.06,2.44,0,0,0,1667.33,1.2,9.816327,1.055556,1.5,1.6,0.2,0.481865,2M ZnSO4,stainless-steel mesh
8.06,2.44,0,0,0,1667.33,1.2,9.816327,1.333333,1.5,1.6,0.2,0.481865,2M ZnSO4,stainless-steel mesh
8.06,2.44,0,0,0,1667.33,1.2,9.816327,1.611111,1.5,1.6,0.2,0.481865,2M ZnSO4,stainless-steel mesh
8.06,2.44,0,0,0,1667.33,1.2,9.816327,1.888889,1.5,1.6,0.2,0.481865,2M ZnSO4,stainless-steel mesh
8.06,2.44,0,0,0,1667.33,1.2,9.816327,2.166667,1.5,1.6,0.2,0.481865,2M ZnSO4,stainless-steel mesh
8.06,2.44,0,0,0,1667.33,1.2,9.816327,2.444444,1.5,1.6,0.2,0.481865,2M ZnSO4,stainless-steel mesh
8.06,2.44,0,0,0,1667.33,1.2,9.816327,2.722222,1.5,1.6,0.2,0.481865,2M ZnSO4,stainless-steel mesh
8.06,2.44,0,0,0,1667.33,1.2,9.816327,3,1.5,1.6,0.2,0.481865,2M ZnSO4,stainless-steel mesh
8.06,2.44,0,0,0,1667.33,1.2,10,0.5,1.5,1.6,0.2,0.481865,2M ZnSO4,stainless-steel mesh
8.06,2.44,0,0,0,1667.33,1.2,10,0.777778,1.5,1.6,0.2,0.481865,2M ZnSO4,stainless-steel mesh
8.06,2.44,0,0,0,1667.33,1.2,10,1.055556,1.5,1.6,0.2,0.481865,2M ZnSO4,stainless-steel mesh
8.06,2.44,0,0,0,1667.33,1.2,10,1.333333,1.5,1.6,0.2,0.481865,2M ZnSO4,stainless-steel mesh
8.06,2.44,0,0,0,1667.33,1.2,10,1.611111,1.5,1.6,0.2,0.481865,2M ZnSO4,stainless-steel mesh
8.06,2.44,0,0,0,1667.33,1.2,10,1.888889,1.5,1.6,0.2,0.481865,2M ZnSO4,stainless-steel mesh
8.06,2.44,0,0,0,1667.33,1.2,10,2.166667,1.5,1.6,0.2,0.481865,2M ZnSO4,stainless-steel mesh
8.06,2.44,0,0,0,1667.33,1.2,10,2.444444,1.5,1.6,0.2,0.481865,2M ZnSO4,stainless-steel mesh
8.06,2.44,0,0,0,1667.33,1.2,10,2.722222,1.5,1.6,0.2,0.481865,2M ZnSO4,stainless-steel mesh
8.06,2.44,0,0,0,1667.33,1.2,10,3,1.5,1.6,0.2,0.481865,2M ZnSO4,stainless-steel mesh
