O,N,B,S,P,SSA,Smicro,Smeso,Smicro/SSA,Vt,Vmicro,Vmeso,Vmeso/Vt,Dap,ID/IG,Electrolyte,Current density,Specific capacity
21.55,3.29,0,0,0,1140.8,341.3,799.5,0.299176017,0.86,0.18,0.68,0.790697674,3.01542777,0.82,1M Zn(CF3SO3)2,0.1,90.2
21.55,3.29,0,0,0,1140.8,341.3,799.5,0.299176017,0.86,0.18,0.68,0.790697674,3.01542777,0.82,1M Zn(CF3SO3)2,0.25,86.3
21.55,3.29,0,0,0,1140.8,341.3,799.5,0.299176017,0.86,0.18,0.68,0.790697674,3.01542777,0.82,1M Zn(CF3SO3)2,0.5,79.9
21.55,3.29,0,0,0,1140.8,341.3,799.5,0.299176017,0.86,0.18,0.68,0.790697674,3.01542777,0.82,1M Zn(CF3SO3)2,1,70.3
21.55,3.29,0,0,0,1140.8,341.3,799.5,0.299176017,0.86,0.18,0.68,0.790697674,3.01542777,0.82,1M Zn(CF3SO3)2,2,64.8
21.55,3.29,0,0,0,1140.8,341.3,799.5,0.299176017,0.86,0.18,0.68,0.790697674,3.01542777,0.82,1M Zn(CF3SO3)2,5,51.5
21.55,3.29,0,0,0,1140.8,341.3,799.5,0.299176017,0.86,0.18,0.68,0.790697674,3.01542777,0.82,1M Zn(CF3SO3)2,10,38.5
21.55,3.29,0,0,0,1140.8,341.3,799.5,0.299176017,0.86,0.18,0.68,0.790697674,3.01542777,0.82,1M Zn(CF3SO3)2,20,23.3
17.66,3.01,0,1.12,0,508,142.7,365.3,0.280905512,0.34,0.07,0.27,0.794117647,2.677165354,0.86,1M Zn(CF3SO3)2,0.1,69.1
17.66,3.01,0,1.12,0,508,142.7,365.3,0.280905512,0.34,0.07,0.27,0.794117647,2.677165354,0.86,1M Zn(CF3SO3)2,0.25,60.1
17.66,3.01,0,1.12,0,508,142.7,365.3,0.280905512,0.34,0.07,0.27,0.794117647,2.677165354,0.86,1M Zn(CF3SO3)2,0.5,56.4
17.66,3.01,0,1.12,0,508,142.7,365.3,0.280905512,0.34,0.07,0.27,0.794117647,2.677165354,0.86,1M Zn(CF3SO3)2,1,47.4
17.66,3.01,0,1.12,0,508,142.7,365.3,0.280905512,0.34,0.07,0.27,0.794117647,2.677165354,0.86,1M Zn(CF3SO3)2,2,40.9
17.66,3.01,0,1.12,0,508,142.7,365.3,0.280905512,0.34,0.07,0.27,0.794117647,2.677165354,0.86,1M Zn(CF3SO3)2,5,34.2
17.66,3.01,0,1.12,0,508,142.7,365.3,0.280905512,0.34,0.07,0.27,0.794117647,2.677165354,0.86,1M Zn(CF3SO3)2,10,19.8
17.66,3.01,0,1.12,0,508,142.7,365.3,0.280905512,0.34,0.07,0.27,0.794117647,2.677165354,0.86,1M Zn(CF3SO3)2,20,9.5
16.08,2.82,0,1.78,0,1384.7,293.3,1091.4,0.211814834,0.97,0.15,0.82,0.845360825,2.802050986,0.89,1M Zn(CF3SO3)2,0.1,136.3
16.08,2.82,0,1.78,0,1384.7,293.3,1091.4,0.211814834,0.97,0.15,0.82,0.845360825,2.802050986,0.89,1M Zn(CF3SO3)2,0.25,126.4
16.08,2.82,0,1.78,0,1384.7,293.3,1091.4,0.211814834,0.97,0.15,0.82,0.845360825,2.802050986,0.89,1M Zn(CF3SO3)2,0.5,120.3
16.08,2.82,0,1.78,0,1384.7,293.3,1091.4,0.211814834,0.97,0.15,0.82,0.845360825,2.802050986,0.89,1M Zn(CF3SO3)2,1,112.6
16.08,2.82,0,1.78,0,1384.7,293.3,1091.4,0.211814834,0.97,0.15,0.82,0.845360825,2.802050986,0.89,1M Zn(CF3SO3)2,2,108.4
16.08,2.82,0,1.78,0,1384.7,293.3,1091.4,0.211814834,0.97,0.15,0.82,0.845360825,2.802050986,0.89,1M Zn(CF3SO3)2,5,100.4
16.08,2.82,0,1.78,0,1384.7,293.3,1091.4,0.211814834,0.97,0.15,0.82,0.845360825,2.802050986,0.89,1M Zn(CF3SO3)2,10,94.5
16.08,2.82,0,1.78,0,1384.7,293.3,1091.4,0.211814834,0.97,0.15,0.82,0.845360825,2.802050986,0.89,1M Zn(CF3SO3)2,20,86.5
5.68,1.49,0,0,0,1640.1,860.5,779.6,0.52466313,1.41,0.46,0.94,0.666666667,3.438814706,0.95,2M ZnSO4,0.05,109.66
5.68,1.49,0,0,0,1640.1,860.5,779.6,0.52466313,1.41,0.46,0.94,0.666666667,3.438814706,0.95,2M ZnSO4,0.1,93.3
5.68,1.49,0,0,0,1640.1,860.5,779.6,0.52466313,1.41,0.46,0.94,0.666666667,3.438814706,0.95,2M ZnSO4,0.2,84.6
5.68,1.49,0,0,0,1640.1,860.5,779.6,0.52466313,1.41,0.46,0.94,0.666666667,3.438814706,0.95,2M ZnSO4,0.3,81
5.68,1.49,0,0,0,1640.1,860.5,779.6,0.52466313,1.41,0.46,0.94,0.666666667,3.438814706,0.95,2M ZnSO4,0.5,76.3
5.68,1.49,0,0,0,1640.1,860.5,779.6,0.52466313,1.41,0.46,0.94,0.666666667,3.438814706,0.95,2M ZnSO4,1,71.6
5.68,1.49,0,0,0,1640.1,860.5,779.6,0.52466313,1.41,0.46,0.94,0.666666667,3.438814706,0.95,2M ZnSO4,2,67.6
5.68,1.49,0,0,0,1640.1,860.5,779.6,0.52466313,1.41,0.46,0.94,0.666666667,3.438814706,0.95,2M ZnSO4,3,65.1
5.68,1.49,0,0,0,1640.1,860.5,779.6,0.52466313,1.41,0.46,0.94,0.666666667,3.438814706,0.95,2M ZnSO4,5,62.4
5.68,1.49,0,0,0,1640.1,860.5,779.6,0.52466313,1.41,0.46,0.94,0.666666667,3.438814706,0.95,2M ZnSO4,10,59.5
5.68,1.49,0,0,0,1640.1,860.5,779.6,0.52466313,1.41,0.46,0.94,0.666666667,3.438814706,0.95,2M ZnSO4,15,58.4
5.68,1.49,0,0,0,1640.1,860.5,779.6,0.52466313,1.41,0.46,0.94,0.666666667,3.438814706,0.95,2M ZnSO4,20,57.1
12.04,8.29,0,0,0,1530.9,764.4,766.5,0.499314129,0.96,0.37,0.59,0.614583333,2.508328434,0.86,1M Zn(CF3SO3)2,0.1,204.7
12.04,8.29,0,0,0,1530.9,764.4,766.5,0.499314129,0.96,0.37,0.59,0.614583333,2.508328434,0.86,1M Zn(CF3SO3)2,0.2,181.5
12.04,8.29,0,0,0,1530.9,764.4,766.5,0.499314129,0.96,0.37,0.59,0.614583333,2.508328434,0.86,1M Zn(CF3SO3)2,0.5,165.9
12.04,8.29,0,0,0,1530.9,764.4,766.5,0.499314129,0.96,0.37,0.59,0.614583333,2.508328434,0.86,1M Zn(CF3SO3)2,1,152.7
12.04,8.29,0,0,0,1530.9,764.4,766.5,0.499314129,0.96,0.37,0.59,0.614583333,2.508328434,0.86,1M Zn(CF3SO3)2,2,141.1
12.04,8.29,0,0,0,1530.9,764.4,766.5,0.499314129,0.96,0.37,0.59,0.614583333,2.508328434,0.86,1M Zn(CF3SO3)2,5,134.2
12.04,8.29,0,0,0,1530.9,764.4,766.5,0.499314129,0.96,0.37,0.59,0.614583333,2.508328434,0.86,1M Zn(CF3SO3)2,10,128.6
5.5,2.53,0,0,0,947,506,441,0.534318902,0.54,0.27,0.27,0.5,2.280887012,0.855,1M ZnSO4,0.5,117.9
5.5,2.53,0,0,0,947,506,441,0.534318902,0.54,0.27,0.27,0.5,2.280887012,0.855,1M ZnSO4,20,71
3.67,0,0,0,2.71,1175,793,382,0.674893617,0.71,0.41,0.3,0.422535211,2.417021277,0.858,1M ZnSO4,0.5,136.2
3.67,0,0,0,2.71,1175,793,382,0.674893617,0.71,0.41,0.3,0.422535211,2.417021277,0.858,1M ZnSO4,20,75.9
10.41,2.37,0,0,2.1,899,358,541,0.398220245,0.52,0.19,0.33,0.634615385,2.313681869,0.856,1M ZnSO4,0.5,165.9
10.41,2.37,0,0,2.1,899,358,541,0.398220245,0.52,0.19,0.33,0.634615385,2.313681869,0.856,1M ZnSO4,20,110.9
9.64,3.44,0,0,0,1624,1125,499,0.69273399,0.918,0.599,0.319,0.347494553,2.261083744,0.999,1M ZnSO4,0.1,119.9
9.64,3.44,0,0,0,1624,1125,499,0.69273399,0.918,0.599,0.319,0.347494553,2.261083744,0.999,1M ZnSO4,0.2,108.3
9.64,3.44,0,0,0,1624,1125,499,0.69273399,0.918,0.599,0.319,0.347494553,2.261083744,0.999,1M ZnSO4,0.5,100.2
9.64,3.44,0,0,0,1624,1125,499,0.69273399,0.918,0.599,0.319,0.347494553,2.261083744,0.999,1M ZnSO4,1,94.6
9.64,3.44,0,0,0,1624,1125,499,0.69273399,0.918,0.599,0.319,0.347494553,2.261083744,0.999,1M ZnSO4,2,90.4
9.64,3.44,0,0,0,1624,1125,499,0.69273399,0.918,0.599,0.319,0.347494553,2.261083744,0.999,1M ZnSO4,5,84.8
9.64,3.44,0,0,0,1624,1125,499,0.69273399,0.918,0.599,0.319,0.347494553,2.261083744,0.999,1M ZnSO4,20,81.1
8.42,1.64,0,0,0,1949,961,988,0.493073371,1.133,0.519,0.614,0.541924095,2.325295023,0.917,1M ZnSO4,0.1,159.9
8.42,1.64,0,0,0,1949,961,988,0.493073371,1.133,0.519,0.614,0.541924095,2.325295023,0.917,1M ZnSO4,0.2,139.2
8.42,1.64,0,0,0,1949,961,988,0.493073371,1.133,0.519,0.614,0.541924095,2.325295023,0.917,1M ZnSO4,0.5,124.8
8.42,1.64,0,0,0,1949,961,988,0.493073371,1.133,0.519,0.614,0.541924095,2.325295023,0.917,1M ZnSO4,1,116
8.42,1.64,0,0,0,1949,961,988,0.493073371,1.133,0.519,0.614,0.541924095,2.325295023,0.917,1M ZnSO4,2,109.9
8.42,1.64,0,0,0,1949,961,988,0.493073371,1.133,0.519,0.614,0.541924095,2.325295023,0.917,1M ZnSO4,5,101.9
8.42,1.64,0,0,0,1949,961,988,0.493073371,1.133,0.519,0.614,0.541924095,2.325295023,0.917,1M ZnSO4,20,94
5.52,0.89,0,0,0,2276,480,1796,0.210896309,1.331,0.279,1.052,0.790383171,2.339191564,0.872,1M ZnSO4,0.1,114.2
5.52,0.89,0,0,0,2276,480,1796,0.210896309,1.331,0.279,1.052,0.790383171,2.339191564,0.872,1M ZnSO4,0.2,104.8
5.52,0.89,0,0,0,2276,480,1796,0.210896309,1.331,0.279,1.052,0.790383171,2.339191564,0.872,1M ZnSO4,0.5,95.6
5.52,0.89,0,0,0,2276,480,1796,0.210896309,1.331,0.279,1.052,0.790383171,2.339191564,0.872,1M ZnSO4,1,90
5.52,0.89,0,0,0,2276,480,1796,0.210896309,1.331,0.279,1.052,0.790383171,2.339191564,0.872,1M ZnSO4,2,86.8
5.52,0.89,0,0,0,2276,480,1796,0.210896309,1.331,0.279,1.052,0.790383171,2.339191564,0.872,1M ZnSO4,5,82.4
5.52,0.89,0,0,0,2276,480,1796,0.210896309,1.331,0.279,1.052,0.790383171,2.339191564,0.872,1M ZnSO4,20,78.5
4.81,1.09,0,0,0,972.4,222.7,749.7,0.229020979,1.67,0.29,1.38,0.826347305,6.869600987,0.82,2M ZnSO4,0.2,104.9
4.81,1.09,0,0,0,972.4,222.7,749.7,0.229020979,1.67,0.29,1.38,0.826347305,6.869600987,0.82,2M ZnSO4,0.5,91
4.81,1.09,0,0,0,972.4,222.7,749.7,0.229020979,1.67,0.29,1.38,0.826347305,6.869600987,0.82,2M ZnSO4,1,84.9
4.81,1.09,0,0,0,972.4,222.7,749.7,0.229020979,1.67,0.29,1.38,0.826347305,6.869600987,0.82,2M ZnSO4,2,78.2
4.81,1.09,0,0,0,972.4,222.7,749.7,0.229020979,1.67,0.29,1.38,0.826347305,6.869600987,0.82,2M ZnSO4,3,74.2
4.81,1.09,0,0,0,972.4,222.7,749.7,0.229020979,1.67,0.29,1.38,0.826347305,6.869600987,0.82,2M ZnSO4,4,70.8
4.81,1.09,0,0,0,972.4,222.7,749.7,0.229020979,1.67,0.29,1.38,0.826347305,6.869600987,0.82,2M ZnSO4,5,68.5
4.81,1.09,0,0,0,972.4,222.7,749.7,0.229020979,1.67,0.29,1.38,0.826347305,6.869600987,0.82,2M ZnSO4,10,60.3
4.81,1.09,0,0,0,972.4,222.7,749.7,0.229020979,1.67,0.29,1.38,0.826347305,6.869600987,0.82,2M ZnSO4,15,56.5
4.81,1.09,0,0,0,972.4,222.7,749.7,0.229020979,1.67,0.29,1.38,0.826347305,6.869600987,0.82,2M ZnSO4,20,52.1
4.81,1.09,0,0,0,972.4,222.7,749.7,0.229020979,1.67,0.29,1.38,0.826347305,6.869600987,0.82,2M ZnSO4,30,44.8
4.89,1.74,0,0,0,1666.8,178.1,1488.7,0.106851452,2.42,0.29,2.13,0.880165289,5.807535397,0.88,2M ZnSO4,0.2,132.9
4.89,1.74,0,0,0,1666.8,178.1,1488.7,0.106851452,2.42,0.29,2.13,0.880165289,5.807535397,0.88,2M ZnSO4,0.5,114.4
4.89,1.74,0,0,0,1666.8,178.1,1488.7,0.106851452,2.42,0.29,2.13,0.880165289,5.807535397,0.88,2M ZnSO4,1,108.9
4.89,1.74,0,0,0,1666.8,178.1,1488.7,0.106851452,2.42,0.29,2.13,0.880165289,5.807535397,0.88,2M ZnSO4,2,99.4
4.89,1.74,0,0,0,1666.8,178.1,1488.7,0.106851452,2.42,0.29,2.13,0.880165289,5.807535397,0.88,2M ZnSO4,3,95.6
4.89,1.74,0,0,0,1666.8,178.1,1488.7,0.106851452,2.42,0.29,2.13,0.880165289,5.807535397,0.88,2M ZnSO4,4,91.1
4.89,1.74,0,0,0,1666.8,178.1,1488.7,0.106851452,2.42,0.29,2.13,0.880165289,5.807535397,0.88,2M ZnSO4,5,89.9
4.89,1.74,0,0,0,1666.8,178.1,1488.7,0.106851452,2.42,0.29,2.13,0.880165289,5.807535397,0.88,2M ZnSO4,10,83.3
4.89,1.74,0,0,0,1666.8,178.1,1488.7,0.106851452,2.42,0.29,2.13,0.880165289,5.807535397,0.88,2M ZnSO4,15,80.8
4.89,1.74,0,0,0,1666.8,178.1,1488.7,0.106851452,2.42,0.29,2.13,0.880165289,5.807535397,0.88,2M ZnSO4,20,76.6
4.89,1.74,0,0,0,1666.8,178.1,1488.7,0.106851452,2.42,0.29,2.13,0.880165289,5.807535397,0.88,2M ZnSO4,30,73.3
4.89,1.74,0,0,0,1666.8,178.1,1488.7,0.106851452,2.42,0.29,2.13,0.880165289,5.807535397,0.88,2M ZnSO4,40,68.8
4.89,1.74,0,0,0,1666.8,178.1,1488.7,0.106851452,2.42,0.29,2.13,0.880165289,5.807535397,0.88,2M ZnSO4,50,65.2
6.42,2.75,0,0,0,1301.6,126.5,1175.1,0.097188076,3.04,0.21,2.83,0.930921053,9.34234788,0.92,2M ZnSO4,0.2,67.8
6.42,2.75,0,0,0,1301.6,126.5,1175.1,0.097188076,3.04,0.21,2.83,0.930921053,9.34234788,0.92,2M ZnSO4,0.5,59.8
6.42,2.75,0,0,0,1301.6,126.5,1175.1,0.097188076,3.04,0.21,2.83,0.930921053,9.34234788,0.92,2M ZnSO4,1,56.8
6.42,2.75,0,0,0,1301.6,126.5,1175.1,0.097188076,3.04,0.21,2.83,0.930921053,9.34234788,0.92,2M ZnSO4,2,53.2
6.42,2.75,0,0,0,1301.6,126.5,1175.1,0.097188076,3.04,0.21,2.83,0.930921053,9.34234788,0.92,2M ZnSO4,3,51.7
6.42,2.75,0,0,0,1301.6,126.5,1175.1,0.097188076,3.04,0.21,2.83,0.930921053,9.34234788,0.92,2M ZnSO4,4,49.9
6.42,2.75,0,0,0,1301.6,126.5,1175.1,0.097188076,3.04,0.21,2.83,0.930921053,9.34234788,0.92,2M ZnSO4,5,49.2
6.42,2.75,0,0,0,1301.6,126.5,1175.1,0.097188076,3.04,0.21,2.83,0.930921053,9.34234788,0.92,2M ZnSO4,10,45.5
6.42,2.75,0,0,0,1301.6,126.5,1175.1,0.097188076,3.04,0.21,2.83,0.930921053,9.34234788,0.92,2M ZnSO4,15,43.7
6.42,2.75,0,0,0,1301.6,126.5,1175.1,0.097188076,3.04,0.21,2.83,0.930921053,9.34234788,0.92,2M ZnSO4,20,41.1
6.42,2.75,0,0,0,1301.6,126.5,1175.1,0.097188076,3.04,0.21,2.83,0.930921053,9.34234788,0.92,2M ZnSO4,30,37.4
4.77,0,0,0,0,1644,1292,352,0.785888078,0.96,0.548,0.412,0.429166667,2.335766423,1.06,1M ZnSO4,0.1,52.9
4.77,0,0,0,0,1644,1292,352,0.785888078,0.96,0.548,0.412,0.429166667,2.335766423,1.06,1M ZnSO4,0.2,48.7
4.77,0,0,0,0,1644,1292,352,0.785888078,0.96,0.548,0.412,0.429166667,2.335766423,1.06,1M ZnSO4,0.5,43.8
4.77,0,0,0,0,1644,1292,352,0.785888078,0.96,0.548,0.412,0.429166667,2.335766423,1.06,1M ZnSO4,1,40
4.77,0,0,0,0,1644,1292,352,0.785888078,0.96,0.548,0.412,0.429166667,2.335766423,1.06,1M ZnSO4,2,36.5
4.77,0,0,0,0,1644,1292,352,0.785888078,0.96,0.548,0.412,0.429166667,2.335766423,1.06,1M ZnSO4,5,31.4
4.77,0,0,0,0,1644,1292,352,0.785888078,0.96,0.548,0.412,0.429166667,2.335766423,1.06,1M ZnSO4,10,26.9
4.77,0,0,0,0,1644,1292,352,0.785888078,0.96,0.548,0.412,0.429166667,2.335766423,1.06,1M ZnSO4,20,21.4
4.43,2.62,0,0,2.14,2038,980,1058,0.480863592,1.29,0.428,0.862,0.668217054,2.531894014,1.12,1M ZnSO4,0.1,103.2
4.43,2.62,0,0,2.14,2038,980,1058,0.480863592,1.29,0.428,0.862,0.668217054,2.531894014,1.12,1M ZnSO4,0.2,93.7
4.43,2.62,0,0,2.14,2038,980,1058,0.480863592,1.29,0.428,0.862,0.668217054,2.531894014,1.12,1M ZnSO4,0.5,85.3
4.43,2.62,0,0,2.14,2038,980,1058,0.480863592,1.29,0.428,0.862,0.668217054,2.531894014,1.12,1M ZnSO4,1,80.3
4.43,2.62,0,0,2.14,2038,980,1058,0.480863592,1.29,0.428,0.862,0.668217054,2.531894014,1.12,1M ZnSO4,2,74.7
4.43,2.62,0,0,2.14,2038,980,1058,0.480863592,1.29,0.428,0.862,0.668217054,2.531894014,1.12,1M ZnSO4,5,68.2
4.43,2.62,0,0,2.14,2038,980,1058,0.480863592,1.29,0.428,0.862,0.668217054,2.531894014,1.12,1M ZnSO4,10,61
4.43,2.62,0,0,2.14,2038,980,1058,0.480863592,1.29,0.428,0.862,0.668217054,2.531894014,1.12,1M ZnSO4,20,52.8
6.1,7.2,0,0,0,1843,663,1180,0.359739555,1.1,0.34,0.76,0.690909091,2.387411829,1.01,2M ZnSO4,0.5,181
6.1,7.2,0,0,0,1843,663,1180,0.359739555,1.1,0.34,0.76,0.690909091,2.387411829,1.01,2M ZnSO4,1,153.3
6.1,7.2,0,0,0,1843,663,1180,0.359739555,1.1,0.34,0.76,0.690909091,2.387411829,1.01,2M ZnSO4,2,137.2
6.1,7.2,0,0,0,1843,663,1180,0.359739555,1.1,0.34,0.76,0.690909091,2.387411829,1.01,2M ZnSO4,3,130.2
6.1,7.2,0,0,0,1843,663,1180,0.359739555,1.1,0.34,0.76,0.690909091,2.387411829,1.01,2M ZnSO4,5,121.7
6.1,7.2,0,0,0,1843,663,1180,0.359739555,1.1,0.34,0.76,0.690909091,2.387411829,1.01,2M ZnSO4,10,110.4
6.1,7.2,0,0,0,1843,663,1180,0.359739555,1.1,0.34,0.76,0.690909091,2.387411829,1.01,2M ZnSO4,15,104
4.2,6.3,0,0,0,543,192,351,0.35359116,0.9,0.1,0.8,0.888888889,6.629834254,0.99,2M ZnSO4,0.5,110
4.2,6.3,0,0,0,543,192,351,0.35359116,0.9,0.1,0.8,0.888888889,6.629834254,0.99,2M ZnSO4,1,97.8
4.2,6.3,0,0,0,543,192,351,0.35359116,0.9,0.1,0.8,0.888888889,6.629834254,0.99,2M ZnSO4,2,89.8
4.2,6.3,0,0,0,543,192,351,0.35359116,0.9,0.1,0.8,0.888888889,6.629834254,0.99,2M ZnSO4,3,84.9
4.2,6.3,0,0,0,543,192,351,0.35359116,0.9,0.1,0.8,0.888888889,6.629834254,0.99,2M ZnSO4,5,78.4
4.2,6.3,0,0,0,543,192,351,0.35359116,0.9,0.1,0.8,0.888888889,6.629834254,0.99,2M ZnSO4,10,67.2
4.2,6.3,0,0,0,543,192,351,0.35359116,0.9,0.1,0.8,0.888888889,6.629834254,0.99,2M ZnSO4,15,58.2
10.8,5.7,0,0,0,1454,177,1277,0.12173315,0.83,0.09,0.74,0.891566265,2.283356259,1.05,2M ZnSO4,0.5,98
10.8,5.7,0,0,0,1454,177,1277,0.12173315,0.83,0.09,0.74,0.891566265,2.283356259,1.05,2M ZnSO4,1,81.7
10.8,5.7,0,0,0,1454,177,1277,0.12173315,0.83,0.09,0.74,0.891566265,2.283356259,1.05,2M ZnSO4,2,72.2
10.8,5.7,0,0,0,1454,177,1277,0.12173315,0.83,0.09,0.74,0.891566265,2.283356259,1.05,2M ZnSO4,3,67
10.8,5.7,0,0,0,1454,177,1277,0.12173315,0.83,0.09,0.74,0.891566265,2.283356259,1.05,2M ZnSO4,5,60.7
10.8,5.7,0,0,0,1454,177,1277,0.12173315,0.83,0.09,0.74,0.891566265,2.283356259,1.05,2M ZnSO4,10,50.9
10.8,5.7,0,0,0,1454,177,1277,0.12173315,0.83,0.09,0.74,0.891566265,2.283356259,1.05,2M ZnSO4,15,45.1
9.33,6.25,0,0,0,1021,694,327,0.679725759,1.07,0.69978,0.37022,0.346,4.191968658,0.84,3M Zn(CF3SO3)2,0.2,122.3
9.33,6.25,0,0,0,1021,694,327,0.679725759,1.07,0.69978,0.37022,0.346,4.191968658,0.84,3M Zn(CF3SO3)2,0.5,108.1
9.33,6.25,0,0,0,1021,694,327,0.679725759,1.07,0.69978,0.37022,0.346,4.191968658,0.84,3M Zn(CF3SO3)2,1,103.8
9.33,6.25,0,0,0,1021,694,327,0.679725759,1.07,0.69978,0.37022,0.346,4.191968658,0.84,3M Zn(CF3SO3)2,2,94.2
9.33,6.25,0,0,0,1021,694,327,0.679725759,1.07,0.69978,0.37022,0.346,4.191968658,0.84,3M Zn(CF3SO3)2,5,85.6
9.33,6.25,0,0,0,1021,694,327,0.679725759,1.07,0.69978,0.37022,0.346,4.191968658,0.84,3M Zn(CF3SO3)2,10,76
9.33,6.25,0,0,0,1021,694,327,0.679725759,1.07,0.69978,0.37022,0.346,4.191968658,0.84,3M Zn(CF3SO3)2,20,59.1
8,8.12,0,0,0,1685,318,1367,0.188724036,1.2,0.4044,0.7956,0.663,2.848664688,0.85,3M Zn(CF3SO3)2,0.2,153.8
8,8.12,0,0,0,1685,318,1367,0.188724036,1.2,0.4044,0.7956,0.663,2.848664688,0.85,3M Zn(CF3SO3)2,0.5,146.9
8,8.12,0,0,0,1685,318,1367,0.188724036,1.2,0.4044,0.7956,0.663,2.848664688,0.85,3M Zn(CF3SO3)2,1,127.3
8,8.12,0,0,0,1685,318,1367,0.188724036,1.2,0.4044,0.7956,0.663,2.848664688,0.85,3M Zn(CF3SO3)2,2,117
8,8.12,0,0,0,1685,318,1367,0.188724036,1.2,0.4044,0.7956,0.663,2.848664688,0.85,3M Zn(CF3SO3)2,5,108.7
8,8.12,0,0,0,1685,318,1367,0.188724036,1.2,0.4044,0.7956,0.663,2.848664688,0.85,3M Zn(CF3SO3)2,10,95.5
8,8.12,0,0,0,1685,318,1367,0.188724036,1.2,0.4044,0.7956,0.663,2.848664688,0.85,3M Zn(CF3SO3)2,20,82.3
9.75,7.83,0,0,0,2370,687,1683,0.289873418,2.18,0.52756,1.65244,0.758,3.679324895,0.85,3M Zn(CF3SO3)2,0.2,250
9.75,7.83,0,0,0,2370,687,1683,0.289873418,2.18,0.52756,1.65244,0.758,3.679324895,0.85,3M Zn(CF3SO3)2,0.5,217.5
9.75,7.83,0,0,0,2370,687,1683,0.289873418,2.18,0.52756,1.65244,0.758,3.679324895,0.85,3M Zn(CF3SO3)2,1,184.3
9.75,7.83,0,0,0,2370,687,1683,0.289873418,2.18,0.52756,1.65244,0.758,3.679324895,0.85,3M Zn(CF3SO3)2,2,163.5
9.75,7.83,0,0,0,2370,687,1683,0.289873418,2.18,0.52756,1.65244,0.758,3.679324895,0.85,3M Zn(CF3SO3)2,5,156.8
9.75,7.83,0,0,0,2370,687,1683,0.289873418,2.18,0.52756,1.65244,0.758,3.679324895,0.85,3M Zn(CF3SO3)2,10,151.9
9.75,7.83,0,0,0,2370,687,1683,0.289873418,2.18,0.52756,1.65244,0.758,3.679324895,0.85,3M Zn(CF3SO3)2,20,149.2
4.41,12.14,0,0,0,494,388,106,0.785425101,0.27,0.17,0.1,0.37037037,2.186234818,3.1,2M ZnSO4,0.2,138.5
4.41,12.14,0,0,0,494,388,106,0.785425101,0.27,0.17,0.1,0.37037037,2.186234818,3.1,2M ZnSO4,0.5,112.9
4.41,12.14,0,0,0,494,388,106,0.785425101,0.27,0.17,0.1,0.37037037,2.186234818,3.1,2M ZnSO4,1,98.1
4.41,12.14,0,0,0,494,388,106,0.785425101,0.27,0.17,0.1,0.37037037,2.186234818,3.1,2M ZnSO4,2,89.3
4.41,12.14,0,0,0,494,388,106,0.785425101,0.27,0.17,0.1,0.37037037,2.186234818,3.1,2M ZnSO4,5,77.6
4.41,12.14,0,0,0,494,388,106,0.785425101,0.27,0.17,0.1,0.37037037,2.186234818,3.1,2M ZnSO4,10,69
4.41,12.14,0,0,0,494,388,106,0.785425101,0.27,0.17,0.1,0.37037037,2.186234818,3.1,2M ZnSO4,20,61.8
4.41,12.14,0,0,0,494,388,106,0.785425101,0.27,0.17,0.1,0.37037037,2.186234818,3.1,2M ZnSO4,40,48.7
4.41,12.14,0,0,0,494,388,106,0.785425101,0.27,0.17,0.1,0.37037037,2.186234818,3.1,2M ZnSO4,60,38.7
4.41,12.14,0,0,0,494,388,106,0.785425101,0.27,0.17,0.1,0.37037037,2.186234818,3.1,2M ZnSO4,80,28.8
5.51,5.19,0,0,0,642,288,354,0.448598131,0.58,0.09,0.49,0.844827586,3.613707165,3.5,2M ZnSO4,0.2,149.9
5.51,5.19,0,0,0,642,288,354,0.448598131,0.58,0.09,0.49,0.844827586,3.613707165,3.5,2M ZnSO4,0.5,128.2
5.51,5.19,0,0,0,642,288,354,0.448598131,0.58,0.09,0.49,0.844827586,3.613707165,3.5,2M ZnSO4,1,112.4
5.51,5.19,0,0,0,642,288,354,0.448598131,0.58,0.09,0.49,0.844827586,3.613707165,3.5,2M ZnSO4,2,102.5
5.51,5.19,0,0,0,642,288,354,0.448598131,0.58,0.09,0.49,0.844827586,3.613707165,3.5,2M ZnSO4,5,90.9
5.51,5.19,0,0,0,642,288,354,0.448598131,0.58,0.09,0.49,0.844827586,3.613707165,3.5,2M ZnSO4,10,83.2
5.51,5.19,0,0,0,642,288,354,0.448598131,0.58,0.09,0.49,0.844827586,3.613707165,3.5,2M ZnSO4,20,73.8
5.51,5.19,0,0,0,642,288,354,0.448598131,0.58,0.09,0.49,0.844827586,3.613707165,3.5,2M ZnSO4,40,63.3
5.51,5.19,0,0,0,642,288,354,0.448598131,0.58,0.09,0.49,0.844827586,3.613707165,3.5,2M ZnSO4,60,55.4
5.51,5.19,0,0,0,642,288,354,0.448598131,0.58,0.09,0.49,0.844827586,3.613707165,3.5,2M ZnSO4,80,46.9
11.74,6.67,0,0,4.7,1702,1154,548,0.678025852,1.29,0.52,0.77,0.596899225,3.03172738,4.4,2M ZnSO4,0.2,212
11.74,6.67,0,0,4.7,1702,1154,548,0.678025852,1.29,0.52,0.77,0.596899225,3.03172738,4.4,2M ZnSO4,0.5,189.9
11.74,6.67,0,0,4.7,1702,1154,548,0.678025852,1.29,0.52,0.77,0.596899225,3.03172738,4.4,2M ZnSO4,1,171.8
11.74,6.67,0,0,4.7,1702,1154,548,0.678025852,1.29,0.52,0.77,0.596899225,3.03172738,4.4,2M ZnSO4,2,155.1
11.74,6.67,0,0,4.7,1702,1154,548,0.678025852,1.29,0.52,0.77,0.596899225,3.03172738,4.4,2M ZnSO4,5,145.9
11.74,6.67,0,0,4.7,1702,1154,548,0.678025852,1.29,0.52,0.77,0.596899225,3.03172738,4.4,2M ZnSO4,10,134.2
11.74,6.67,0,0,4.7,1702,1154,548,0.678025852,1.29,0.52,0.77,0.596899225,3.03172738,4.4,2M ZnSO4,20,126.2
11.74,6.67,0,0,4.7,1702,1154,548,0.678025852,1.29,0.52,0.77,0.596899225,3.03172738,4.4,2M ZnSO4,40,114
11.74,6.67,0,0,4.7,1702,1154,548,0.678025852,1.29,0.52,0.77,0.596899225,3.03172738,4.4,2M ZnSO4,60,104.4
11.74,6.67,0,0,4.7,1702,1154,548,0.678025852,1.29,0.52,0.77,0.596899225,3.03172738,4.4,2M ZnSO4,80,93.4
7.41,0.53,0,0,0,1398.16,1037.82,360.34,0.742275562,0.79,0.53,0.26,0.329113924,2.260113292,0.7,1M ZnSO4,0.2,94.6
7.41,0.53,0,0,0,1398.16,1037.82,360.34,0.742275562,0.79,0.53,0.26,0.329113924,2.260113292,0.7,1M ZnSO4,0.5,84
7.41,0.53,0,0,0,1398.16,1037.82,360.34,0.742275562,0.79,0.53,0.26,0.329113924,2.260113292,0.7,1M ZnSO4,0.8,80.3
7.41,0.53,0,0,0,1398.16,1037.82,360.34,0.742275562,0.79,0.53,0.26,0.329113924,2.260113292,0.7,1M ZnSO4,1,77.9
7.41,0.53,0,0,0,1398.16,1037.82,360.34,0.742275562,0.79,0.53,0.26,0.329113924,2.260113292,0.7,1M ZnSO4,2,75
7.41,0.53,0,0,0,1398.16,1037.82,360.34,0.742275562,0.79,0.53,0.26,0.329113924,2.260113292,0.7,1M ZnSO4,5,71.3
7.41,0.53,0,0,0,1398.16,1037.82,360.34,0.742275562,0.79,0.53,0.26,0.329113924,2.260113292,0.7,1M ZnSO4,8,67.5
7.41,0.53,0,0,0,1398.16,1037.82,360.34,0.742275562,0.79,0.53,0.26,0.329113924,2.260113292,0.7,1M ZnSO4,10,65.7
6.75,2.16,1.16,0,0,2363.18,1076.78,1286.4,0.455648744,1.33,0.53,0.8,0.601503759,2.251203886,0.79,1M ZnSO4,0.2,135.3
6.75,2.16,1.16,0,0,2363.18,1076.78,1286.4,0.455648744,1.33,0.53,0.8,0.601503759,2.251203886,0.79,1M ZnSO4,0.5,110.1
6.75,2.16,1.16,0,0,2363.18,1076.78,1286.4,0.455648744,1.33,0.53,0.8,0.601503759,2.251203886,0.79,1M ZnSO4,0.8,102.2
6.75,2.16,1.16,0,0,2363.18,1076.78,1286.4,0.455648744,1.33,0.53,0.8,0.601503759,2.251203886,0.79,1M ZnSO4,1,99.2
6.75,2.16,1.16,0,0,2363.18,1076.78,1286.4,0.455648744,1.33,0.53,0.8,0.601503759,2.251203886,0.79,1M ZnSO4,2,92.6
6.75,2.16,1.16,0,0,2363.18,1076.78,1286.4,0.455648744,1.33,0.53,0.8,0.601503759,2.251203886,0.79,1M ZnSO4,5,86.7
6.75,2.16,1.16,0,0,2363.18,1076.78,1286.4,0.455648744,1.33,0.53,0.8,0.601503759,2.251203886,0.79,1M ZnSO4,8,83.9
6.75,2.16,1.16,0,0,2363.18,1076.78,1286.4,0.455648744,1.33,0.53,0.8,0.601503759,2.251203886,0.79,1M ZnSO4,10,82
10.36,3.74,1.11,0,0,803.95,662.11,141.84,0.823571118,0.53,0.35,0.18,0.339622642,2.636979912,0.75,1M ZnSO4,0.2,144.6
10.36,3.74,1.11,0,0,803.95,662.11,141.84,0.823571118,0.53,0.35,0.18,0.339622642,2.636979912,0.75,1M ZnSO4,0.5,122.9
10.36,3.74,1.11,0,0,803.95,662.11,141.84,0.823571118,0.53,0.35,0.18,0.339622642,2.636979912,0.75,1M ZnSO4,0.8,112.8
10.36,3.74,1.11,0,0,803.95,662.11,141.84,0.823571118,0.53,0.35,0.18,0.339622642,2.636979912,0.75,1M ZnSO4,1,107.1
10.36,3.74,1.11,0,0,803.95,662.11,141.84,0.823571118,0.53,0.35,0.18,0.339622642,2.636979912,0.75,1M ZnSO4,2,96.7
10.36,3.74,1.11,0,0,803.95,662.11,141.84,0.823571118,0.53,0.35,0.18,0.339622642,2.636979912,0.75,1M ZnSO4,5,85.6
10.36,3.74,1.11,0,0,803.95,662.11,141.84,0.823571118,0.53,0.35,0.18,0.339622642,2.636979912,0.75,1M ZnSO4,8,77.1
10.36,3.74,1.11,0,0,803.95,662.11,141.84,0.823571118,0.53,0.35,0.18,0.339622642,2.636979912,0.75,1M ZnSO4,10,73.1
6.89,1.57,1.05,0,0,1678.38,1065.52,612.86,0.634850272,1.04,0.54,0.5,0.480769231,2.478580536,0.82,1M ZnSO4,0.2,185.3
6.89,1.57,1.05,0,0,1678.38,1065.52,612.86,0.634850272,1.04,0.54,0.5,0.480769231,2.478580536,0.82,1M ZnSO4,0.5,134.8
6.89,1.57,1.05,0,0,1678.38,1065.52,612.86,0.634850272,1.04,0.54,0.5,0.480769231,2.478580536,0.82,1M ZnSO4,0.8,125
6.89,1.57,1.05,0,0,1678.38,1065.52,612.86,0.634850272,1.04,0.54,0.5,0.480769231,2.478580536,0.82,1M ZnSO4,1,119.7
6.89,1.57,1.05,0,0,1678.38,1065.52,612.86,0.634850272,1.04,0.54,0.5,0.480769231,2.478580536,0.82,1M ZnSO4,2,111.3
6.89,1.57,1.05,0,0,1678.38,1065.52,612.86,0.634850272,1.04,0.54,0.5,0.480769231,2.478580536,0.82,1M ZnSO4,5,101.5
6.89,1.57,1.05,0,0,1678.38,1065.52,612.86,0.634850272,1.04,0.54,0.5,0.480769231,2.478580536,0.82,1M ZnSO4,8,98.6
6.89,1.57,1.05,0,0,1678.38,1065.52,612.86,0.634850272,1.04,0.54,0.5,0.480769231,2.478580536,0.82,1M ZnSO4,10,95.2
5.49,2.86,1.36,0,0,1590.46,177.35,1413.11,0.11150862,1.32,0.08,1.24,0.939393939,3.319794273,0.71,1M ZnSO4,0.2,84
5.49,2.86,1.36,0,0,1590.46,177.35,1413.11,0.11150862,1.32,0.08,1.24,0.939393939,3.319794273,0.71,1M ZnSO4,0.5,69.1
5.49,2.86,1.36,0,0,1590.46,177.35,1413.11,0.11150862,1.32,0.08,1.24,0.939393939,3.319794273,0.71,1M ZnSO4,0.8,64.9
5.49,2.86,1.36,0,0,1590.46,177.35,1413.11,0.11150862,1.32,0.08,1.24,0.939393939,3.319794273,0.71,1M ZnSO4,1,63
5.49,2.86,1.36,0,0,1590.46,177.35,1413.11,0.11150862,1.32,0.08,1.24,0.939393939,3.319794273,0.71,1M ZnSO4,2,58.8
5.49,2.86,1.36,0,0,1590.46,177.35,1413.11,0.11150862,1.32,0.08,1.24,0.939393939,3.319794273,0.71,1M ZnSO4,5,56.9
5.49,2.86,1.36,0,0,1590.46,177.35,1413.11,0.11150862,1.32,0.08,1.24,0.939393939,3.319794273,0.71,1M ZnSO4,8,55.1
5.49,2.86,1.36,0,0,1590.46,177.35,1413.11,0.11150862,1.32,0.08,1.24,0.939393939,3.319794273,0.71,1M ZnSO4,10,53.2
3.37,0,0,0,0,3252.6,903.5,2349.1,0.277777778,3.428,0.341,3.087,0.900525088,4.21570436,1.02,1M Zn(CF3SO3)2,0.3,98.2
3.37,0,0,0,0,3252.6,903.5,2349.1,0.277777778,3.428,0.341,3.087,0.900525088,4.21570436,1.02,1M Zn(CF3SO3)2,0.5,94.2
3.37,0,0,0,0,3252.6,903.5,2349.1,0.277777778,3.428,0.341,3.087,0.900525088,4.21570436,1.02,1M Zn(CF3SO3)2,1,89.5
3.37,0,0,0,0,3252.6,903.5,2349.1,0.277777778,3.428,0.341,3.087,0.900525088,4.21570436,1.02,1M Zn(CF3SO3)2,3,80.1
3.37,0,0,0,0,3252.6,903.5,2349.1,0.277777778,3.428,0.341,3.087,0.900525088,4.21570436,1.02,1M Zn(CF3SO3)2,5,76.2
3.37,0,0,0,0,3252.6,903.5,2349.1,0.277777778,3.428,0.341,3.087,0.900525088,4.21570436,1.02,1M Zn(CF3SO3)2,8,73
3.37,0,0,0,0,3252.6,903.5,2349.1,0.277777778,3.428,0.341,3.087,0.900525088,4.21570436,1.02,1M Zn(CF3SO3)2,10,67.9
3.37,0,0,0,0,3252.6,903.5,2349.1,0.277777778,3.428,0.341,3.087,0.900525088,4.21570436,1.02,1M Zn(CF3SO3)2,20,61.2
3.37,0,0,0,0,3252.6,903.5,2349.1,0.277777778,3.428,0.341,3.087,0.900525088,4.21570436,1.02,1M Zn(CF3SO3)2,30,56.4
2.75,0.95,0,0,0,1687.1,472.1,1215,0.279829293,1.75,0.161,1.589,0.908,4.149131646,1.11,1M Zn(CF3SO3)2,0.3,111.6
2.75,0.95,0,0,0,1687.1,472.1,1215,0.279829293,1.75,0.161,1.589,0.908,4.149131646,1.11,1M Zn(CF3SO3)2,0.5,105.1
2.75,0.95,0,0,0,1687.1,472.1,1215,0.279829293,1.75,0.161,1.589,0.908,4.149131646,1.11,1M Zn(CF3SO3)2,1,102
2.75,0.95,0,0,0,1687.1,472.1,1215,0.279829293,1.75,0.161,1.589,0.908,4.149131646,1.11,1M Zn(CF3SO3)2,3,96.6
2.75,0.95,0,0,0,1687.1,472.1,1215,0.279829293,1.75,0.161,1.589,0.908,4.149131646,1.11,1M Zn(CF3SO3)2,5,92.4
2.75,0.95,0,0,0,1687.1,472.1,1215,0.279829293,1.75,0.161,1.589,0.908,4.149131646,1.11,1M Zn(CF3SO3)2,8,90
2.75,0.95,0,0,0,1687.1,472.1,1215,0.279829293,1.75,0.161,1.589,0.908,4.149131646,1.11,1M Zn(CF3SO3)2,10,88.5
2.75,0.95,0,0,0,1687.1,472.1,1215,0.279829293,1.75,0.161,1.589,0.908,4.149131646,1.11,1M Zn(CF3SO3)2,20,79.9
2.75,0.95,0,0,0,1687.1,472.1,1215,0.279829293,1.75,0.161,1.589,0.908,4.149131646,1.11,1M Zn(CF3SO3)2,30,72.4
1.91,2.99,0,0,0,2330.9,466.5,1864.4,0.200137286,2.756,0.262,2.494,0.904934688,4.729503625,1.24,1M Zn(CF3SO3)2,0.3,125.3
1.91,2.99,0,0,0,2330.9,466.5,1864.4,0.200137286,2.756,0.262,2.494,0.904934688,4.729503625,1.24,1M Zn(CF3SO3)2,0.5,117.3
1.91,2.99,0,0,0,2330.9,466.5,1864.4,0.200137286,2.756,0.262,2.494,0.904934688,4.729503625,1.24,1M Zn(CF3SO3)2,1,115.3
1.91,2.99,0,0,0,2330.9,466.5,1864.4,0.200137286,2.756,0.262,2.494,0.904934688,4.729503625,1.24,1M Zn(CF3SO3)2,3,105.9
1.91,2.99,0,0,0,2330.9,466.5,1864.4,0.200137286,2.756,0.262,2.494,0.904934688,4.729503625,1.24,1M Zn(CF3SO3)2,5,99.8
1.91,2.99,0,0,0,2330.9,466.5,1864.4,0.200137286,2.756,0.262,2.494,0.904934688,4.729503625,1.24,1M Zn(CF3SO3)2,8,97.5
1.91,2.99,0,0,0,2330.9,466.5,1864.4,0.200137286,2.756,0.262,2.494,0.904934688,4.729503625,1.24,1M Zn(CF3SO3)2,10,94.5
1.91,2.99,0,0,0,2330.9,466.5,1864.4,0.200137286,2.756,0.262,2.494,0.904934688,4.729503625,1.24,1M Zn(CF3SO3)2,20,88.9
1.91,2.99,0,0,0,2330.9,466.5,1864.4,0.200137286,2.756,0.262,2.494,0.904934688,4.729503625,1.24,1M Zn(CF3SO3)2,30,83.1
1.9,1.3,0,0,0,1317.4,364.9,952.5,0.27698497,1.384,0.155,1.229,0.88800578,4.202216487,1.05,1M Zn(CF3SO3)2,0.3,107.6
1.9,1.3,0,0,0,1317.4,364.9,952.5,0.27698497,1.384,0.155,1.229,0.88800578,4.202216487,1.05,1M Zn(CF3SO3)2,0.5,103
1.9,1.3,0,0,0,1317.4,364.9,952.5,0.27698497,1.384,0.155,1.229,0.88800578,4.202216487,1.05,1M Zn(CF3SO3)2,1,99.7
1.9,1.3,0,0,0,1317.4,364.9,952.5,0.27698497,1.384,0.155,1.229,0.88800578,4.202216487,1.05,1M Zn(CF3SO3)2,3,91.6
1.9,1.3,0,0,0,1317.4,364.9,952.5,0.27698497,1.384,0.155,1.229,0.88800578,4.202216487,1.05,1M Zn(CF3SO3)2,5,88.7
1.9,1.3,0,0,0,1317.4,364.9,952.5,0.27698497,1.384,0.155,1.229,0.88800578,4.202216487,1.05,1M Zn(CF3SO3)2,8,82.4
1.9,1.3,0,0,0,1317.4,364.9,952.5,0.27698497,1.384,0.155,1.229,0.88800578,4.202216487,1.05,1M Zn(CF3SO3)2,10,79.6
1.9,1.3,0,0,0,1317.4,364.9,952.5,0.27698497,1.384,0.155,1.229,0.88800578,4.202216487,1.05,1M Zn(CF3SO3)2,20,71.9
1.9,1.3,0,0,0,1317.4,364.9,952.5,0.27698497,1.384,0.155,1.229,0.88800578,4.202216487,1.05,1M Zn(CF3SO3)2,30,63.1
15.55,2.61,0,0,0,3139.2,1295.9,1843.3,0.412812181,1.74,0.97,0.77,0.442528736,2.217125382,1.02,2M ZnSO4,0.1,189.4
15.55,2.61,0,0,0,3139.2,1295.9,1843.3,0.412812181,1.74,0.97,0.77,0.442528736,2.217125382,1.02,2M ZnSO4,0.2,155
15.55,2.61,0,0,0,3139.2,1295.9,1843.3,0.412812181,1.74,0.97,0.77,0.442528736,2.217125382,1.02,2M ZnSO4,0.5,136.6
15.55,2.61,0,0,0,3139.2,1295.9,1843.3,0.412812181,1.74,0.97,0.77,0.442528736,2.217125382,1.02,2M ZnSO4,1,126.1
15.55,2.61,0,0,0,3139.2,1295.9,1843.3,0.412812181,1.74,0.97,0.77,0.442528736,2.217125382,1.02,2M ZnSO4,2,117.1
15.55,2.61,0,0,0,3139.2,1295.9,1843.3,0.412812181,1.74,0.97,0.77,0.442528736,2.217125382,1.02,2M ZnSO4,3,112.5
15.55,2.61,0,0,0,3139.2,1295.9,1843.3,0.412812181,1.74,0.97,0.77,0.442528736,2.217125382,1.02,2M ZnSO4,4,109.3
15.55,2.61,0,0,0,3139.2,1295.9,1843.3,0.412812181,1.74,0.97,0.77,0.442528736,2.217125382,1.02,2M ZnSO4,5,106.7
15.55,2.61,0,0,0,3139.2,1295.9,1843.3,0.412812181,1.74,0.97,0.77,0.442528736,2.217125382,1.02,2M ZnSO4,7,103.6
15.55,2.61,0,0,0,3139.2,1295.9,1843.3,0.412812181,1.74,0.97,0.77,0.442528736,2.217125382,1.02,2M ZnSO4,10,100
15.55,2.61,0,0,0,3139.2,1295.9,1843.3,0.412812181,1.74,0.97,0.77,0.442528736,2.217125382,1.02,2M ZnSO4,14,97.2
15.55,2.61,0,0,0,3139.2,1295.9,1843.3,0.412812181,1.74,0.97,0.77,0.442528736,2.217125382,1.02,2M ZnSO4,20,94.2
15.55,2.61,0,0,0,3139.2,1295.9,1843.3,0.412812181,1.74,0.97,0.77,0.442528736,2.217125382,1.02,2M ZnSO4,50,84.2
15.55,2.61,0,0,0,3139.2,1295.9,1843.3,0.412812181,1.74,0.97,0.77,0.442528736,2.217125382,1.02,2M ZnSO4,70,66.9
15.55,2.61,0,0,0,3139.2,1295.9,1843.3,0.412812181,1.74,0.97,0.77,0.442528736,2.217125382,1.02,2M ZnSO4,100,59.4
12.89,3.05,0,0,0,3224.9,1257.6,1967.3,0.38996558,1.93,0.93,1,0.518134715,2.393872678,0.94,2M ZnSO4,0.1,225.3
12.89,3.05,0,0,0,3224.9,1257.6,1967.3,0.38996558,1.93,0.93,1,0.518134715,2.393872678,0.94,2M ZnSO4,0.2,196.8
12.89,3.05,0,0,0,3224.9,1257.6,1967.3,0.38996558,1.93,0.93,1,0.518134715,2.393872678,0.94,2M ZnSO4,0.5,174.3
12.89,3.05,0,0,0,3224.9,1257.6,1967.3,0.38996558,1.93,0.93,1,0.518134715,2.393872678,0.94,2M ZnSO4,1,161.1
12.89,3.05,0,0,0,3224.9,1257.6,1967.3,0.38996558,1.93,0.93,1,0.518134715,2.393872678,0.94,2M ZnSO4,2,150.8
12.89,3.05,0,0,0,3224.9,1257.6,1967.3,0.38996558,1.93,0.93,1,0.518134715,2.393872678,0.94,2M ZnSO4,3,144.4
12.89,3.05,0,0,0,3224.9,1257.6,1967.3,0.38996558,1.93,0.93,1,0.518134715,2.393872678,0.94,2M ZnSO4,4,141.2
12.89,3.05,0,0,0,3224.9,1257.6,1967.3,0.38996558,1.93,0.93,1,0.518134715,2.393872678,0.94,2M ZnSO4,5,138.6
12.89,3.05,0,0,0,3224.9,1257.6,1967.3,0.38996558,1.93,0.93,1,0.518134715,2.393872678,0.94,2M ZnSO4,7,134
12.89,3.05,0,0,0,3224.9,1257.6,1967.3,0.38996558,1.93,0.93,1,0.518134715,2.393872678,0.94,2M ZnSO4,10,129.3
12.89,3.05,0,0,0,3224.9,1257.6,1967.3,0.38996558,1.93,0.93,1,0.518134715,2.393872678,0.94,2M ZnSO4,14,124.5
12.89,3.05,0,0,0,3224.9,1257.6,1967.3,0.38996558,1.93,0.93,1,0.518134715,2.393872678,0.94,2M ZnSO4,20,118.7
12.89,3.05,0,0,0,3224.9,1257.6,1967.3,0.38996558,1.93,0.93,1,0.518134715,2.393872678,0.94,2M ZnSO4,50,103
12.89,3.05,0,0,0,3224.9,1257.6,1967.3,0.38996558,1.93,0.93,1,0.518134715,2.393872678,0.94,2M ZnSO4,70,88.8
12.89,3.05,0,0,0,3224.9,1257.6,1967.3,0.38996558,1.93,0.93,1,0.518134715,2.393872678,0.94,2M ZnSO4,100,73.8
10.45,2.44,0,0,0,2993.2,1291.5,1701.7,0.431478017,1.71,0.91,0.8,0.467836257,2.285179741,0.91,2M ZnSO4,0.1,193
10.45,2.44,0,0,0,2993.2,1291.5,1701.7,0.431478017,1.71,0.91,0.8,0.467836257,2.285179741,0.91,2M ZnSO4,0.2,160.1
10.45,2.44,0,0,0,2993.2,1291.5,1701.7,0.431478017,1.71,0.91,0.8,0.467836257,2.285179741,0.91,2M ZnSO4,0.5,141.2
10.45,2.44,0,0,0,2993.2,1291.5,1701.7,0.431478017,1.71,0.91,0.8,0.467836257,2.285179741,0.91,2M ZnSO4,1,129.3
10.45,2.44,0,0,0,2993.2,1291.5,1701.7,0.431478017,1.71,0.91,0.8,0.467836257,2.285179741,0.91,2M ZnSO4,2,120.9
10.45,2.44,0,0,0,2993.2,1291.5,1701.7,0.431478017,1.71,0.91,0.8,0.467836257,2.285179741,0.91,2M ZnSO4,3,116.7
10.45,2.44,0,0,0,2993.2,1291.5,1701.7,0.431478017,1.71,0.91,0.8,0.467836257,2.285179741,0.91,2M ZnSO4,4,112.9
10.45,2.44,0,0,0,2993.2,1291.5,1701.7,0.431478017,1.71,0.91,0.8,0.467836257,2.285179741,0.91,2M ZnSO4,5,110.9
10.45,2.44,0,0,0,2993.2,1291.5,1701.7,0.431478017,1.71,0.91,0.8,0.467836257,2.285179741,0.91,2M ZnSO4,7,108.3
10.45,2.44,0,0,0,2993.2,1291.5,1701.7,0.431478017,1.71,0.91,0.8,0.467836257,2.285179741,0.91,2M ZnSO4,10,104.5
10.45,2.44,0,0,0,2993.2,1291.5,1701.7,0.431478017,1.71,0.91,0.8,0.467836257,2.285179741,0.91,2M ZnSO4,14,102
10.45,2.44,0,0,0,2993.2,1291.5,1701.7,0.431478017,1.71,0.91,0.8,0.467836257,2.285179741,0.91,2M ZnSO4,20,99.4
10.45,2.44,0,0,0,2993.2,1291.5,1701.7,0.431478017,1.71,0.91,0.8,0.467836257,2.285179741,0.91,2M ZnSO4,50,91
10.45,2.44,0,0,0,2993.2,1291.5,1701.7,0.431478017,1.71,0.91,0.8,0.467836257,2.285179741,0.91,2M ZnSO4,70,79.4
10.45,2.44,0,0,0,2993.2,1291.5,1701.7,0.431478017,1.71,0.91,0.8,0.467836257,2.285179741,0.91,2M ZnSO4,100,70.2
11.54,0,0,0.47,0,2813,1805,1008,0.641663704,1.82,0.86,0.49,0.269230769,2.587984358,1.01,2M ZnSO4,0.5,194
11.54,0,0,0.47,0,2813,1805,1008,0.641663704,1.82,0.86,0.49,0.269230769,2.587984358,1.01,2M ZnSO4,1,172
11.54,0,0,0.47,0,2813,1805,1008,0.641663704,1.82,0.86,0.49,0.269230769,2.587984358,1.01,2M ZnSO4,2,152
11.54,0,0,0.47,0,2813,1805,1008,0.641663704,1.82,0.86,0.49,0.269230769,2.587984358,1.01,2M ZnSO4,4,138
11.54,0,0,0.47,0,2813,1805,1008,0.641663704,1.82,0.86,0.49,0.269230769,2.587984358,1.01,2M ZnSO4,6,129
11.54,0,0,0.47,0,2813,1805,1008,0.641663704,1.82,0.86,0.49,0.269230769,2.587984358,1.01,2M ZnSO4,8,123
11.54,0,0,0.47,0,2813,1805,1008,0.641663704,1.82,0.86,0.49,0.269230769,2.587984358,1.01,2M ZnSO4,10,119
11.54,0,0,0.47,0,2813,1805,1008,0.641663704,1.82,0.86,0.49,0.269230769,2.587984358,1.01,2M ZnSO4,15,113
11.54,0,0,0.47,0,2813,1805,1008,0.641663704,1.82,0.86,0.49,0.269230769,2.587984358,1.01,2M ZnSO4,20,108
11.54,0,0,0.47,0,2813,1805,1008,0.641663704,1.82,0.86,0.49,0.269230769,2.587984358,1.01,2M ZnSO4,30,102
6.15,13.57,0,0,0,1274.8,1127.8,147,0.884687794,0.551,0.394,0.157,0.284936479,1.728898651,1.97,2M ZnSO4,0.5,127.5
6.15,13.57,0,0,0,1274.8,1127.8,147,0.884687794,0.551,0.394,0.157,0.284936479,1.728898651,1.97,2M ZnSO4,1,117.1
6.15,13.57,0,0,0,1274.8,1127.8,147,0.884687794,0.551,0.394,0.157,0.284936479,1.728898651,1.97,2M ZnSO4,2,106.8
6.15,13.57,0,0,0,1274.8,1127.8,147,0.884687794,0.551,0.394,0.157,0.284936479,1.728898651,1.97,2M ZnSO4,5,87.8
6.15,13.57,0,0,0,1274.8,1127.8,147,0.884687794,0.551,0.394,0.157,0.284936479,1.728898651,1.97,2M ZnSO4,10,67.9
6.15,13.57,0,0,0,1274.8,1127.8,147,0.884687794,0.551,0.394,0.157,0.284936479,1.728898651,1.97,2M ZnSO4,20,42.4
6.15,13.57,0,0,0,1274.8,1127.8,147,0.884687794,0.551,0.394,0.157,0.284936479,1.728898651,1.97,2M ZnSO4,30,23.9
6.15,13.57,0,0,0,1274.8,1127.8,147,0.884687794,0.551,0.394,0.157,0.284936479,1.728898651,1.97,2M ZnSO4,60,17.4
6.82,2.11,0,0,0,3407.6,1076.7,2330.9,0.315970184,1.953,0.574,1.379,0.70609319,2.292522597,2.41,2M ZnSO4,0.5,194.4
6.82,2.11,0,0,0,3407.6,1076.7,2330.9,0.315970184,1.953,0.574,1.379,0.70609319,2.292522597,2.41,2M ZnSO4,1,178.5
6.82,2.11,0,0,0,3407.6,1076.7,2330.9,0.315970184,1.953,0.574,1.379,0.70609319,2.292522597,2.41,2M ZnSO4,2,165.5
6.82,2.11,0,0,0,3407.6,1076.7,2330.9,0.315970184,1.953,0.574,1.379,0.70609319,2.292522597,2.41,2M ZnSO4,5,147.4
6.82,2.11,0,0,0,3407.6,1076.7,2330.9,0.315970184,1.953,0.574,1.379,0.70609319,2.292522597,2.41,2M ZnSO4,10,131.8
6.82,2.11,0,0,0,3407.6,1076.7,2330.9,0.315970184,1.953,0.574,1.379,0.70609319,2.292522597,2.41,2M ZnSO4,20,113.7
6.82,2.11,0,0,0,3407.6,1076.7,2330.9,0.315970184,1.953,0.574,1.379,0.70609319,2.292522597,2.41,2M ZnSO4,30,102.5
6.82,2.11,0,0,0,3407.6,1076.7,2330.9,0.315970184,1.953,0.574,1.379,0.70609319,2.292522597,2.41,2M ZnSO4,60,77.9
7.48,2.67,0,0,0,3553.1,976.9,2576.2,0.274943008,2.071,0.552,1.519,0.733462096,2.331485182,2.79,2M ZnSO4,0.5,199.1
7.48,2.67,0,0,0,3553.1,976.9,2576.2,0.274943008,2.071,0.552,1.519,0.733462096,2.331485182,2.79,2M ZnSO4,1,183
7.48,2.67,0,0,0,3553.1,976.9,2576.2,0.274943008,2.071,0.552,1.519,0.733462096,2.331485182,2.79,2M ZnSO4,2,172.4
7.48,2.67,0,0,0,3553.1,976.9,2576.2,0.274943008,2.071,0.552,1.519,0.733462096,2.331485182,2.79,2M ZnSO4,5,159.6
7.48,2.67,0,0,0,3553.1,976.9,2576.2,0.274943008,2.071,0.552,1.519,0.733462096,2.331485182,2.79,2M ZnSO4,10,150.3
7.48,2.67,0,0,0,3553.1,976.9,2576.2,0.274943008,2.071,0.552,1.519,0.733462096,2.331485182,2.79,2M ZnSO4,20,139.9
7.48,2.67,0,0,0,3553.1,976.9,2576.2,0.274943008,2.071,0.552,1.519,0.733462096,2.331485182,2.79,2M ZnSO4,30,130.1
7.48,2.67,0,0,0,3553.1,976.9,2576.2,0.274943008,2.071,0.552,1.519,0.733462096,2.331485182,2.79,2M ZnSO4,60,118.8
6.93,1.98,0,0,0,3415.3,639.3,2776,0.18718707,2.482,0.397,2.085,0.840048348,2.906918865,2.82,2M ZnSO4,0.5,169.3
6.93,1.98,0,0,0,3415.3,639.3,2776,0.18718707,2.482,0.397,2.085,0.840048348,2.906918865,2.82,2M ZnSO4,1,155.4
6.93,1.98,0,0,0,3415.3,639.3,2776,0.18718707,2.482,0.397,2.085,0.840048348,2.906918865,2.82,2M ZnSO4,2,144.7
6.93,1.98,0,0,0,3415.3,639.3,2776,0.18718707,2.482,0.397,2.085,0.840048348,2.906918865,2.82,2M ZnSO4,5,134
6.93,1.98,0,0,0,3415.3,639.3,2776,0.18718707,2.482,0.397,2.085,0.840048348,2.906918865,2.82,2M ZnSO4,10,125.7
6.93,1.98,0,0,0,3415.3,639.3,2776,0.18718707,2.482,0.397,2.085,0.840048348,2.906918865,2.82,2M ZnSO4,20,118.9
6.93,1.98,0,0,0,3415.3,639.3,2776,0.18718707,2.482,0.397,2.085,0.840048348,2.906918865,2.82,2M ZnSO4,30,114.5
6.93,1.98,0,0,0,3415.3,639.3,2776,0.18718707,2.482,0.397,2.085,0.840048348,2.906918865,2.82,2M ZnSO4,60,105.9
10.58,1.47,0,0,0,2290,2122,168,0.926637555,0.93,0.82,0.11,0.11827957,1.624454148,0.9567,2M ZnSO4,0.1,74
10.58,1.47,0,0,0,2290,2122,168,0.926637555,0.93,0.82,0.11,0.11827957,1.624454148,0.9567,2M ZnSO4,0.5,60.4
10.58,1.47,0,0,0,2290,2122,168,0.926637555,0.93,0.82,0.11,0.11827957,1.624454148,0.9567,2M ZnSO4,1,53.6
10.58,1.47,0,0,0,2290,2122,168,0.926637555,0.93,0.82,0.11,0.11827957,1.624454148,0.9567,2M ZnSO4,2,43.4
10.58,1.47,0,0,0,2290,2122,168,0.926637555,0.93,0.82,0.11,0.11827957,1.624454148,0.9567,2M ZnSO4,5,37.7
10.58,1.47,0,0,0,2290,2122,168,0.926637555,0.93,0.82,0.11,0.11827957,1.624454148,0.9567,2M ZnSO4,10,28.2
10.58,1.47,0,0,0,2290,2122,168,0.926637555,0.93,0.82,0.11,0.11827957,1.624454148,0.9567,2M ZnSO4,20,14.7
14.26,1.82,0,0,0,3166,2122,1043,0.670246368,1.7,0.88,0.82,0.482352941,2.147820594,1.044,2M ZnSO4,0.1,117.1
14.26,1.82,0,0,0,3166,2122,1043,0.670246368,1.7,0.88,0.82,0.482352941,2.147820594,1.044,2M ZnSO4,0.5,93.5
14.26,1.82,0,0,0,3166,2122,1043,0.670246368,1.7,0.88,0.82,0.482352941,2.147820594,1.044,2M ZnSO4,1,81.4
14.26,1.82,0,0,0,3166,2122,1043,0.670246368,1.7,0.88,0.82,0.482352941,2.147820594,1.044,2M ZnSO4,2,67
14.26,1.82,0,0,0,3166,2122,1043,0.670246368,1.7,0.88,0.82,0.482352941,2.147820594,1.044,2M ZnSO4,5,58.7
14.26,1.82,0,0,0,3166,2122,1043,0.670246368,1.7,0.88,0.82,0.482352941,2.147820594,1.044,2M ZnSO4,10,49.5
14.26,1.82,0,0,0,3166,2122,1043,0.670246368,1.7,0.88,0.82,0.482352941,2.147820594,1.044,2M ZnSO4,20,45.8
14.02,1.93,0,0,0,3292,2612,680,0.793438639,1.54,1.07,0.47,0.305194805,1.871202916,1.048,2M ZnSO4,0.1,142.2
14.02,1.93,0,0,0,3292,2612,680,0.793438639,1.54,1.07,0.47,0.305194805,1.871202916,1.048,2M ZnSO4,0.5,113.3
14.02,1.93,0,0,0,3292,2612,680,0.793438639,1.54,1.07,0.47,0.305194805,1.871202916,1.048,2M ZnSO4,1,99.4
14.02,1.93,0,0,0,3292,2612,680,0.793438639,1.54,1.07,0.47,0.305194805,1.871202916,1.048,2M ZnSO4,2,85.8
14.02,1.93,0,0,0,3292,2612,680,0.793438639,1.54,1.07,0.47,0.305194805,1.871202916,1.048,2M ZnSO4,5,79.7
14.02,1.93,0,0,0,3292,2612,680,0.793438639,1.54,1.07,0.47,0.305194805,1.871202916,1.048,2M ZnSO4,10,72.2
14.02,1.93,0,0,0,3292,2612,680,0.793438639,1.54,1.07,0.47,0.305194805,1.871202916,1.048,2M ZnSO4,20,66.1
18.75,2.74,0,0,0,3518,2937,581,0.834849346,1.57,1.22,0.35,0.222929936,1.785105173,1.102,2M ZnSO4,0.1,166.8
18.75,2.74,0,0,0,3518,2937,581,0.834849346,1.57,1.22,0.35,0.222929936,1.785105173,1.102,2M ZnSO4,0.5,141.4
18.75,2.74,0,0,0,3518,2937,581,0.834849346,1.57,1.22,0.35,0.222929936,1.785105173,1.102,2M ZnSO4,1,132
18.75,2.74,0,0,0,3518,2937,581,0.834849346,1.57,1.22,0.35,0.222929936,1.785105173,1.102,2M ZnSO4,2,116.5
18.75,2.74,0,0,0,3518,2937,581,0.834849346,1.57,1.22,0.35,0.222929936,1.785105173,1.102,2M ZnSO4,5,108.8
18.75,2.74,0,0,0,3518,2937,581,0.834849346,1.57,1.22,0.35,0.222929936,1.785105173,1.102,2M ZnSO4,10,98.9
18.75,2.74,0,0,0,3518,2937,581,0.834849346,1.57,1.22,0.35,0.222929936,1.785105173,1.102,2M ZnSO4,20,86.9
