O,N,B,S,P,Specific surface area,Smicro,Smeso,Pore volume,Vmicro,Vmeso,Rmic/mes,Dap,ID/IG,Electrolyte,Current collector,Active mass loading,Potential window,Current density,Specific capacity
7.15,3.52,0.0,0.0,0.0,1546.1,,,0.5753,0.5407,0.03714,14.558,1.4883901429403,1.029,2M ZnSO4,Carbon cloth,1.0,1.6,0.1,85.0
8.12,3.79,3.66,0.0,0.0,1315.2,,,0.5116,0.4765,0.05106,9.33,1.55596107055961,1.038,2M ZnSO4,Carbon cloth,1.0,1.6,0.1,114.0
21.55,3.29,0.0,0.0,0.0,1140.8,341.3,,0.86,0.18,,0.157,3.01542776998597,0.82,1M Zn(CF3SO3)2,stainless-steel mesh,2.5,1.8,0.1,90.2
21.55,3.29,0.0,0.0,0.0,1140.8,341.3,,0.86,0.18,,0.157,3.01542776998597,0.82,1M Zn(CF3SO3)2,stainless-steel mesh,2.5,1.8,0.25,86.3
21.55,3.29,0.0,0.0,0.0,1140.8,341.3,,0.86,0.18,,0.157,3.01542776998597,0.82,1M Zn(CF3SO3)2,stainless-steel mesh,2.5,1.8,0.5,79.9
21.55,3.29,0.0,0.0,0.0,1140.8,341.3,,0.86,0.18,,0.157,3.01542776998597,0.82,1M Zn(CF3SO3)2,stainless-steel mesh,2.5,1.8,1.0,70.3
21.55,3.29,0.0,0.0,0.0,1140.8,341.3,,0.86,0.18,,0.157,3.01542776998597,0.82,1M Zn(CF3SO3)2,stainless-steel mesh,2.5,1.8,2.0,64.8
21.55,3.29,0.0,0.0,0.0,1140.8,341.3,,0.86,0.18,,0.157,3.01542776998597,0.82,1M Zn(CF3SO3)2,stainless-steel mesh,2.5,1.8,5.0,51.5
21.55,3.29,0.0,0.0,0.0,1140.8,341.3,,0.86,0.18,,0.157,3.01542776998597,0.82,1M Zn(CF3SO3)2,stainless-steel mesh,2.5,1.8,10.0,38.5
21.55,3.29,0.0,0.0,0.0,1140.8,341.3,,0.86,0.18,,0.157,3.01542776998597,0.82,1M Zn(CF3SO3)2,stainless-steel mesh,2.5,1.8,20.0,23.3
17.66,3.01,0.0,1.12,0.0,508.0,142.7,,0.34,0.07,,0.099,2.67716535433071,0.86,1M Zn(CF3SO3)2,stainless-steel mesh,2.5,1.8,0.1,69.1
17.66,3.01,0.0,1.12,0.0,508.0,142.7,,0.34,0.07,,0.099,2.67716535433071,0.86,1M Zn(CF3SO3)2,stainless-steel mesh,2.5,1.8,0.25,60.1
17.66,3.01,0.0,1.12,0.0,508.0,142.7,,0.34,0.07,,0.099,2.67716535433071,0.86,1M Zn(CF3SO3)2,stainless-steel mesh,2.5,1.8,0.5,56.4
17.66,3.01,0.0,1.12,0.0,508.0,142.7,,0.34,0.07,,0.099,2.67716535433071,0.86,1M Zn(CF3SO3)2,stainless-steel mesh,2.5,1.8,1.0,47.4
17.66,3.01,0.0,1.12,0.0,508.0,142.7,,0.34,0.07,,0.099,2.67716535433071,0.86,1M Zn(CF3SO3)2,stainless-steel mesh,2.5,1.8,2.0,40.9
17.66,3.01,0.0,1.12,0.0,508.0,142.7,,0.34,0.07,,0.099,2.67716535433071,0.86,1M Zn(CF3SO3)2,stainless-steel mesh,2.5,1.8,5.0,34.2
17.66,3.01,0.0,1.12,0.0,508.0,142.7,,0.34,0.07,,0.099,2.67716535433071,0.86,1M Zn(CF3SO3)2,stainless-steel mesh,2.5,1.8,10.0,19.8
17.66,3.01,0.0,1.12,0.0,508.0,142.7,,0.34,0.07,,0.099,2.67716535433071,0.86,1M Zn(CF3SO3)2,stainless-steel mesh,2.5,1.8,20.0,9.5
16.08,2.82,0.0,1.78,0.0,1384.7,293.3,,0.97,0.15,,0.17,2.80205098577309,0.89,1M Zn(CF3SO3)2,stainless-steel mesh,2.5,1.8,0.1,136.3
16.08,2.82,0.0,1.78,0.0,1384.7,293.3,,0.97,0.15,,0.17,2.80205098577309,0.89,1M Zn(CF3SO3)2,stainless-steel mesh,2.5,1.8,0.25,126.4
16.08,2.82,0.0,1.78,0.0,1384.7,293.3,,0.97,0.15,,0.17,2.80205098577309,0.89,1M Zn(CF3SO3)2,stainless-steel mesh,2.5,1.8,0.5,120.3
16.08,2.82,0.0,1.78,0.0,1384.7,293.3,,0.97,0.15,,0.17,2.80205098577309,0.89,1M Zn(CF3SO3)2,stainless-steel mesh,2.5,1.8,1.0,112.6
16.08,2.82,0.0,1.78,0.0,1384.7,293.3,,0.97,0.15,,0.17,2.80205098577309,0.89,1M Zn(CF3SO3)2,stainless-steel mesh,2.5,1.8,2.0,108.4
16.08,2.82,0.0,1.78,0.0,1384.7,293.3,,0.97,0.15,,0.17,2.80205098577309,0.89,1M Zn(CF3SO3)2,stainless-steel mesh,2.5,1.8,5.0,100.4
16.08,2.82,0.0,1.78,0.0,1384.7,293.3,,0.97,0.15,,0.17,2.80205098577309,0.89,1M Zn(CF3SO3)2,stainless-steel mesh,2.5,1.8,10.0,94.5
16.08,2.82,0.0,1.78,0.0,1384.7,293.3,,0.97,0.15,,0.17,2.80205098577309,0.89,1M Zn(CF3SO3)2,stainless-steel mesh,2.5,1.8,20.0,86.5
8.2,5.3,0.0,0.0,0.0,879.0,,,0.447,0.271,0.176,1.54,2.03412969283276,2.27,2M ZnSO4,stainless-steel foil,1.0,1.6,0.1,136.8
8.2,5.3,0.0,0.0,0.0,879.0,,,0.447,0.271,0.176,1.54,2.03412969283276,2.27,2M ZnSO4,stainless-steel foil,1.0,1.6,0.5,110.9
8.2,5.3,0.0,0.0,0.0,879.0,,,0.447,0.271,0.176,1.54,2.03412969283276,2.27,2M ZnSO4,stainless-steel foil,1.0,1.6,1.0,102.6
8.2,5.3,0.0,0.0,0.0,879.0,,,0.447,0.271,0.176,1.54,2.03412969283276,2.27,2M ZnSO4,stainless-steel foil,1.0,1.6,5.0,76.1
8.2,5.3,0.0,0.0,0.0,879.0,,,0.447,0.271,0.176,1.54,2.03412969283276,2.27,2M ZnSO4,stainless-steel foil,1.0,1.6,10.0,66.5
5.68,1.49,0.0,0.0,0.0,1640.1,860.5,,1.41,0.46,0.94,0.489,3.43881470642034,0.95,2M ZnSO4,Nickel foam,2.0,1.6,0.05,109.66
5.68,1.49,0.0,0.0,0.0,1640.1,860.5,,1.41,0.46,0.94,0.489,3.43881470642034,0.95,2M ZnSO4,Nickel foam,2.0,1.6,0.1,93.3
5.68,1.49,0.0,0.0,0.0,1640.1,860.5,,1.41,0.46,0.94,0.489,3.43881470642034,0.95,2M ZnSO4,Nickel foam,2.0,1.6,0.2,84.6
5.68,1.49,0.0,0.0,0.0,1640.1,860.5,,1.41,0.46,0.94,0.489,3.43881470642034,0.95,2M ZnSO4,Nickel foam,2.0,1.6,0.3,81.0
5.68,1.49,0.0,0.0,0.0,1640.1,860.5,,1.41,0.46,0.94,0.489,3.43881470642034,0.95,2M ZnSO4,Nickel foam,2.0,1.6,0.5,76.3
5.68,1.49,0.0,0.0,0.0,1640.1,860.5,,1.41,0.46,0.94,0.489,3.43881470642034,0.95,2M ZnSO4,Nickel foam,2.0,1.6,1.0,71.6
5.68,1.49,0.0,0.0,0.0,1640.1,860.5,,1.41,0.46,0.94,0.489,3.43881470642034,0.95,2M ZnSO4,Nickel foam,2.0,1.6,2.0,67.6
5.68,1.49,0.0,0.0,0.0,1640.1,860.5,,1.41,0.46,0.94,0.489,3.43881470642034,0.95,2M ZnSO4,Nickel foam,2.0,1.6,3.0,65.1
5.68,1.49,0.0,0.0,0.0,1640.1,860.5,,1.41,0.46,0.94,0.489,3.43881470642034,0.95,2M ZnSO4,Nickel foam,2.0,1.6,5.0,62.4
5.68,1.49,0.0,0.0,0.0,1640.1,860.5,,1.41,0.46,0.94,0.489,3.43881470642034,0.95,2M ZnSO4,Nickel foam,2.0,1.6,10.0,59.5
5.68,1.49,0.0,0.0,0.0,1640.1,860.5,,1.41,0.46,0.94,0.489,3.43881470642034,0.95,2M ZnSO4,Nickel foam,2.0,1.6,15.0,58.4
5.68,1.49,0.0,0.0,0.0,1640.1,860.5,,1.41,0.46,0.94,0.489,3.43881470642034,0.95,2M ZnSO4,Nickel foam,2.0,1.6,20.0,57.1
11.5,6.7,0.0,0.0,0.0,642.0,,,1.03,0.15,0.88,0.17,6.41744548286604,0.964,1M ZnSO4,stainless-steel mesh,2.0,1.6,0.1,133.7
11.5,6.7,0.0,0.0,0.0,642.0,,,1.03,0.15,0.88,0.17,6.41744548286604,0.964,1M ZnSO4,stainless-steel mesh,2.0,1.6,0.2,102.5
11.5,6.7,0.0,0.0,0.0,642.0,,,1.03,0.15,0.88,0.17,6.41744548286604,0.964,1M ZnSO4,stainless-steel mesh,2.0,1.6,0.5,84.3
11.5,6.7,0.0,0.0,0.0,642.0,,,1.03,0.15,0.88,0.17,6.41744548286604,0.964,1M ZnSO4,stainless-steel mesh,2.0,1.6,1.0,75.0
11.5,6.7,0.0,0.0,0.0,642.0,,,1.03,0.15,0.88,0.17,6.41744548286604,0.964,1M ZnSO4,stainless-steel mesh,2.0,1.6,2.0,69.1
11.5,6.7,0.0,0.0,0.0,642.0,,,1.03,0.15,0.88,0.17,6.41744548286604,0.964,1M ZnSO4,stainless-steel mesh,2.0,1.6,5.0,61.7
11.5,6.7,0.0,0.0,0.0,642.0,,,1.03,0.15,0.88,0.17,6.41744548286604,0.964,1M ZnSO4,stainless-steel mesh,2.0,1.6,10.0,56.6
11.5,6.7,0.0,0.0,0.0,642.0,,,1.03,0.15,0.88,0.17,6.41744548286604,0.964,1M ZnSO4,stainless-steel mesh,2.0,1.6,20.0,51.9
11.5,6.7,0.0,0.0,0.0,642.0,,,1.03,0.15,0.88,0.17,6.41744548286604,0.964,1M ZnSO4,stainless-steel mesh,2.0,1.6,50.0,45.6
11.5,6.7,0.0,0.0,0.0,642.0,,,1.03,0.15,0.88,0.17,6.41744548286604,0.964,1M ZnSO4,stainless-steel mesh,2.0,1.6,100.0,39.7
11.5,6.7,0.0,0.0,0.0,642.0,,,1.03,0.15,0.88,0.17,6.41744548286604,0.964,1M ZnSO4,stainless-steel mesh,2.0,1.6,200.0,30.6
14.9,3.1,0.0,0.0,0.0,620.0,,,0.86,0.13,0.73,0.178,5.54838709677419,0.962,1M ZnSO4,stainless-steel mesh,2.0,1.6,0.1,104.4
14.9,3.1,0.0,0.0,0.0,620.0,,,0.86,0.13,0.73,0.178,5.54838709677419,0.962,1M ZnSO4,stainless-steel mesh,2.0,1.6,0.2,83.0
14.9,3.1,0.0,0.0,0.0,620.0,,,0.86,0.13,0.73,0.178,5.54838709677419,0.962,1M ZnSO4,stainless-steel mesh,2.0,1.6,0.5,69.7
14.9,3.1,0.0,0.0,0.0,620.0,,,0.86,0.13,0.73,0.178,5.54838709677419,0.962,1M ZnSO4,stainless-steel mesh,2.0,1.6,1.0,61.7
14.9,3.1,0.0,0.0,0.0,620.0,,,0.86,0.13,0.73,0.178,5.54838709677419,0.962,1M ZnSO4,stainless-steel mesh,2.0,1.6,2.0,56.0
14.9,3.1,0.0,0.0,0.0,620.0,,,0.86,0.13,0.73,0.178,5.54838709677419,0.962,1M ZnSO4,stainless-steel mesh,2.0,1.6,5.0,50.4
14.9,3.1,0.0,0.0,0.0,620.0,,,0.86,0.13,0.73,0.178,5.54838709677419,0.962,1M ZnSO4,stainless-steel mesh,2.0,1.6,10.0,46.6
14.9,3.1,0.0,0.0,0.0,620.0,,,0.86,0.13,0.73,0.178,5.54838709677419,0.962,1M ZnSO4,stainless-steel mesh,2.0,1.6,20.0,43.7
14.9,3.1,0.0,0.0,0.0,620.0,,,0.86,0.13,0.73,0.178,5.54838709677419,0.962,1M ZnSO4,stainless-steel mesh,2.0,1.6,50.0,39.1
14.9,3.1,0.0,0.0,0.0,620.0,,,0.86,0.13,0.73,0.178,5.54838709677419,0.962,1M ZnSO4,stainless-steel mesh,2.0,1.6,100.0,35.4
14.9,3.1,0.0,0.0,0.0,620.0,,,0.86,0.13,0.73,0.178,5.54838709677419,0.962,1M ZnSO4,stainless-steel mesh,2.0,1.6,200.0,30.4
11.2,4.2,0.0,0.0,0.0,697.0,,,0.83,0.18,0.65,0.277,4.76327116212339,0.958,1M ZnSO4,stainless-steel mesh,2.0,1.6,0.1,92.4
11.2,4.2,0.0,0.0,0.0,697.0,,,0.83,0.18,0.65,0.277,4.76327116212339,0.958,1M ZnSO4,stainless-steel mesh,2.0,1.6,0.2,73.1
11.2,4.2,0.0,0.0,0.0,697.0,,,0.83,0.18,0.65,0.277,4.76327116212339,0.958,1M ZnSO4,stainless-steel mesh,2.0,1.6,0.5,62.4
11.2,4.2,0.0,0.0,0.0,697.0,,,0.83,0.18,0.65,0.277,4.76327116212339,0.958,1M ZnSO4,stainless-steel mesh,2.0,1.6,1.0,56.0
11.2,4.2,0.0,0.0,0.0,697.0,,,0.83,0.18,0.65,0.277,4.76327116212339,0.958,1M ZnSO4,stainless-steel mesh,2.0,1.6,2.0,51.3
11.2,4.2,0.0,0.0,0.0,697.0,,,0.83,0.18,0.65,0.277,4.76327116212339,0.958,1M ZnSO4,stainless-steel mesh,2.0,1.6,5.0,45.7
11.2,4.2,0.0,0.0,0.0,697.0,,,0.83,0.18,0.65,0.277,4.76327116212339,0.958,1M ZnSO4,stainless-steel mesh,2.0,1.6,10.0,42.3
11.2,4.2,0.0,0.0,0.0,697.0,,,0.83,0.18,0.65,0.277,4.76327116212339,0.958,1M ZnSO4,stainless-steel mesh,2.0,1.6,20.0,38.9
11.2,4.2,0.0,0.0,0.0,697.0,,,0.83,0.18,0.65,0.277,4.76327116212339,0.958,1M ZnSO4,stainless-steel mesh,2.0,1.6,50.0,33.3
11.2,4.2,0.0,0.0,0.0,697.0,,,0.83,0.18,0.65,0.277,4.76327116212339,0.958,1M ZnSO4,stainless-steel mesh,2.0,1.6,100.0,28.7
11.2,4.2,0.0,0.0,0.0,697.0,,,0.83,0.18,0.65,0.277,4.76327116212339,0.958,1M ZnSO4,stainless-steel mesh,2.0,1.6,200.0,27.2
12.04,8.29,0.0,0.0,0.0,1530.9,764.4,,0.96,0.37,,0.627,2.50832843425436,0.86,1M Zn(CF3SO3)2,freestanding,2.4,1.6,0.1,204.7
12.04,8.29,0.0,0.0,0.0,1530.9,764.4,,0.96,0.37,,0.627,2.50832843425436,0.86,1M Zn(CF3SO3)2,freestanding,2.4,1.6,0.2,181.5
12.04,8.29,0.0,0.0,0.0,1530.9,764.4,,0.96,0.37,,0.627,2.50832843425436,0.86,1M Zn(CF3SO3)2,freestanding,2.4,1.6,0.5,165.9
12.04,8.29,0.0,0.0,0.0,1530.9,764.4,,0.96,0.37,,0.627,2.50832843425436,0.86,1M Zn(CF3SO3)2,freestanding,2.4,1.6,1.0,152.7
12.04,8.29,0.0,0.0,0.0,1530.9,764.4,,0.96,0.37,,0.627,2.50832843425436,0.86,1M Zn(CF3SO3)2,freestanding,2.4,1.6,2.0,141.1
12.04,8.29,0.0,0.0,0.0,1530.9,764.4,,0.96,0.37,,0.627,2.50832843425436,0.86,1M Zn(CF3SO3)2,freestanding,2.4,1.6,5.0,134.2
12.04,8.29,0.0,0.0,0.0,1530.9,764.4,,0.96,0.37,,0.627,2.50832843425436,0.86,1M Zn(CF3SO3)2,freestanding,2.4,1.6,10.0,128.6
11.54,0.0,0.0,0.0,0.0,502.711,,,0.115,,,,0.915038660383401,0.999,1M ZnSO4,Carbon cloth,,1.6,0.5,16.6666666666667
7.08,0.0,0.0,0.0,0.0,898.168,,,0.19,,,,0.846166864105602,0.9995,1M ZnSO4,Carbon cloth,,1.6,0.5,51.5555555555556
7.08,0.0,0.0,0.0,0.0,898.168,,,0.19,,,,0.846166864105602,0.9995,1M ZnSO4,Carbon cloth,,1.6,0.7,45.1111111111111
7.08,0.0,0.0,0.0,0.0,898.168,,,0.19,,,,0.846166864105602,0.9995,1M ZnSO4,Carbon cloth,,1.6,1.0,40.8888888888889
7.08,0.0,0.0,0.0,0.0,898.168,,,0.19,,,,0.846166864105602,0.9995,1M ZnSO4,Carbon cloth,,1.6,3.0,31.6666666666667
7.08,0.0,0.0,0.0,0.0,898.168,,,0.19,,,,0.846166864105602,0.9995,1M ZnSO4,Carbon cloth,,1.6,5.0,26.2222222222222
5.27,0.0,0.0,0.0,0.0,584.052,,,0.098,,,,0.671173114722662,0.9998,1M ZnSO4,Carbon cloth,,1.6,0.5,25.3333333333333
20.61,3.95,0.0,0.0,0.0,544.83,,24.81,0.26,,,4.783,1.90885230255309,0.96,2M ZnSO4,Titanium foil,2.0,1.8,0.1,134.5
20.61,3.95,0.0,0.0,0.0,544.83,,24.81,0.26,,,4.783,1.90885230255309,0.96,2M ZnSO4,Titanium foil,2.0,1.8,0.2,110.2
20.61,3.95,0.0,0.0,0.0,544.83,,24.81,0.26,,,4.783,1.90885230255309,0.96,2M ZnSO4,Titanium foil,2.0,1.8,0.4,93.0
20.61,3.95,0.0,0.0,0.0,544.83,,24.81,0.26,,,4.783,1.90885230255309,0.96,2M ZnSO4,Titanium foil,2.0,1.8,0.5,86.7
20.61,3.95,0.0,0.0,0.0,544.83,,24.81,0.26,,,4.783,1.90885230255309,0.96,2M ZnSO4,Titanium foil,2.0,1.8,1.0,72.9
20.61,3.95,0.0,0.0,0.0,544.83,,24.81,0.26,,,4.783,1.90885230255309,0.96,2M ZnSO4,Titanium foil,2.0,1.8,2.0,57.0
20.61,3.95,0.0,0.0,0.0,544.83,,24.81,0.26,,,4.783,1.90885230255309,0.96,2M ZnSO4,Titanium foil,2.0,1.8,3.0,48.0
20.61,3.95,0.0,0.0,0.0,544.83,,24.81,0.26,,,4.783,1.90885230255309,0.96,2M ZnSO4,Titanium foil,2.0,1.8,4.0,41.5
18.15,3.51,0.0,0.0,0.0,648.22,,32.82,0.32,,,4.516,1.97463824010367,1.01,2M ZnSO4,Titanium foil,2.0,1.8,0.1,156.54
18.15,3.51,0.0,0.0,0.0,648.22,,32.82,0.32,,,4.516,1.97463824010367,1.01,2M ZnSO4,Titanium foil,2.0,1.8,0.2,132.3
18.15,3.51,0.0,0.0,0.0,648.22,,32.82,0.32,,,4.516,1.97463824010367,1.01,2M ZnSO4,Titanium foil,2.0,1.8,0.3,111.55
18.15,3.51,0.0,0.0,0.0,648.22,,32.82,0.32,,,4.516,1.97463824010367,1.01,2M ZnSO4,Titanium foil,2.0,1.8,0.4,105.4
18.15,3.51,0.0,0.0,0.0,648.22,,32.82,0.32,,,4.516,1.97463824010367,1.01,2M ZnSO4,Titanium foil,2.0,1.8,0.5,98.5
18.15,3.51,0.0,0.0,0.0,648.22,,32.82,0.32,,,4.516,1.97463824010367,1.01,2M ZnSO4,Titanium foil,2.0,1.8,1.0,86.8
18.15,3.51,0.0,0.0,0.0,648.22,,32.82,0.32,,,4.516,1.97463824010367,1.01,2M ZnSO4,Titanium foil,2.0,1.8,2.0,70.5
18.15,3.51,0.0,0.0,0.0,648.22,,32.82,0.32,,,4.516,1.97463824010367,1.01,2M ZnSO4,Titanium foil,2.0,1.8,3.0,59.2
18.15,3.51,0.0,0.0,0.0,648.22,,32.82,0.32,,,4.516,1.97463824010367,1.01,2M ZnSO4,Titanium foil,2.0,1.8,4.0,51.8
15.17,1.8,0.0,0.0,0.0,225.22,,17.99,0.1,,,6.714,1.77604120415594,1.08,2M ZnSO4,Titanium foil,2.0,1.8,0.1,84.5
15.17,1.8,0.0,0.0,0.0,225.22,,17.99,0.1,,,6.714,1.77604120415594,1.08,2M ZnSO4,Titanium foil,2.0,1.8,0.2,63.4
15.17,1.8,0.0,0.0,0.0,225.22,,17.99,0.1,,,6.714,1.77604120415594,1.08,2M ZnSO4,Titanium foil,2.0,1.8,0.4,50.7
15.17,1.8,0.0,0.0,0.0,225.22,,17.99,0.1,,,6.714,1.77604120415594,1.08,2M ZnSO4,Titanium foil,2.0,1.8,0.5,45.0
15.17,1.8,0.0,0.0,0.0,225.22,,17.99,0.1,,,6.714,1.77604120415594,1.08,2M ZnSO4,Titanium foil,2.0,1.8,1.0,34.5
15.17,1.8,0.0,0.0,0.0,225.22,,17.99,0.1,,,6.714,1.77604120415594,1.08,2M ZnSO4,Titanium foil,2.0,1.8,2.0,24.5
15.17,1.8,0.0,0.0,0.0,225.22,,17.99,0.1,,,6.714,1.77604120415594,1.08,2M ZnSO4,Titanium foil,2.0,1.8,3.0,19.7
15.17,1.8,0.0,0.0,0.0,225.22,,17.99,0.1,,,6.714,1.77604120415594,1.08,2M ZnSO4,Titanium foil,2.0,1.8,4.0,17.0
11.92,0.0,0.0,0.0,0.0,2228.0,,,1.07,0.64,,1.488,1.92100538599641,1.5,1M ZnSO4,stainless-steel foil,2.0,1.75,0.2,153.0
11.92,0.0,0.0,0.0,0.0,2228.0,,,1.07,0.64,,1.488,1.92100538599641,1.5,1M ZnSO4,stainless-steel foil,2.0,1.75,0.5,125.0
11.92,0.0,0.0,0.0,0.0,2228.0,,,1.07,0.64,,1.488,1.92100538599641,1.5,1M ZnSO4,stainless-steel foil,2.0,1.75,1.0,110.0
11.92,0.0,0.0,0.0,0.0,2228.0,,,1.07,0.64,,1.488,1.92100538599641,1.5,1M ZnSO4,stainless-steel foil,2.0,1.75,2.0,98.0
11.92,0.0,0.0,0.0,0.0,2228.0,,,1.07,0.64,,1.488,1.92100538599641,1.5,1M ZnSO4,stainless-steel foil,2.0,1.75,5.0,84.0
11.92,0.0,0.0,0.0,0.0,2228.0,,,1.07,0.64,,1.488,1.92100538599641,1.5,1M ZnSO4,stainless-steel foil,2.0,1.75,10.0,75.0
5.5,2.53,0.0,0.0,0.0,947.0,506.0,,0.54,0.27,,1.0,2.28088701161563,0.855,1M ZnSO4,stainless-steel foil,,1.6,0.5,117.9
5.5,2.53,0.0,0.0,0.0,947.0,506.0,,0.54,0.27,,1.0,2.28088701161563,0.855,1M ZnSO4,stainless-steel foil,,1.6,20.0,71.0
3.67,0.0,0.0,0.0,2.71,1175.0,793.0,,0.71,0.41,,1.367,2.41702127659574,0.858,1M ZnSO4,stainless-steel foil,,1.6,0.5,136.2
3.67,0.0,0.0,0.0,2.71,1175.0,793.0,,0.71,0.41,,1.367,2.41702127659574,0.858,1M ZnSO4,stainless-steel foil,,1.6,20.0,75.9
10.41,2.37,0.0,0.0,2.1,899.0,358.0,,0.52,0.19,,0.576,2.31368186874305,0.856,1M ZnSO4,stainless-steel foil,,1.6,0.5,165.9
10.41,2.37,0.0,0.0,2.1,899.0,358.0,,0.52,0.19,,0.576,2.31368186874305,0.856,1M ZnSO4,stainless-steel foil,,1.6,20.0,110.9
9.64,3.44,0.0,0.0,0.0,1624.0,1125.0,,0.918,0.599,,1.878,2.26108374384236,0.999,1M ZnSO4,stainless-steel mesh,2.0,1.6,0.1,119.9
9.64,3.44,0.0,0.0,0.0,1624.0,1125.0,,0.918,0.599,,1.878,2.26108374384236,0.999,1M ZnSO4,stainless-steel mesh,2.0,1.6,0.2,108.3
9.64,3.44,0.0,0.0,0.0,1624.0,1125.0,,0.918,0.599,,1.878,2.26108374384236,0.999,1M ZnSO4,stainless-steel mesh,2.0,1.6,0.5,100.2
9.64,3.44,0.0,0.0,0.0,1624.0,1125.0,,0.918,0.599,,1.878,2.26108374384236,0.999,1M ZnSO4,stainless-steel mesh,2.0,1.6,1.0,94.6
9.64,3.44,0.0,0.0,0.0,1624.0,1125.0,,0.918,0.599,,1.878,2.26108374384236,0.999,1M ZnSO4,stainless-steel mesh,2.0,1.6,2.0,90.4
9.64,3.44,0.0,0.0,0.0,1624.0,1125.0,,0.918,0.599,,1.878,2.26108374384236,0.999,1M ZnSO4,stainless-steel mesh,2.0,1.6,5.0,84.8
9.64,3.44,0.0,0.0,0.0,1624.0,1125.0,,0.918,0.599,,1.878,2.26108374384236,0.999,1M ZnSO4,stainless-steel mesh,2.0,1.6,20.0,81.1
8.42,1.64,0.0,0.0,0.0,1949.0,961.0,,1.133,0.519,,0.845,2.32529502308876,0.917,1M ZnSO4,stainless-steel mesh,2.0,1.6,0.1,159.9
8.42,1.64,0.0,0.0,0.0,1949.0,961.0,,1.133,0.519,,0.845,2.32529502308876,0.917,1M ZnSO4,stainless-steel mesh,2.0,1.6,0.2,139.2
8.42,1.64,0.0,0.0,0.0,1949.0,961.0,,1.133,0.519,,0.845,2.32529502308876,0.917,1M ZnSO4,stainless-steel mesh,10.0,1.6,0.5,124.8
8.42,1.64,0.0,0.0,0.0,1949.0,961.0,,1.133,0.519,,0.845,2.32529502308876,0.917,1M ZnSO4,stainless-steel mesh,10.0,1.6,1.0,116.0
8.42,1.64,0.0,0.0,0.0,1949.0,961.0,,1.133,0.519,,0.845,2.32529502308876,0.917,1M ZnSO4,stainless-steel mesh,10.0,1.6,2.0,109.9
8.42,1.64,0.0,0.0,0.0,1949.0,961.0,,1.133,0.519,,0.845,2.32529502308876,0.917,1M ZnSO4,stainless-steel mesh,10.0,1.6,5.0,101.9
8.42,1.64,0.0,0.0,0.0,1949.0,961.0,,1.133,0.519,,0.845,2.32529502308876,0.917,1M ZnSO4,stainless-steel mesh,10.0,1.6,20.0,94.0
5.52,0.89,0.0,0.0,0.0,2276.0,480.0,,1.331,0.279,,0.265,2.33919156414763,0.872,1M ZnSO4,stainless-steel mesh,2.0,1.6,0.1,114.2
5.52,0.89,0.0,0.0,0.0,2276.0,480.0,,1.331,0.279,,0.265,2.33919156414763,0.872,1M ZnSO4,stainless-steel mesh,2.0,1.6,0.2,104.8
5.52,0.89,0.0,0.0,0.0,2276.0,480.0,,1.331,0.279,,0.265,2.33919156414763,0.872,1M ZnSO4,stainless-steel mesh,2.0,1.6,0.5,95.6
5.52,0.89,0.0,0.0,0.0,2276.0,480.0,,1.331,0.279,,0.265,2.33919156414763,0.872,1M ZnSO4,stainless-steel mesh,2.0,1.6,1.0,90.0
5.52,0.89,0.0,0.0,0.0,2276.0,480.0,,1.331,0.279,,0.265,2.33919156414763,0.872,1M ZnSO4,stainless-steel mesh,2.0,1.6,2.0,86.8
5.52,0.89,0.0,0.0,0.0,2276.0,480.0,,1.331,0.279,,0.265,2.33919156414763,0.872,1M ZnSO4,stainless-steel mesh,2.0,1.6,5.0,82.4
5.52,0.89,0.0,0.0,0.0,2276.0,480.0,,1.331,0.279,,0.265,2.33919156414763,0.872,1M ZnSO4,stainless-steel mesh,2.0,1.6,20.0,78.5
7.71,0.0,0.0,0.0,0.0,804.0,500.0,304.0,0.315,,,1.645,1.56716417910448,0.97,1M ZnSO4,stainless-steel mesh,1.2,1.6,0.5,48.3
7.71,0.0,0.0,0.0,0.0,804.0,500.0,304.0,0.315,,,1.645,1.56716417910448,0.97,1M ZnSO4,stainless-steel mesh,1.2,1.6,1.0,43.4
7.71,0.0,0.0,0.0,0.0,804.0,500.0,304.0,0.315,,,1.645,1.56716417910448,0.97,1M ZnSO4,stainless-steel mesh,1.2,1.6,2.0,38.9
7.71,0.0,0.0,0.0,0.0,804.0,500.0,304.0,0.315,,,1.645,1.56716417910448,0.97,1M ZnSO4,stainless-steel mesh,1.2,1.6,3.0,36.5
7.71,0.0,0.0,0.0,0.0,804.0,500.0,304.0,0.315,,,1.645,1.56716417910448,0.97,1M ZnSO4,stainless-steel mesh,1.2,1.6,4.0,34.8
7.71,0.0,0.0,0.0,0.0,804.0,500.0,304.0,0.315,,,1.645,1.56716417910448,0.97,1M ZnSO4,stainless-steel mesh,1.2,1.6,5.0,33.2
7.71,0.0,0.0,0.0,0.0,804.0,500.0,304.0,0.315,,,1.645,1.56716417910448,0.97,1M ZnSO4,stainless-steel mesh,1.2,1.6,7.0,30.2
7.71,0.0,0.0,0.0,0.0,804.0,500.0,304.0,0.315,,,1.645,1.56716417910448,0.97,1M ZnSO4,stainless-steel mesh,1.2,1.6,10.0,26.7
7.71,0.0,0.0,0.0,0.0,804.0,500.0,304.0,0.315,,,1.645,1.56716417910448,0.97,1M ZnSO4,stainless-steel mesh,1.2,1.6,15.0,24.7
7.71,0.0,0.0,0.0,0.0,804.0,500.0,304.0,0.315,,,1.645,1.56716417910448,0.97,1M ZnSO4,stainless-steel mesh,1.2,1.6,20.0,21.6
8.06,0.0,0.0,0.0,0.0,1770.0,1020.0,750.0,0.721,,,1.36,1.62937853107345,1.1,1M ZnSO4,stainless-steel mesh,1.2,1.6,0.5,177.7
8.06,0.0,0.0,0.0,0.0,1770.0,1020.0,750.0,0.721,,,1.36,1.62937853107345,1.1,1M ZnSO4,stainless-steel mesh,1.2,1.6,1.0,148.5
8.06,0.0,0.0,0.0,0.0,1770.0,1020.0,750.0,0.721,,,1.36,1.62937853107345,1.1,1M ZnSO4,stainless-steel mesh,1.2,1.6,2.0,135.5
8.06,0.0,0.0,0.0,0.0,1770.0,1020.0,750.0,0.721,,,1.36,1.62937853107345,1.1,1M ZnSO4,stainless-steel mesh,1.2,1.6,3.0,127.9
8.06,0.0,0.0,0.0,0.0,1770.0,1020.0,750.0,0.721,,,1.36,1.62937853107345,1.1,1M ZnSO4,stainless-steel mesh,1.2,1.6,4.0,122.1
8.06,0.0,0.0,0.0,0.0,1770.0,1020.0,750.0,0.721,,,1.36,1.62937853107345,1.1,1M ZnSO4,stainless-steel mesh,1.2,1.6,5.0,117.0
8.06,0.0,0.0,0.0,0.0,1770.0,1020.0,750.0,0.721,,,1.36,1.62937853107345,1.1,1M ZnSO4,stainless-steel mesh,1.2,1.6,7.0,107.5
8.06,0.0,0.0,0.0,0.0,1770.0,1020.0,750.0,0.721,,,1.36,1.62937853107345,1.1,1M ZnSO4,stainless-steel mesh,1.2,1.6,10.0,102.9
8.06,0.0,0.0,0.0,0.0,1770.0,1020.0,750.0,0.721,,,1.36,1.62937853107345,1.1,1M ZnSO4,stainless-steel mesh,1.2,1.6,15.0,91.3
8.06,0.0,0.0,0.0,0.0,1770.0,1020.0,750.0,0.721,,,1.36,1.62937853107345,1.1,1M ZnSO4,stainless-steel mesh,1.2,1.6,20.0,85.5
9.3,0.0,0.0,0.0,0.0,1781.0,950.0,831.0,0.784,,,1.143,1.76080853453116,1.18,1M ZnSO4,stainless-steel mesh,1.2,1.6,0.5,108.2
9.3,0.0,0.0,0.0,0.0,1781.0,950.0,831.0,0.784,,,1.143,1.76080853453116,1.18,1M ZnSO4,stainless-steel mesh,1.2,1.6,1.0,96.6
9.3,0.0,0.0,0.0,0.0,1781.0,950.0,831.0,0.784,,,1.143,1.76080853453116,1.18,1M ZnSO4,stainless-steel mesh,1.2,1.6,2.0,86.9
9.3,0.0,0.0,0.0,0.0,1781.0,950.0,831.0,0.784,,,1.143,1.76080853453116,1.18,1M ZnSO4,stainless-steel mesh,1.2,1.6,3.0,82.0
9.3,0.0,0.0,0.0,0.0,1781.0,950.0,831.0,0.784,,,1.143,1.76080853453116,1.18,1M ZnSO4,stainless-steel mesh,1.2,1.6,4.0,78.7
9.3,0.0,0.0,0.0,0.0,1781.0,950.0,831.0,0.784,,,1.143,1.76080853453116,1.18,1M ZnSO4,stainless-steel mesh,1.2,1.6,5.0,75.2
9.3,0.0,0.0,0.0,0.0,1781.0,950.0,831.0,0.784,,,1.143,1.76080853453116,1.18,1M ZnSO4,stainless-steel mesh,1.2,1.6,7.0,72.0
9.3,0.0,0.0,0.0,0.0,1781.0,950.0,831.0,0.784,,,1.143,1.76080853453116,1.18,1M ZnSO4,stainless-steel mesh,1.2,1.6,10.0,67.1
9.3,0.0,0.0,0.0,0.0,1781.0,950.0,831.0,0.784,,,1.143,1.76080853453116,1.18,1M ZnSO4,stainless-steel mesh,1.2,1.6,15.0,60.5
9.3,0.0,0.0,0.0,0.0,1781.0,950.0,831.0,0.784,,,1.143,1.76080853453116,1.18,1M ZnSO4,stainless-steel mesh,1.2,1.6,20.0,57.0
10.4,3.6,0.0,0.0,0.0,2085.0,,,2.44,,,,4.6810551558753,1.05,1M Zn(CF3SO3)2,graphite paper,2.0,1.6,0.25,97.0
10.4,3.6,0.0,0.0,0.0,2085.0,,,2.44,,,,4.6810551558753,1.05,1M Zn(CF3SO3)2,graphite paper,2.0,1.6,20.0,61.401
5.5,4.4,0.0,0.0,0.0,2526.0,,,2.69,,,,4.2596991290578,1.07,1M Zn(CF3SO3)2,graphite paper,2.0,1.6,0.25,124.0
5.5,4.4,0.0,0.0,0.0,2526.0,,,2.69,,,,4.2596991290578,1.07,1M Zn(CF3SO3)2,graphite paper,2.0,1.6,20.0,81.716
5.5,4.4,0.0,0.0,0.0,2526.0,,,2.69,,,,4.2596991290578,1.07,1M Zn(CF3SO3)2,graphite paper,15.0,1.6,0.25,78.0
4.0,2.5,0.0,0.0,0.0,2146.0,,,2.22,,,,4.13793103448276,1.16,1M Zn(CF3SO3)2,graphite paper,2.0,1.6,0.25,95.4
4.0,2.5,0.0,0.0,0.0,2146.0,,,2.22,,,,4.13793103448276,1.16,1M Zn(CF3SO3)2,graphite paper,2.0,1.6,20.0,45.8874
5.0,2.5,0.0,0.0,0.0,1643.0,,,1.39,,,,3.38405356055995,1.06,1M Zn(CF3SO3)2,graphite paper,2.0,1.6,0.25,84.0
5.0,2.5,0.0,0.0,0.0,1643.0,,,1.39,,,,3.38405356055995,1.06,1M Zn(CF3SO3)2,graphite paper,2.0,1.6,20.0,45.444
6.99,1.59,0.0,0.0,0.0,2465.9,,,1.29,0.68,,1.115,2.09254227665355,0.912,2M ZnSO4,nickel foam,2.0,1.8,0.05,108.5
6.99,1.59,0.0,0.0,0.0,2465.9,,,1.29,0.68,,1.115,2.09254227665355,0.912,2M ZnSO4,nickel foam,2.0,1.8,0.1,85.9
6.99,1.59,0.0,0.0,0.0,2465.9,,,1.29,0.68,,1.115,2.09254227665355,0.912,2M ZnSO4,nickel foam,2.0,1.8,0.2,73.1
6.99,1.59,0.0,0.0,0.0,2465.9,,,1.29,0.68,,1.115,2.09254227665355,0.912,2M ZnSO4,nickel foam,2.0,1.8,0.3,68.7
6.99,1.59,0.0,0.0,0.0,2465.9,,,1.29,0.68,,1.115,2.09254227665355,0.912,2M ZnSO4,nickel foam,2.0,1.8,0.5,65.0
6.99,1.59,0.0,0.0,0.0,2465.9,,,1.29,0.68,,1.115,2.09254227665355,0.912,2M ZnSO4,nickel foam,2.0,1.8,1.0,60.8
6.99,1.59,0.0,0.0,0.0,2465.9,,,1.29,0.68,,1.115,2.09254227665355,0.912,2M ZnSO4,nickel foam,2.0,1.8,2.0,55.3
6.99,1.59,0.0,0.0,0.0,2465.9,,,1.29,0.68,,1.115,2.09254227665355,0.912,2M ZnSO4,nickel foam,2.0,1.8,3.0,52.7
6.99,1.59,0.0,0.0,0.0,2465.9,,,1.29,0.68,,1.115,2.09254227665355,0.912,2M ZnSO4,nickel foam,2.0,1.8,5.0,49.2
6.99,1.59,0.0,0.0,0.0,2465.9,,,1.29,0.68,,1.115,2.09254227665355,0.912,2M ZnSO4,nickel foam,2.0,1.8,10.0,44.5
6.99,1.59,0.0,0.0,0.0,2465.9,,,1.29,0.68,,1.115,2.09254227665355,0.912,2M ZnSO4,nickel foam,2.0,1.8,15.0,41.6
6.99,1.59,0.0,0.0,0.0,2465.9,,,1.29,0.68,,1.115,2.09254227665355,0.912,2M ZnSO4,nickel foam,2.0,1.8,20.0,41.6
7.87,1.93,0.0,4.0,0.0,3082.0,,,1.42,0.66,0.66,1.152,1.8429591174562,1.72,2M ZnSO4,stainless-steel mesh,,1.6,0.2,142.7
7.87,1.93,0.0,4.0,0.0,3082.0,,,1.42,0.66,0.66,1.152,1.8429591174562,1.72,2M ZnSO4,stainless-steel mesh,,1.6,0.5,125.0
7.87,1.93,0.0,4.0,0.0,3082.0,,,1.42,0.66,0.66,1.152,1.8429591174562,1.72,2M ZnSO4,stainless-steel mesh,,1.6,1.0,109.6
7.87,1.93,0.0,4.0,0.0,3082.0,,,1.42,0.66,0.66,1.152,1.8429591174562,1.72,2M ZnSO4,stainless-steel mesh,,1.6,2.0,97.2
7.87,1.93,0.0,4.0,0.0,3082.0,,,1.42,0.66,0.66,1.152,1.8429591174562,1.72,2M ZnSO4,stainless-steel mesh,,1.6,3.0,89.9
7.87,1.93,0.0,4.0,0.0,3082.0,,,1.42,0.66,0.66,1.152,1.8429591174562,1.72,2M ZnSO4,stainless-steel mesh,,1.6,5.0,82.7
3.9,9.7,0.0,0.0,0.0,844.0,653.0,191.0,0.41,,,3.419,1.94312796208531,0.99,1M ZnSO4,freestanding,1.0,2.0,0.1,189.4
3.9,9.7,0.0,0.0,0.0,844.0,653.0,191.0,0.41,,,3.419,1.94312796208531,0.99,1M ZnSO4,freestanding,1.0,2.0,0.2,154.5
3.9,9.7,0.0,0.0,0.0,844.0,653.0,191.0,0.41,,,3.419,1.94312796208531,0.99,1M ZnSO4,freestanding,1.0,2.0,0.5,131.5
3.9,9.7,0.0,0.0,0.0,844.0,653.0,191.0,0.41,,,3.419,1.94312796208531,0.99,1M ZnSO4,freestanding,1.0,2.0,1.0,130.4
3.9,9.7,0.0,0.0,0.0,844.0,653.0,191.0,0.41,,,3.419,1.94312796208531,0.99,1M ZnSO4,freestanding,1.0,2.0,2.0,117.9
3.9,9.7,0.0,0.0,0.0,844.0,653.0,191.0,0.41,,,3.419,1.94312796208531,0.99,1M ZnSO4,freestanding,1.0,2.0,3.0,112.3
3.9,9.7,0.0,0.0,0.0,844.0,653.0,191.0,0.41,,,3.419,1.94312796208531,0.99,1M ZnSO4,freestanding,1.0,2.0,4.0,107.7
3.9,9.7,0.0,0.0,0.0,844.0,653.0,191.0,0.41,,,3.419,1.94312796208531,0.99,1M ZnSO4,freestanding,1.0,2.0,5.0,104.9
3.9,9.7,0.0,0.0,0.0,844.0,653.0,191.0,0.41,,,3.419,1.94312796208531,0.99,1M ZnSO4,freestanding,1.0,2.0,7.0,102.2
3.9,9.7,0.0,0.0,0.0,844.0,653.0,191.0,0.41,,,3.419,1.94312796208531,0.99,1M ZnSO4,freestanding,1.0,2.0,10.0,100.3
4.81,1.09,0.0,0.0,0.0,972.4,222.7,749.7,1.67,,1.38,0.21,6.86960098724805,0.82,2M ZnSO4,stainless-steel mesh,2.5,1.6,0.2,104.9
4.81,1.09,0.0,0.0,0.0,972.4,222.7,749.7,1.67,,1.38,0.21,6.86960098724805,0.82,2M ZnSO4,stainless-steel mesh,2.5,1.6,0.5,91.0
4.81,1.09,0.0,0.0,0.0,972.4,222.7,749.7,1.67,,1.38,0.21,6.86960098724805,0.82,2M ZnSO4,stainless-steel mesh,2.5,1.6,1.0,84.9
4.81,1.09,0.0,0.0,0.0,972.4,222.7,749.7,1.67,,1.38,0.21,6.86960098724805,0.82,2M ZnSO4,stainless-steel mesh,2.5,1.6,2.0,78.2
4.81,1.09,0.0,0.0,0.0,972.4,222.7,749.7,1.67,,1.38,0.21,6.86960098724805,0.82,2M ZnSO4,stainless-steel mesh,2.5,1.6,3.0,74.2
4.81,1.09,0.0,0.0,0.0,972.4,222.7,749.7,1.67,,1.38,0.21,6.86960098724805,0.82,2M ZnSO4,stainless-steel mesh,2.5,1.6,4.0,70.8
4.81,1.09,0.0,0.0,0.0,972.4,222.7,749.7,1.67,,1.38,0.21,6.86960098724805,0.82,2M ZnSO4,stainless-steel mesh,2.5,1.6,5.0,68.5
4.81,1.09,0.0,0.0,0.0,972.4,222.7,749.7,1.67,,1.38,0.21,6.86960098724805,0.82,2M ZnSO4,stainless-steel mesh,2.5,1.6,10.0,60.3
4.81,1.09,0.0,0.0,0.0,972.4,222.7,749.7,1.67,,1.38,0.21,6.86960098724805,0.82,2M ZnSO4,stainless-steel mesh,2.5,1.6,15.0,56.5
4.81,1.09,0.0,0.0,0.0,972.4,222.7,749.7,1.67,,1.38,0.21,6.86960098724805,0.82,2M ZnSO4,stainless-steel mesh,2.5,1.6,20.0,52.1
4.81,1.09,0.0,0.0,0.0,972.4,222.7,749.7,1.67,,1.38,0.21,6.86960098724805,0.82,2M ZnSO4,stainless-steel mesh,2.5,1.6,30.0,44.8
4.89,1.74,0.0,0.0,0.0,1666.8,178.1,1488.7,2.42,,2.13,0.136,5.80753539716823,0.88,2M ZnSO4,stainless-steel mesh,2.5,1.6,0.2,132.9
4.89,1.74,0.0,0.0,0.0,1666.8,178.1,1488.7,2.42,,2.13,0.136,5.80753539716823,0.88,2M ZnSO4,stainless-steel mesh,2.5,1.6,0.5,114.4
4.89,1.74,0.0,0.0,0.0,1666.8,178.1,1488.7,2.42,,2.13,0.136,5.80753539716823,0.88,2M ZnSO4,stainless-steel mesh,2.5,1.6,1.0,108.9
4.89,1.74,0.0,0.0,0.0,1666.8,178.1,1488.7,2.42,,2.13,0.136,5.80753539716823,0.88,2M ZnSO4,stainless-steel mesh,2.5,1.6,2.0,99.4
4.89,1.74,0.0,0.0,0.0,1666.8,178.1,1488.7,2.42,,2.13,0.136,5.80753539716823,0.88,2M ZnSO4,stainless-steel mesh,2.5,1.6,3.0,95.6
4.89,1.74,0.0,0.0,0.0,1666.8,178.1,1488.7,2.42,,2.13,0.136,5.80753539716823,0.88,2M ZnSO4,stainless-steel mesh,2.5,1.6,4.0,91.1
4.89,1.74,0.0,0.0,0.0,1666.8,178.1,1488.7,2.42,,2.13,0.136,5.80753539716823,0.88,2M ZnSO4,stainless-steel mesh,2.5,1.6,5.0,89.9
4.89,1.74,0.0,0.0,0.0,1666.8,178.1,1488.7,2.42,,2.13,0.136,5.80753539716823,0.88,2M ZnSO4,stainless-steel mesh,2.5,1.6,10.0,83.3
4.89,1.74,0.0,0.0,0.0,1666.8,178.1,1488.7,2.42,,2.13,0.136,5.80753539716823,0.88,2M ZnSO4,stainless-steel mesh,2.5,1.6,15.0,80.8
4.89,1.74,0.0,0.0,0.0,1666.8,178.1,1488.7,2.42,,2.13,0.136,5.80753539716823,0.88,2M ZnSO4,stainless-steel mesh,2.5,1.6,20.0,76.6
4.89,1.74,0.0,0.0,0.0,1666.8,178.1,1488.7,2.42,,2.13,0.136,5.80753539716823,0.88,2M ZnSO4,stainless-steel mesh,2.5,1.6,30.0,73.3
4.89,1.74,0.0,0.0,0.0,1666.8,178.1,1488.7,2.42,,2.13,0.136,5.80753539716823,0.88,2M ZnSO4,stainless-steel mesh,2.5,1.6,40.0,68.8
4.89,1.74,0.0,0.0,0.0,1666.8,178.1,1488.7,2.42,,2.13,0.136,5.80753539716823,0.88,2M ZnSO4,stainless-steel mesh,2.5,1.6,50.0,65.2
6.42,2.75,0.0,0.0,0.0,1301.6,126.5,1175.1,3.04,,2.83,0.074,9.34234787953288,0.92,2M ZnSO4,stainless-steel mesh,2.5,1.6,0.2,67.8
6.42,2.75,0.0,0.0,0.0,1301.6,126.5,1175.1,3.04,,2.83,0.074,9.34234787953288,0.92,2M ZnSO4,stainless-steel mesh,2.5,1.6,0.5,59.8
6.42,2.75,0.0,0.0,0.0,1301.6,126.5,1175.1,3.04,,2.83,0.074,9.34234787953288,0.92,2M ZnSO4,stainless-steel mesh,2.5,1.6,1.0,56.8
6.42,2.75,0.0,0.0,0.0,1301.6,126.5,1175.1,3.04,,2.83,0.074,9.34234787953288,0.92,2M ZnSO4,stainless-steel mesh,2.5,1.6,2.0,53.2
6.42,2.75,0.0,0.0,0.0,1301.6,126.5,1175.1,3.04,,2.83,0.074,9.34234787953288,0.92,2M ZnSO4,stainless-steel mesh,2.5,1.6,3.0,51.7
6.42,2.75,0.0,0.0,0.0,1301.6,126.5,1175.1,3.04,,2.83,0.074,9.34234787953288,0.92,2M ZnSO4,stainless-steel mesh,2.5,1.6,4.0,49.9
6.42,2.75,0.0,0.0,0.0,1301.6,126.5,1175.1,3.04,,2.83,0.074,9.34234787953288,0.92,2M ZnSO4,stainless-steel mesh,2.5,1.6,5.0,49.2
6.42,2.75,0.0,0.0,0.0,1301.6,126.5,1175.1,3.04,,2.83,0.074,9.34234787953288,0.92,2M ZnSO4,stainless-steel mesh,2.5,1.6,10.0,45.5
6.42,2.75,0.0,0.0,0.0,1301.6,126.5,1175.1,3.04,,2.83,0.074,9.34234787953288,0.92,2M ZnSO4,stainless-steel mesh,2.5,1.6,15.0,43.7
6.42,2.75,0.0,0.0,0.0,1301.6,126.5,1175.1,3.04,,2.83,0.074,9.34234787953288,0.92,2M ZnSO4,stainless-steel mesh,2.5,1.6,20.0,41.1
6.42,2.75,0.0,0.0,0.0,1301.6,126.5,1175.1,3.04,,2.83,0.074,9.34234787953288,0.92,2M ZnSO4,stainless-steel mesh,2.5,1.6,30.0,37.4
4.77,0.0,0.0,0.0,0.0,1644.0,1292.0,,0.96,0.548,,1.33,2.33576642335766,1.06,1M ZnSO4,freestanding,1.77,1.6,0.1,52.9
4.77,0.0,0.0,0.0,0.0,1644.0,1292.0,,0.96,0.548,,1.33,2.33576642335766,1.06,1M ZnSO4,freestanding,1.77,1.6,0.2,48.7
4.77,0.0,0.0,0.0,0.0,1644.0,1292.0,,0.96,0.548,,1.33,2.33576642335766,1.06,1M ZnSO4,freestanding,1.77,1.6,0.5,43.8
4.77,0.0,0.0,0.0,0.0,1644.0,1292.0,,0.96,0.548,,1.33,2.33576642335766,1.06,1M ZnSO4,freestanding,1.77,1.6,1.0,40.0
4.77,0.0,0.0,0.0,0.0,1644.0,1292.0,,0.96,0.548,,1.33,2.33576642335766,1.06,1M ZnSO4,freestanding,1.77,1.6,2.0,36.5
4.77,0.0,0.0,0.0,0.0,1644.0,1292.0,,0.96,0.548,,1.33,2.33576642335766,1.06,1M ZnSO4,freestanding,1.77,1.6,5.0,31.4
4.77,0.0,0.0,0.0,0.0,1644.0,1292.0,,0.96,0.548,,1.33,2.33576642335766,1.06,1M ZnSO4,freestanding,1.77,1.6,10.0,26.9
4.77,0.0,0.0,0.0,0.0,1644.0,1292.0,,0.96,0.548,,1.33,2.33576642335766,1.06,1M ZnSO4,freestanding,1.77,1.6,20.0,21.4
4.43,2.62,0.0,0.0,2.14,2038.0,980.0,,1.29,0.428,,0.497,2.53189401373896,1.12,1M ZnSO4,freestanding,1.77,1.6,0.1,103.2
4.43,2.62,0.0,0.0,2.14,2038.0,980.0,,1.29,0.428,,0.497,2.53189401373896,1.12,1M ZnSO4,freestanding,1.77,1.6,0.2,93.7
4.43,2.62,0.0,0.0,2.14,2038.0,980.0,,1.29,0.428,,0.497,2.53189401373896,1.12,1M ZnSO4,freestanding,1.77,1.6,0.5,85.3
4.43,2.62,0.0,0.0,2.14,2038.0,980.0,,1.29,0.428,,0.497,2.53189401373896,1.12,1M ZnSO4,freestanding,1.77,1.6,1.0,80.3
4.43,2.62,0.0,0.0,2.14,2038.0,980.0,,1.29,0.428,,0.497,2.53189401373896,1.12,1M ZnSO4,freestanding,1.77,1.6,2.0,74.7
4.43,2.62,0.0,0.0,2.14,2038.0,980.0,,1.29,0.428,,0.497,2.53189401373896,1.12,1M ZnSO4,freestanding,1.77,1.6,5.0,68.2
4.43,2.62,0.0,0.0,2.14,2038.0,980.0,,1.29,0.428,,0.497,2.53189401373896,1.12,1M ZnSO4,freestanding,1.77,1.6,10.0,61.0
4.43,2.62,0.0,0.0,2.14,2038.0,980.0,,1.29,0.428,,0.497,2.53189401373896,1.12,1M ZnSO4,freestanding,1.77,1.6,20.0,52.8
9.1,3.1,0.0,0.0,0.0,1055.0,,,0.95,0.35,,0.583,3.60189573459716,1.06,2M ZnSO4,stainless-steel mesh,1.0,1.7,0.1,230.0
9.1,3.1,0.0,0.0,0.0,1055.0,,,0.95,0.35,,0.583,3.60189573459716,1.06,2M ZnSO4,stainless-steel mesh,1.0,1.7,0.2,165.0
9.1,3.1,0.0,0.0,0.0,1055.0,,,0.95,0.35,,0.583,3.60189573459716,1.06,2M ZnSO4,stainless-steel mesh,1.0,1.7,0.5,150.0
9.1,3.1,0.0,0.0,0.0,1055.0,,,0.95,0.35,,0.583,3.60189573459716,1.06,2M ZnSO4,stainless-steel mesh,1.0,1.7,1.0,137.0
9.1,3.1,0.0,0.0,0.0,1055.0,,,0.95,0.35,,0.583,3.60189573459716,1.06,2M ZnSO4,stainless-steel mesh,1.0,1.7,2.0,127.0
9.1,3.1,0.0,0.0,0.0,1055.0,,,0.95,0.35,,0.583,3.60189573459716,1.06,2M ZnSO4,stainless-steel mesh,1.0,1.7,5.0,122.0
9.1,3.1,0.0,0.0,0.0,1055.0,,,0.95,0.35,,0.583,3.60189573459716,1.06,2M ZnSO4,stainless-steel mesh,1.0,1.7,10.0,118.0
6.1,7.2,0.0,0.0,0.0,1843.0,663.0,1180.0,1.1,0.34,,0.447,2.38741182854042,1.01,2M ZnSO4,stainless-steel mesh,1.0,1.6,0.5,181.0
6.1,7.2,0.0,0.0,0.0,1843.0,663.0,1180.0,1.1,0.34,,0.447,2.38741182854042,1.01,2M ZnSO4,stainless-steel mesh,1.0,1.6,1.0,153.3
6.1,7.2,0.0,0.0,0.0,1843.0,663.0,1180.0,1.1,0.34,,0.447,2.38741182854042,1.01,2M ZnSO4,stainless-steel mesh,1.0,1.6,2.0,137.2
6.1,7.2,0.0,0.0,0.0,1843.0,663.0,1180.0,1.1,0.34,,0.447,2.38741182854042,1.01,2M ZnSO4,stainless-steel mesh,1.0,1.6,3.0,130.2
6.1,7.2,0.0,0.0,0.0,1843.0,663.0,1180.0,1.1,0.34,,0.447,2.38741182854042,1.01,2M ZnSO4,stainless-steel mesh,1.0,1.6,5.0,121.7
6.1,7.2,0.0,0.0,0.0,1843.0,663.0,1180.0,1.1,0.34,,0.447,2.38741182854042,1.01,2M ZnSO4,stainless-steel mesh,1.0,1.6,10.0,110.4
6.1,7.2,0.0,0.0,0.0,1843.0,663.0,1180.0,1.1,0.34,,0.447,2.38741182854042,1.01,2M ZnSO4,stainless-steel mesh,1.0,1.6,15.0,104.0
4.2,6.3,0.0,0.0,0.0,543.0,192.0,351.0,0.9,0.1,,0.125,6.62983425414365,0.99,2M ZnSO4,stainless-steel mesh,1.0,1.6,0.5,110.0
4.2,6.3,0.0,0.0,0.0,543.0,192.0,351.0,0.9,0.1,,0.125,6.62983425414365,0.99,2M ZnSO4,stainless-steel mesh,1.0,1.6,1.0,97.8
4.2,6.3,0.0,0.0,0.0,543.0,192.0,351.0,0.9,0.1,,0.125,6.62983425414365,0.99,2M ZnSO4,stainless-steel mesh,1.0,1.6,2.0,89.8
4.2,6.3,0.0,0.0,0.0,543.0,192.0,351.0,0.9,0.1,,0.125,6.62983425414365,0.99,2M ZnSO4,stainless-steel mesh,1.0,1.6,3.0,84.9
4.2,6.3,0.0,0.0,0.0,543.0,192.0,351.0,0.9,0.1,,0.125,6.62983425414365,0.99,2M ZnSO4,stainless-steel mesh,1.0,1.6,5.0,78.4
4.2,6.3,0.0,0.0,0.0,543.0,192.0,351.0,0.9,0.1,,0.125,6.62983425414365,0.99,2M ZnSO4,stainless-steel mesh,1.0,1.6,10.0,67.2
4.2,6.3,0.0,0.0,0.0,543.0,192.0,351.0,0.9,0.1,,0.125,6.62983425414365,0.99,2M ZnSO4,stainless-steel mesh,1.0,1.6,15.0,58.2
10.8,5.7,0.0,0.0,0.0,1454.0,177.0,1277.0,0.83,0.09,,0.122,2.28335625859697,1.05,2M ZnSO4,stainless-steel mesh,1.0,1.6,0.5,98.0
10.8,5.7,0.0,0.0,0.0,1454.0,177.0,1277.0,0.83,0.09,,0.122,2.28335625859697,1.05,2M ZnSO4,stainless-steel mesh,1.0,1.6,1.0,81.7
10.8,5.7,0.0,0.0,0.0,1454.0,177.0,1277.0,0.83,0.09,,0.122,2.28335625859697,1.05,2M ZnSO4,stainless-steel mesh,1.0,1.6,2.0,72.2
10.8,5.7,0.0,0.0,0.0,1454.0,177.0,1277.0,0.83,0.09,,0.122,2.28335625859697,1.05,2M ZnSO4,stainless-steel mesh,1.0,1.6,3.0,67.0
10.8,5.7,0.0,0.0,0.0,1454.0,177.0,1277.0,0.83,0.09,,0.122,2.28335625859697,1.05,2M ZnSO4,stainless-steel mesh,1.0,1.6,5.0,60.7
10.8,5.7,0.0,0.0,0.0,1454.0,177.0,1277.0,0.83,0.09,,0.122,2.28335625859697,1.05,2M ZnSO4,stainless-steel mesh,1.0,1.6,10.0,50.9
10.8,5.7,0.0,0.0,0.0,1454.0,177.0,1277.0,0.83,0.09,,0.122,2.28335625859697,1.05,2M ZnSO4,stainless-steel mesh,1.0,1.6,15.0,45.1
9.33,6.25,0.0,0.0,0.0,1021.0,694.0,327.0,1.07,,0.37022,1.89,4.19196865817826,0.84,3M Zn(CF3SO3)2,stainless-steel mesh,10.0,1.8,0.2,122.3
9.33,6.25,0.0,0.0,0.0,1021.0,694.0,327.0,1.07,,0.37022,1.89,4.19196865817826,0.84,3M Zn(CF3SO3)2,stainless-steel mesh,10.0,1.8,0.5,108.1
9.33,6.25,0.0,0.0,0.0,1021.0,694.0,327.0,1.07,,0.37022,1.89,4.19196865817826,0.84,3M Zn(CF3SO3)2,stainless-steel mesh,10.0,1.8,1.0,103.8
9.33,6.25,0.0,0.0,0.0,1021.0,694.0,327.0,1.07,,0.37022,1.89,4.19196865817826,0.84,3M Zn(CF3SO3)2,stainless-steel mesh,10.0,1.8,2.0,94.2
9.33,6.25,0.0,0.0,0.0,1021.0,694.0,327.0,1.07,,0.37022,1.89,4.19196865817826,0.84,3M Zn(CF3SO3)2,stainless-steel mesh,10.0,1.8,5.0,85.6
9.33,6.25,0.0,0.0,0.0,1021.0,694.0,327.0,1.07,,0.37022,1.89,4.19196865817826,0.84,3M Zn(CF3SO3)2,stainless-steel mesh,10.0,1.8,10.0,76.0
9.33,6.25,0.0,0.0,0.0,1021.0,694.0,327.0,1.07,,0.37022,1.89,4.19196865817826,0.84,3M Zn(CF3SO3)2,stainless-steel mesh,10.0,1.8,20.0,59.1
8.0,8.12,0.0,0.0,0.0,1685.0,318.0,1367.0,1.2,,0.7956,0.508,2.8486646884273,0.85,3M Zn(CF3SO3)2,stainless-steel mesh,10.0,1.8,0.2,153.8
8.0,8.12,0.0,0.0,0.0,1685.0,318.0,1367.0,1.2,,0.7956,0.508,2.8486646884273,0.85,3M Zn(CF3SO3)2,stainless-steel mesh,10.0,1.8,0.5,146.9
8.0,8.12,0.0,0.0,0.0,1685.0,318.0,1367.0,1.2,,0.7956,0.508,2.8486646884273,0.85,3M Zn(CF3SO3)2,stainless-steel mesh,10.0,1.8,1.0,127.3
8.0,8.12,0.0,0.0,0.0,1685.0,318.0,1367.0,1.2,,0.7956,0.508,2.8486646884273,0.85,3M Zn(CF3SO3)2,stainless-steel mesh,10.0,1.8,2.0,117.0
8.0,8.12,0.0,0.0,0.0,1685.0,318.0,1367.0,1.2,,0.7956,0.508,2.8486646884273,0.85,3M Zn(CF3SO3)2,stainless-steel mesh,10.0,1.8,5.0,108.7
8.0,8.12,0.0,0.0,0.0,1685.0,318.0,1367.0,1.2,,0.7956,0.508,2.8486646884273,0.85,3M Zn(CF3SO3)2,stainless-steel mesh,10.0,1.8,10.0,95.5
8.0,8.12,0.0,0.0,0.0,1685.0,318.0,1367.0,1.2,,0.7956,0.508,2.8486646884273,0.85,3M Zn(CF3SO3)2,stainless-steel mesh,10.0,1.8,20.0,82.3
9.75,7.83,0.0,0.0,0.0,2370.0,687.0,1683.0,2.18,,1.65244,0.319,3.67932489451477,0.85,3M Zn(CF3SO3)2,stainless-steel mesh,10.0,1.8,0.2,250.0
9.75,7.83,0.0,0.0,0.0,2370.0,687.0,1683.0,2.18,,1.65244,0.319,3.67932489451477,0.85,3M Zn(CF3SO3)2,stainless-steel mesh,10.0,1.8,0.5,217.5
9.75,7.83,0.0,0.0,0.0,2370.0,687.0,1683.0,2.18,,1.65244,0.319,3.67932489451477,0.85,3M Zn(CF3SO3)2,stainless-steel mesh,10.0,1.8,1.0,184.3
9.75,7.83,0.0,0.0,0.0,2370.0,687.0,1683.0,2.18,,1.65244,0.319,3.67932489451477,0.85,3M Zn(CF3SO3)2,stainless-steel mesh,10.0,1.8,2.0,163.5
9.75,7.83,0.0,0.0,0.0,2370.0,687.0,1683.0,2.18,,1.65244,0.319,3.67932489451477,0.85,3M Zn(CF3SO3)2,stainless-steel mesh,10.0,1.8,5.0,156.8
9.75,7.83,0.0,0.0,0.0,2370.0,687.0,1683.0,2.18,,1.65244,0.319,3.67932489451477,0.85,3M Zn(CF3SO3)2,stainless-steel mesh,10.0,1.8,10.0,151.9
9.75,7.83,0.0,0.0,0.0,2370.0,687.0,1683.0,2.18,,1.65244,0.319,3.67932489451477,0.85,3M Zn(CF3SO3)2,stainless-steel mesh,10.0,1.8,20.0,149.2
9.75,7.83,0.0,0.0,0.0,2370.0,687.0,1683.0,2.18,,1.65244,0.319,3.67932489451477,0.85,3M Zn(CF3SO3)2,stainless-steel mesh,5.0,1.8,0.2,268.0
9.75,7.83,0.0,0.0,0.0,2370.0,687.0,1683.0,2.18,,1.65244,0.319,3.67932489451477,0.85,3M Zn(CF3SO3)2,stainless-steel mesh,20.0,1.8,0.2,210.0
4.41,12.14,0.0,0.0,0.0,494.0,388.0,,0.27,0.17,,1.7,2.18623481781377,3.1,2M ZnSO4,stainless steel,1.0,1.6,0.2,138.5
4.41,12.14,0.0,0.0,0.0,494.0,388.0,,0.27,0.17,,1.7,2.18623481781377,3.1,2M ZnSO4,stainless steel,1.0,1.6,0.5,112.9
4.41,12.14,0.0,0.0,0.0,494.0,388.0,,0.27,0.17,,1.7,2.18623481781377,3.1,2M ZnSO4,stainless steel,1.0,1.6,1.0,98.1
4.41,12.14,0.0,0.0,0.0,494.0,388.0,,0.27,0.17,,1.7,2.18623481781377,3.1,2M ZnSO4,stainless steel,1.0,1.6,2.0,89.3
4.41,12.14,0.0,0.0,0.0,494.0,388.0,,0.27,0.17,,1.7,2.18623481781377,3.1,2M ZnSO4,stainless steel,1.0,1.6,5.0,77.6
4.41,12.14,0.0,0.0,0.0,494.0,388.0,,0.27,0.17,,1.7,2.18623481781377,3.1,2M ZnSO4,stainless steel,1.0,1.6,10.0,69.0
4.41,12.14,0.0,0.0,0.0,494.0,388.0,,0.27,0.17,,1.7,2.18623481781377,3.1,2M ZnSO4,stainless steel,1.0,1.6,20.0,61.8
4.41,12.14,0.0,0.0,0.0,494.0,388.0,,0.27,0.17,,1.7,2.18623481781377,3.1,2M ZnSO4,stainless steel,1.0,1.6,40.0,48.7
4.41,12.14,0.0,0.0,0.0,494.0,388.0,,0.27,0.17,,1.7,2.18623481781377,3.1,2M ZnSO4,stainless steel,1.0,1.6,60.0,38.7
4.41,12.14,0.0,0.0,0.0,494.0,388.0,,0.27,0.17,,1.7,2.18623481781377,3.1,2M ZnSO4,stainless steel,1.0,1.6,80.0,28.8
5.51,5.19,0.0,0.0,0.0,642.0,288.0,,0.58,0.09,,0.184,3.61370716510903,3.5,2M ZnSO4,stainless steel,1.0,1.6,0.2,149.9
5.51,5.19,0.0,0.0,0.0,642.0,288.0,,0.58,0.09,,0.184,3.61370716510903,3.5,2M ZnSO4,stainless steel,1.0,1.6,0.5,128.2
5.51,5.19,0.0,0.0,0.0,642.0,288.0,,0.58,0.09,,0.184,3.61370716510903,3.5,2M ZnSO4,stainless steel,1.0,1.6,1.0,112.4
5.51,5.19,0.0,0.0,0.0,642.0,288.0,,0.58,0.09,,0.184,3.61370716510903,3.5,2M ZnSO4,stainless steel,1.0,1.6,2.0,102.5
5.51,5.19,0.0,0.0,0.0,642.0,288.0,,0.58,0.09,,0.184,3.61370716510903,3.5,2M ZnSO4,stainless steel,1.0,1.6,5.0,90.9
5.51,5.19,0.0,0.0,0.0,642.0,288.0,,0.58,0.09,,0.184,3.61370716510903,3.5,2M ZnSO4,stainless steel,1.0,1.6,10.0,83.2
5.51,5.19,0.0,0.0,0.0,642.0,288.0,,0.58,0.09,,0.184,3.61370716510903,3.5,2M ZnSO4,stainless steel,1.0,1.6,20.0,73.8
5.51,5.19,0.0,0.0,0.0,642.0,288.0,,0.58,0.09,,0.184,3.61370716510903,3.5,2M ZnSO4,stainless steel,1.0,1.6,40.0,63.3
5.51,5.19,0.0,0.0,0.0,642.0,288.0,,0.58,0.09,,0.184,3.61370716510903,3.5,2M ZnSO4,stainless steel,1.0,1.6,60.0,55.4
5.51,5.19,0.0,0.0,0.0,642.0,288.0,,0.58,0.09,,0.184,3.61370716510903,3.5,2M ZnSO4,stainless steel,1.0,1.6,80.0,46.9
11.74,6.67,0.0,0.0,4.7,1702.0,1154.0,,1.29,0.52,,0.675,3.03172737955347,4.4,2M ZnSO4,stainless steel,1.0,1.6,0.2,212.0
11.74,6.67,0.0,0.0,4.7,1702.0,1154.0,,1.29,0.52,,0.675,3.03172737955347,4.4,2M ZnSO4,stainless steel,1.0,1.6,0.5,189.9
11.74,6.67,0.0,0.0,4.7,1702.0,1154.0,,1.29,0.52,,0.675,3.03172737955347,4.4,2M ZnSO4,stainless steel,1.0,1.6,1.0,171.8
11.74,6.67,0.0,0.0,4.7,1702.0,1154.0,,1.29,0.52,,0.675,3.03172737955347,4.4,2M ZnSO4,stainless steel,1.0,1.6,2.0,155.1
11.74,6.67,0.0,0.0,4.7,1702.0,1154.0,,1.29,0.52,,0.675,3.03172737955347,4.4,2M ZnSO4,stainless steel,1.0,1.6,5.0,145.9
11.74,6.67,0.0,0.0,4.7,1702.0,1154.0,,1.29,0.52,,0.675,3.03172737955347,4.4,2M ZnSO4,stainless steel,1.0,1.6,10.0,134.2
11.74,6.67,0.0,0.0,4.7,1702.0,1154.0,,1.29,0.52,,0.675,3.03172737955347,4.4,2M ZnSO4,stainless steel,1.0,1.6,20.0,126.2
11.74,6.67,0.0,0.0,4.7,1702.0,1154.0,,1.29,0.52,,0.675,3.03172737955347,4.4,2M ZnSO4,stainless steel,1.0,1.6,40.0,114.0
11.74,6.67,0.0,0.0,4.7,1702.0,1154.0,,1.29,0.52,,0.675,3.03172737955347,4.4,2M ZnSO4,stainless steel,1.0,1.6,60.0,104.4
11.74,6.67,0.0,0.0,4.7,1702.0,1154.0,,1.29,0.52,,0.675,3.03172737955347,4.4,2M ZnSO4,stainless steel,1.0,1.6,80.0,93.4
11.74,6.67,0.0,0.0,4.7,1702.0,1154.0,,1.29,0.52,,0.675,3.03172737955347,4.4,2M ZnSO4,stainless steel,3.0,1.6,0.2,174.9
11.74,6.67,0.0,0.0,4.7,1702.0,1154.0,,1.29,0.52,,0.675,3.03172737955347,4.4,2M ZnSO4,stainless steel,5.0,1.6,0.2,157.2
11.74,6.67,0.0,0.0,4.7,1702.0,1154.0,,1.29,0.52,,0.675,3.03172737955347,4.4,2M ZnSO4,stainless steel,10.0,1.6,0.2,134.0
11.74,6.67,0.0,0.0,4.7,1702.0,1154.0,,1.29,0.52,,0.675,3.03172737955347,4.4,2M ZnSO4,stainless steel,20.0,1.6,0.2,107.2
11.74,6.67,0.0,0.0,4.7,1702.0,1154.0,,1.29,0.52,,0.675,3.03172737955347,4.4,2M ZnSO4,stainless steel,40.0,1.6,0.2,87.7
7.41,0.53,0.0,0.0,0.0,1398.16,1037.82,,0.79,0.53,,2.03846153846154,2.26011329175488,0.7,1M ZnSO4,stainless steel,1.0,1.6,0.2,94.6
7.41,0.53,0.0,0.0,0.0,1398.16,1037.82,,0.79,0.53,,2.03846153846154,2.26011329175488,0.7,1M ZnSO4,stainless steel,1.0,1.6,0.5,84.0
7.41,0.53,0.0,0.0,0.0,1398.16,1037.82,,0.79,0.53,,2.03846153846154,2.26011329175488,0.7,1M ZnSO4,stainless steel,1.0,1.6,0.8,80.3
7.41,0.53,0.0,0.0,0.0,1398.16,1037.82,,0.79,0.53,,2.03846153846154,2.26011329175488,0.7,1M ZnSO4,stainless steel,1.0,1.6,1.0,77.9
7.41,0.53,0.0,0.0,0.0,1398.16,1037.82,,0.79,0.53,,2.03846153846154,2.26011329175488,0.7,1M ZnSO4,stainless steel,1.0,1.6,2.0,75.0
7.41,0.53,0.0,0.0,0.0,1398.16,1037.82,,0.79,0.53,,2.03846153846154,2.26011329175488,0.7,1M ZnSO4,stainless steel,1.0,1.6,5.0,71.3
7.41,0.53,0.0,0.0,0.0,1398.16,1037.82,,0.79,0.53,,2.03846153846154,2.26011329175488,0.7,1M ZnSO4,stainless steel,1.0,1.6,8.0,67.5
7.41,0.53,0.0,0.0,0.0,1398.16,1037.82,,0.79,0.53,,2.03846153846154,2.26011329175488,0.7,1M ZnSO4,stainless steel,1.0,1.6,10.0,65.7
6.75,2.16,1.16,0.0,0.0,2363.18,1076.78,,1.33,0.53,,0.6625,2.25120388628881,0.79,1M ZnSO4,stainless steel,1.0,1.6,0.2,135.3
6.75,2.16,1.16,0.0,0.0,2363.18,1076.78,,1.33,0.53,,0.6625,2.25120388628881,0.79,1M ZnSO4,stainless steel,1.0,1.6,0.5,110.1
6.75,2.16,1.16,0.0,0.0,2363.18,1076.78,,1.33,0.53,,0.6625,2.25120388628881,0.79,1M ZnSO4,stainless steel,1.0,1.6,0.8,102.2
6.75,2.16,1.16,0.0,0.0,2363.18,1076.78,,1.33,0.53,,0.6625,2.25120388628881,0.79,1M ZnSO4,stainless steel,1.0,1.6,1.0,99.2
6.75,2.16,1.16,0.0,0.0,2363.18,1076.78,,1.33,0.53,,0.6625,2.25120388628881,0.79,1M ZnSO4,stainless steel,1.0,1.6,2.0,92.6
6.75,2.16,1.16,0.0,0.0,2363.18,1076.78,,1.33,0.53,,0.6625,2.25120388628881,0.79,1M ZnSO4,stainless steel,1.0,1.6,5.0,86.7
6.75,2.16,1.16,0.0,0.0,2363.18,1076.78,,1.33,0.53,,0.6625,2.25120388628881,0.79,1M ZnSO4,stainless steel,1.0,1.6,8.0,83.9
6.75,2.16,1.16,0.0,0.0,2363.18,1076.78,,1.33,0.53,,0.6625,2.25120388628881,0.79,1M ZnSO4,stainless steel,1.0,1.6,10.0,82.0
10.36,3.74,1.11,0.0,0.0,803.95,662.11,,0.53,0.35,,1.94444444444444,2.63697991168605,0.75,1M ZnSO4,stainless steel,1.0,1.6,0.2,144.6
10.36,3.74,1.11,0.0,0.0,803.95,662.11,,0.53,0.35,,1.94444444444444,2.63697991168605,0.75,1M ZnSO4,stainless steel,1.0,1.6,0.5,122.9
10.36,3.74,1.11,0.0,0.0,803.95,662.11,,0.53,0.35,,1.94444444444444,2.63697991168605,0.75,1M ZnSO4,stainless steel,1.0,1.6,0.8,112.8
10.36,3.74,1.11,0.0,0.0,803.95,662.11,,0.53,0.35,,1.94444444444444,2.63697991168605,0.75,1M ZnSO4,stainless steel,1.0,1.6,1.0,107.1
10.36,3.74,1.11,0.0,0.0,803.95,662.11,,0.53,0.35,,1.94444444444444,2.63697991168605,0.75,1M ZnSO4,stainless steel,1.0,1.6,2.0,96.7
10.36,3.74,1.11,0.0,0.0,803.95,662.11,,0.53,0.35,,1.94444444444444,2.63697991168605,0.75,1M ZnSO4,stainless steel,1.0,1.6,5.0,85.6
10.36,3.74,1.11,0.0,0.0,803.95,662.11,,0.53,0.35,,1.94444444444444,2.63697991168605,0.75,1M ZnSO4,stainless steel,1.0,1.6,8.0,77.1
10.36,3.74,1.11,0.0,0.0,803.95,662.11,,0.53,0.35,,1.94444444444444,2.63697991168605,0.75,1M ZnSO4,stainless steel,1.0,1.6,10.0,73.1
6.89,1.57,1.05,0.0,0.0,1678.38,1065.52,,1.04,0.54,,1.08,2.47858053599304,0.82,1M ZnSO4,stainless steel,1.0,1.6,0.2,185.3
6.89,1.57,1.05,0.0,0.0,1678.38,1065.52,,1.04,0.54,,1.08,2.47858053599304,0.82,1M ZnSO4,stainless steel,1.0,1.6,0.5,134.8
6.89,1.57,1.05,0.0,0.0,1678.38,1065.52,,1.04,0.54,,1.08,2.47858053599304,0.82,1M ZnSO4,stainless steel,1.0,1.6,0.8,125.0
6.89,1.57,1.05,0.0,0.0,1678.38,1065.52,,1.04,0.54,,1.08,2.47858053599304,0.82,1M ZnSO4,stainless steel,1.0,1.6,1.0,119.7
6.89,1.57,1.05,0.0,0.0,1678.38,1065.52,,1.04,0.54,,1.08,2.47858053599304,0.82,1M ZnSO4,stainless steel,1.0,1.6,2.0,111.3
6.89,1.57,1.05,0.0,0.0,1678.38,1065.52,,1.04,0.54,,1.08,2.47858053599304,0.82,1M ZnSO4,stainless steel,1.0,1.6,5.0,101.5
6.89,1.57,1.05,0.0,0.0,1678.38,1065.52,,1.04,0.54,,1.08,2.47858053599304,0.82,1M ZnSO4,stainless steel,1.0,1.6,8.0,98.6
6.89,1.57,1.05,0.0,0.0,1678.38,1065.52,,1.04,0.54,,1.08,2.47858053599304,0.82,1M ZnSO4,stainless steel,1.0,1.6,10.0,95.2
5.49,2.86,1.36,0.0,0.0,1590.46,177.35,,1.32,0.08,,0.0645161290322581,3.31979427335488,0.71,1M ZnSO4,stainless steel,1.0,1.6,0.2,84.0
5.49,2.86,1.36,0.0,0.0,1590.46,177.35,,1.32,0.08,,0.0645161290322581,3.31979427335488,0.71,1M ZnSO4,stainless steel,1.0,1.6,0.5,69.1
5.49,2.86,1.36,0.0,0.0,1590.46,177.35,,1.32,0.08,,0.0645161290322581,3.31979427335488,0.71,1M ZnSO4,stainless steel,1.0,1.6,0.8,64.9
5.49,2.86,1.36,0.0,0.0,1590.46,177.35,,1.32,0.08,,0.0645161290322581,3.31979427335488,0.71,1M ZnSO4,stainless steel,1.0,1.6,1.0,63.0
5.49,2.86,1.36,0.0,0.0,1590.46,177.35,,1.32,0.08,,0.0645161290322581,3.31979427335488,0.71,1M ZnSO4,stainless steel,1.0,1.6,2.0,58.8
5.49,2.86,1.36,0.0,0.0,1590.46,177.35,,1.32,0.08,,0.0645161290322581,3.31979427335488,0.71,1M ZnSO4,stainless steel,1.0,1.6,5.0,56.9
5.49,2.86,1.36,0.0,0.0,1590.46,177.35,,1.32,0.08,,0.0645161290322581,3.31979427335488,0.71,1M ZnSO4,stainless steel,1.0,1.6,8.0,55.1
5.49,2.86,1.36,0.0,0.0,1590.46,177.35,,1.32,0.08,,0.0645161290322581,3.31979427335488,0.71,1M ZnSO4,stainless steel,1.0,1.6,10.0,53.2
3.37,0.0,0.0,0.0,0.0,3252.6,903.5,2349.1,3.428,0.341,,0.110463232912213,4.21570435958925,1.02,1M Zn(CF3SO3)2,stainless-steel mesh,1.0,1.6,0.3,98.2
3.37,0.0,0.0,0.0,0.0,3252.6,903.5,2349.1,3.428,0.341,,0.110463232912213,4.21570435958925,1.02,1M Zn(CF3SO3)2,stainless-steel mesh,1.0,1.6,0.5,94.2
3.37,0.0,0.0,0.0,0.0,3252.6,903.5,2349.1,3.428,0.341,,0.110463232912213,4.21570435958925,1.02,1M Zn(CF3SO3)2,stainless-steel mesh,1.0,1.6,1.0,89.5
3.37,0.0,0.0,0.0,0.0,3252.6,903.5,2349.1,3.428,0.341,,0.110463232912213,4.21570435958925,1.02,1M Zn(CF3SO3)2,stainless-steel mesh,1.0,1.6,3.0,80.1
3.37,0.0,0.0,0.0,0.0,3252.6,903.5,2349.1,3.428,0.341,,0.110463232912213,4.21570435958925,1.02,1M Zn(CF3SO3)2,stainless-steel mesh,1.0,1.6,5.0,76.2
3.37,0.0,0.0,0.0,0.0,3252.6,903.5,2349.1,3.428,0.341,,0.110463232912213,4.21570435958925,1.02,1M Zn(CF3SO3)2,stainless-steel mesh,1.0,1.6,8.0,73.0
3.37,0.0,0.0,0.0,0.0,3252.6,903.5,2349.1,3.428,0.341,,0.110463232912213,4.21570435958925,1.02,1M Zn(CF3SO3)2,stainless-steel mesh,1.0,1.6,10.0,67.9
3.37,0.0,0.0,0.0,0.0,3252.6,903.5,2349.1,3.428,0.341,,0.110463232912213,4.21570435958925,1.02,1M Zn(CF3SO3)2,stainless-steel mesh,1.0,1.6,20.0,61.2
3.37,0.0,0.0,0.0,0.0,3252.6,903.5,2349.1,3.428,0.341,,0.110463232912213,4.21570435958925,1.02,1M Zn(CF3SO3)2,stainless-steel mesh,1.0,1.6,30.0,56.4
2.75,0.95,0.0,0.0,0.0,1687.1,472.1,1215.0,1.75,0.161,,0.101321585903084,4.1491316460198,1.11,1M Zn(CF3SO3)2,stainless-steel mesh,1.0,1.6,0.3,111.6
2.75,0.95,0.0,0.0,0.0,1687.1,472.1,1215.0,1.75,0.161,,0.101321585903084,4.1491316460198,1.11,1M Zn(CF3SO3)2,stainless-steel mesh,1.0,1.6,0.5,105.1
2.75,0.95,0.0,0.0,0.0,1687.1,472.1,1215.0,1.75,0.161,,0.101321585903084,4.1491316460198,1.11,1M Zn(CF3SO3)2,stainless-steel mesh,1.0,1.6,1.0,102.0
2.75,0.95,0.0,0.0,0.0,1687.1,472.1,1215.0,1.75,0.161,,0.101321585903084,4.1491316460198,1.11,1M Zn(CF3SO3)2,stainless-steel mesh,1.0,1.6,3.0,96.6
2.75,0.95,0.0,0.0,0.0,1687.1,472.1,1215.0,1.75,0.161,,0.101321585903084,4.1491316460198,1.11,1M Zn(CF3SO3)2,stainless-steel mesh,1.0,1.6,5.0,92.4
2.75,0.95,0.0,0.0,0.0,1687.1,472.1,1215.0,1.75,0.161,,0.101321585903084,4.1491316460198,1.11,1M Zn(CF3SO3)2,stainless-steel mesh,1.0,1.6,8.0,90.0
2.75,0.95,0.0,0.0,0.0,1687.1,472.1,1215.0,1.75,0.161,,0.101321585903084,4.1491316460198,1.11,1M Zn(CF3SO3)2,stainless-steel mesh,1.0,1.6,10.0,88.5
2.75,0.95,0.0,0.0,0.0,1687.1,472.1,1215.0,1.75,0.161,,0.101321585903084,4.1491316460198,1.11,1M Zn(CF3SO3)2,stainless-steel mesh,1.0,1.6,20.0,79.9
2.75,0.95,0.0,0.0,0.0,1687.1,472.1,1215.0,1.75,0.161,,0.101321585903084,4.1491316460198,1.11,1M Zn(CF3SO3)2,stainless-steel mesh,1.0,1.6,30.0,72.4
1.91,2.99,0.0,0.0,0.0,2330.9,466.5,1864.4,2.756,0.262,,0.105052125100241,4.72950362520915,1.24,1M Zn(CF3SO3)2,stainless-steel mesh,1.0,1.6,0.3,125.3
1.91,2.99,0.0,0.0,0.0,2330.9,466.5,1864.4,2.756,0.262,,0.105052125100241,4.72950362520915,1.24,1M Zn(CF3SO3)2,stainless-steel mesh,1.0,1.6,0.5,117.3
1.91,2.99,0.0,0.0,0.0,2330.9,466.5,1864.4,2.756,0.262,,0.105052125100241,4.72950362520915,1.24,1M Zn(CF3SO3)2,stainless-steel mesh,1.0,1.6,1.0,115.3
1.91,2.99,0.0,0.0,0.0,2330.9,466.5,1864.4,2.756,0.262,,0.105052125100241,4.72950362520915,1.24,1M Zn(CF3SO3)2,stainless-steel mesh,1.0,1.6,3.0,105.9
1.91,2.99,0.0,0.0,0.0,2330.9,466.5,1864.4,2.756,0.262,,0.105052125100241,4.72950362520915,1.24,1M Zn(CF3SO3)2,stainless-steel mesh,1.0,1.6,5.0,99.8
1.91,2.99,0.0,0.0,0.0,2330.9,466.5,1864.4,2.756,0.262,,0.105052125100241,4.72950362520915,1.24,1M Zn(CF3SO3)2,stainless-steel mesh,1.0,1.6,8.0,97.5
1.91,2.99,0.0,0.0,0.0,2330.9,466.5,1864.4,2.756,0.262,,0.105052125100241,4.72950362520915,1.24,1M Zn(CF3SO3)2,stainless-steel mesh,1.0,1.6,10.0,94.5
1.91,2.99,0.0,0.0,0.0,2330.9,466.5,1864.4,2.756,0.262,,0.105052125100241,4.72950362520915,1.24,1M Zn(CF3SO3)2,stainless-steel mesh,1.0,1.6,20.0,88.9
1.91,2.99,0.0,0.0,0.0,2330.9,466.5,1864.4,2.756,0.262,,0.105052125100241,4.72950362520915,1.24,1M Zn(CF3SO3)2,stainless-steel mesh,1.0,1.6,30.0,83.1
1.9,1.3,0.0,0.0,0.0,1317.4,364.9,952.5,1.384,0.155,,0.126118795768918,4.20221648701989,1.05,1M Zn(CF3SO3)2,stainless-steel mesh,1.0,1.6,0.3,107.6
1.9,1.3,0.0,0.0,0.0,1317.4,364.9,952.5,1.384,0.155,,0.126118795768918,4.20221648701989,1.05,1M Zn(CF3SO3)2,stainless-steel mesh,1.0,1.6,0.5,103.0
1.9,1.3,0.0,0.0,0.0,1317.4,364.9,952.5,1.384,0.155,,0.126118795768918,4.20221648701989,1.05,1M Zn(CF3SO3)2,stainless-steel mesh,1.0,1.6,1.0,99.7
1.9,1.3,0.0,0.0,0.0,1317.4,364.9,952.5,1.384,0.155,,0.126118795768918,4.20221648701989,1.05,1M Zn(CF3SO3)2,stainless-steel mesh,1.0,1.6,3.0,91.6
1.9,1.3,0.0,0.0,0.0,1317.4,364.9,952.5,1.384,0.155,,0.126118795768918,4.20221648701989,1.05,1M Zn(CF3SO3)2,stainless-steel mesh,1.0,1.6,5.0,88.7
1.9,1.3,0.0,0.0,0.0,1317.4,364.9,952.5,1.384,0.155,,0.126118795768918,4.20221648701989,1.05,1M Zn(CF3SO3)2,stainless-steel mesh,1.0,1.6,8.0,82.4
1.9,1.3,0.0,0.0,0.0,1317.4,364.9,952.5,1.384,0.155,,0.126118795768918,4.20221648701989,1.05,1M Zn(CF3SO3)2,stainless-steel mesh,1.0,1.6,10.0,79.6
1.9,1.3,0.0,0.0,0.0,1317.4,364.9,952.5,1.384,0.155,,0.126118795768918,4.20221648701989,1.05,1M Zn(CF3SO3)2,stainless-steel mesh,1.0,1.6,20.0,71.9
1.9,1.3,0.0,0.0,0.0,1317.4,364.9,952.5,1.384,0.155,,0.126118795768918,4.20221648701989,1.05,1M Zn(CF3SO3)2,stainless-steel mesh,1.0,1.6,30.0,63.1
9.92,0.0,0.0,0.0,0.0,1667.33,,,1.23,0.65,0.57,1.14,2.95082557142257,1.1,2M ZnSO4,stainless-steel mesh,,1.6,0.5,101.2
9.92,0.0,0.0,0.0,0.0,1667.33,,,1.23,0.65,0.57,1.14,2.95082557142257,1.1,2M ZnSO4,stainless-steel mesh,,1.6,1.0,92.4
9.92,0.0,0.0,0.0,0.0,1667.33,,,1.23,0.65,0.57,1.14,2.95082557142257,1.1,2M ZnSO4,stainless-steel mesh,,1.6,2.0,84.3
9.92,0.0,0.0,0.0,0.0,1667.33,,,1.23,0.65,0.57,1.14,2.95082557142257,1.1,2M ZnSO4,stainless-steel mesh,,1.6,3.0,79.8
9.92,0.0,0.0,0.0,0.0,1667.33,,,1.23,0.65,0.57,1.14,2.95082557142257,1.1,2M ZnSO4,stainless-steel mesh,,1.6,4.0,77.2
9.92,0.0,0.0,0.0,0.0,1667.33,,,1.23,0.65,0.57,1.14,2.95082557142257,1.1,2M ZnSO4,stainless-steel mesh,,1.6,5.0,75.8
9.92,0.0,0.0,0.0,0.0,1667.33,,,1.23,0.65,0.57,1.14,2.95082557142257,1.1,2M ZnSO4,stainless-steel mesh,,1.6,10.0,68.2
9.92,0.0,0.0,0.0,0.0,1667.33,,,1.23,0.65,0.57,1.14,2.95082557142257,1.1,2M ZnSO4,stainless-steel mesh,,1.6,20.0,61.0
9.53,0.0,0.0,2.59,0.0,1886.8,,,1.23,0.69,0.54,1.278,2.60758956964172,1.13,2M ZnSO4,stainless-steel mesh,,1.6,0.5,113.3
9.53,0.0,0.0,2.59,0.0,1886.8,,,1.23,0.69,0.54,1.278,2.60758956964172,1.13,2M ZnSO4,stainless-steel mesh,,1.6,1.0,104.9
9.53,0.0,0.0,2.59,0.0,1886.8,,,1.23,0.69,0.54,1.278,2.60758956964172,1.13,2M ZnSO4,stainless-steel mesh,,1.6,2.0,97.5
9.53,0.0,0.0,2.59,0.0,1886.8,,,1.23,0.69,0.54,1.278,2.60758956964172,1.13,2M ZnSO4,stainless-steel mesh,,1.6,3.0,93.4
9.53,0.0,0.0,2.59,0.0,1886.8,,,1.23,0.69,0.54,1.278,2.60758956964172,1.13,2M ZnSO4,stainless-steel mesh,,1.6,4.0,89.9
9.53,0.0,0.0,2.59,0.0,1886.8,,,1.23,0.69,0.54,1.278,2.60758956964172,1.13,2M ZnSO4,stainless-steel mesh,,1.6,5.0,87.0
9.53,0.0,0.0,2.59,0.0,1886.8,,,1.23,0.69,0.54,1.278,2.60758956964172,1.13,2M ZnSO4,stainless-steel mesh,,1.6,10.0,78.5
9.53,0.0,0.0,2.59,0.0,1886.8,,,1.23,0.69,0.54,1.278,2.60758956964172,1.13,2M ZnSO4,stainless-steel mesh,,1.6,20.0,66.0
9.44,0.8,0.0,0.0,0.0,2295.25,,,1.63,0.91,0.72,1.264,2.84064916675743,1.18,2M ZnSO4,stainless-steel mesh,,1.6,0.5,114.1
9.44,0.8,0.0,0.0,0.0,2295.25,,,1.63,0.91,0.72,1.264,2.84064916675743,1.18,2M ZnSO4,stainless-steel mesh,,1.6,1.0,103.4
9.44,0.8,0.0,0.0,0.0,2295.25,,,1.63,0.91,0.72,1.264,2.84064916675743,1.18,2M ZnSO4,stainless-steel mesh,,1.6,2.0,94.5
9.44,0.8,0.0,0.0,0.0,2295.25,,,1.63,0.91,0.72,1.264,2.84064916675743,1.18,2M ZnSO4,stainless-steel mesh,,1.6,3.0,90.0
9.44,0.8,0.0,0.0,0.0,2295.25,,,1.63,0.91,0.72,1.264,2.84064916675743,1.18,2M ZnSO4,stainless-steel mesh,,1.6,4.0,86.4
9.44,0.8,0.0,0.0,0.0,2295.25,,,1.63,0.91,0.72,1.264,2.84064916675743,1.18,2M ZnSO4,stainless-steel mesh,,1.6,5.0,84.0
9.44,0.8,0.0,0.0,0.0,2295.25,,,1.63,0.91,0.72,1.264,2.84064916675743,1.18,2M ZnSO4,stainless-steel mesh,,1.6,10.0,74.4
9.44,0.8,0.0,0.0,0.0,2295.25,,,1.63,0.91,0.72,1.264,2.84064916675743,1.18,2M ZnSO4,stainless-steel mesh,,1.6,20.0,62.2
9.05,1.32,0.0,1.67,0.0,2773.02,,,1.91,1.1,0.81,1.358,2.75511896776799,1.19,2M ZnSO4,stainless-steel mesh,,1.6,0.5,135.0
9.05,1.32,0.0,1.67,0.0,2773.02,,,1.91,1.1,0.81,1.358,2.75511896776799,1.19,2M ZnSO4,stainless-steel mesh,,1.6,1.0,120.8
9.05,1.32,0.0,1.67,0.0,2773.02,,,1.91,1.1,0.81,1.358,2.75511896776799,1.19,2M ZnSO4,stainless-steel mesh,,1.6,2.0,106.0
9.05,1.32,0.0,1.67,0.0,2773.02,,,1.91,1.1,0.81,1.358,2.75511896776799,1.19,2M ZnSO4,stainless-steel mesh,,1.6,3.0,100.5
9.05,1.32,0.0,1.67,0.0,2773.02,,,1.91,1.1,0.81,1.358,2.75511896776799,1.19,2M ZnSO4,stainless-steel mesh,,1.6,4.0,97.1
9.05,1.32,0.0,1.67,0.0,2773.02,,,1.91,1.1,0.81,1.358,2.75511896776799,1.19,2M ZnSO4,stainless-steel mesh,,1.6,5.0,95.0
9.05,1.32,0.0,1.67,0.0,2773.02,,,1.91,1.1,0.81,1.358,2.75511896776799,1.19,2M ZnSO4,stainless-steel mesh,,1.6,10.0,88.8
9.05,1.32,0.0,1.67,0.0,2773.02,,,1.91,1.1,0.81,1.358,2.75511896776799,1.19,2M ZnSO4,stainless-steel mesh,,1.6,20.0,81.6
9.71,5.41,0.0,0.0,0.0,670.0,,,0.72,0.43,0.14,3.071,4.29850746268657,1.89,3M Zn(CF3SO3)2,stainless-steel mesh,,1.7,0.1,122.4
9.71,5.41,0.0,0.0,0.0,670.0,,,0.72,0.43,0.14,3.071,4.29850746268657,1.89,3M Zn(CF3SO3)2,stainless-steel mesh,,1.7,0.2,92.4
9.71,5.41,0.0,0.0,0.0,670.0,,,0.72,0.43,0.14,3.071,4.29850746268657,1.89,3M Zn(CF3SO3)2,stainless-steel mesh,,1.7,0.5,79.7
9.71,5.41,0.0,0.0,0.0,670.0,,,0.72,0.43,0.14,3.071,4.29850746268657,1.89,3M Zn(CF3SO3)2,stainless-steel mesh,,1.7,1.0,72.7
9.71,5.41,0.0,0.0,0.0,670.0,,,0.72,0.43,0.14,3.071,4.29850746268657,1.89,3M Zn(CF3SO3)2,stainless-steel mesh,,1.7,2.0,68.4
9.71,5.41,0.0,0.0,0.0,670.0,,,0.72,0.43,0.14,3.071,4.29850746268657,1.89,3M Zn(CF3SO3)2,stainless-steel mesh,,1.7,5.0,61.1
9.71,5.41,0.0,0.0,0.0,670.0,,,0.72,0.43,0.14,3.071,4.29850746268657,1.89,3M Zn(CF3SO3)2,stainless-steel mesh,,1.7,10.0,55.7
9.71,5.41,0.0,0.0,0.0,670.0,,,0.72,0.43,0.14,3.071,4.29850746268657,1.89,3M Zn(CF3SO3)2,stainless-steel mesh,,1.7,20.0,49.1
9.71,5.41,0.0,0.0,0.0,670.0,,,0.72,0.43,0.14,3.071,4.29850746268657,1.89,3M Zn(CF3SO3)2,stainless-steel mesh,,1.7,40.0,43.7
9.71,5.41,0.0,0.0,0.0,670.0,,,0.72,0.43,0.14,3.071,4.29850746268657,1.89,3M Zn(CF3SO3)2,stainless-steel mesh,,1.7,50.0,42.2
7.21,3.67,0.0,0.0,0.0,1777.0,,,1.56,0.9,0.39,2.308,3.51153629712999,2.0,3M Zn(CF3SO3)2,stainless-steel mesh,,1.7,0.1,153.4
7.21,3.67,0.0,0.0,0.0,1777.0,,,1.56,0.9,0.39,2.308,3.51153629712999,2.0,3M Zn(CF3SO3)2,stainless-steel mesh,,1.7,0.2,117.6
7.21,3.67,0.0,0.0,0.0,1777.0,,,1.56,0.9,0.39,2.308,3.51153629712999,2.0,3M Zn(CF3SO3)2,stainless-steel mesh,,1.7,0.5,101.3
7.21,3.67,0.0,0.0,0.0,1777.0,,,1.56,0.9,0.39,2.308,3.51153629712999,2.0,3M Zn(CF3SO3)2,stainless-steel mesh,,1.7,1.0,93.9
7.21,3.67,0.0,0.0,0.0,1777.0,,,1.56,0.9,0.39,2.308,3.51153629712999,2.0,3M Zn(CF3SO3)2,stainless-steel mesh,,1.7,2.0,90.1
7.21,3.67,0.0,0.0,0.0,1777.0,,,1.56,0.9,0.39,2.308,3.51153629712999,2.0,3M Zn(CF3SO3)2,stainless-steel mesh,,1.7,5.0,83.1
7.21,3.67,0.0,0.0,0.0,1777.0,,,1.56,0.9,0.39,2.308,3.51153629712999,2.0,3M Zn(CF3SO3)2,stainless-steel mesh,,1.7,10.0,77.7
7.21,3.67,0.0,0.0,0.0,1777.0,,,1.56,0.9,0.39,2.308,3.51153629712999,2.0,3M Zn(CF3SO3)2,stainless-steel mesh,,1.7,20.0,72.3
7.21,3.67,0.0,0.0,0.0,1777.0,,,1.56,0.9,0.39,2.308,3.51153629712999,2.0,3M Zn(CF3SO3)2,stainless-steel mesh,,1.7,40.0,66.9
7.21,3.67,0.0,0.0,0.0,1777.0,,,1.56,0.9,0.39,2.308,3.51153629712999,2.0,3M Zn(CF3SO3)2,stainless-steel mesh,,1.7,50.0,64.2
8.35,2.41,0.0,0.0,0.0,2511.0,,,2.17,0.95,0.81,1.173,3.45679012345679,2.07,3M Zn(CF3SO3)2,stainless-steel mesh,,1.7,0.1,191.4
8.35,2.41,0.0,0.0,0.0,2511.0,,,2.17,0.95,0.81,1.173,3.45679012345679,2.07,3M Zn(CF3SO3)2,stainless-steel mesh,,1.7,0.2,167.7
8.35,2.41,0.0,0.0,0.0,2511.0,,,2.17,0.95,0.81,1.173,3.45679012345679,2.07,3M Zn(CF3SO3)2,stainless-steel mesh,,1.7,0.5,149.1
8.35,2.41,0.0,0.0,0.0,2511.0,,,2.17,0.95,0.81,1.173,3.45679012345679,2.07,3M Zn(CF3SO3)2,stainless-steel mesh,,1.7,1.0,138.4
8.35,2.41,0.0,0.0,0.0,2511.0,,,2.17,0.95,0.81,1.173,3.45679012345679,2.07,3M Zn(CF3SO3)2,stainless-steel mesh,,1.7,2.0,130.8
8.35,2.41,0.0,0.0,0.0,2511.0,,,2.17,0.95,0.81,1.173,3.45679012345679,2.07,3M Zn(CF3SO3)2,stainless-steel mesh,,1.7,5.0,123.6
8.35,2.41,0.0,0.0,0.0,2511.0,,,2.17,0.95,0.81,1.173,3.45679012345679,2.07,3M Zn(CF3SO3)2,stainless-steel mesh,,1.7,10.0,116.7
8.35,2.41,0.0,0.0,0.0,2511.0,,,2.17,0.95,0.81,1.173,3.45679012345679,2.07,3M Zn(CF3SO3)2,stainless-steel mesh,,1.7,20.0,113.8
8.35,2.41,0.0,0.0,0.0,2511.0,,,2.17,0.95,0.81,1.173,3.45679012345679,2.07,3M Zn(CF3SO3)2,stainless-steel mesh,,1.7,40.0,105.6
8.35,2.41,0.0,0.0,0.0,2511.0,,,2.17,0.95,0.81,1.173,3.45679012345679,2.07,3M Zn(CF3SO3)2,stainless-steel mesh,,1.7,50.0,99.9
6.98,2.3,0.0,0.0,0.0,2353.0,,,2.14,0.81,1.04,0.779,3.63790905227369,2.18,3M Zn(CF3SO3)2,stainless-steel mesh,,1.7,0.1,158.6
6.98,2.3,0.0,0.0,0.0,2353.0,,,2.14,0.81,1.04,0.779,3.63790905227369,2.18,3M Zn(CF3SO3)2,stainless-steel mesh,,1.7,0.2,127.2
6.98,2.3,0.0,0.0,0.0,2353.0,,,2.14,0.81,1.04,0.779,3.63790905227369,2.18,3M Zn(CF3SO3)2,stainless-steel mesh,,1.7,0.5,112.1
6.98,2.3,0.0,0.0,0.0,2353.0,,,2.14,0.81,1.04,0.779,3.63790905227369,2.18,3M Zn(CF3SO3)2,stainless-steel mesh,,1.7,1.0,104.0
6.98,2.3,0.0,0.0,0.0,2353.0,,,2.14,0.81,1.04,0.779,3.63790905227369,2.18,3M Zn(CF3SO3)2,stainless-steel mesh,,1.7,2.0,99.3
6.98,2.3,0.0,0.0,0.0,2353.0,,,2.14,0.81,1.04,0.779,3.63790905227369,2.18,3M Zn(CF3SO3)2,stainless-steel mesh,,1.7,5.0,91.6
6.98,2.3,0.0,0.0,0.0,2353.0,,,2.14,0.81,1.04,0.779,3.63790905227369,2.18,3M Zn(CF3SO3)2,stainless-steel mesh,,1.7,10.0,86.2
6.98,2.3,0.0,0.0,0.0,2353.0,,,2.14,0.81,1.04,0.779,3.63790905227369,2.18,3M Zn(CF3SO3)2,stainless-steel mesh,,1.7,20.0,81.6
6.98,2.3,0.0,0.0,0.0,2353.0,,,2.14,0.81,1.04,0.779,3.63790905227369,2.18,3M Zn(CF3SO3)2,stainless-steel mesh,,1.7,40.0,76.1
6.98,2.3,0.0,0.0,0.0,2353.0,,,2.14,0.81,1.04,0.779,3.63790905227369,2.18,3M Zn(CF3SO3)2,stainless-steel mesh,,1.7,50.0,73.9
15.55,2.61,0.0,0.0,0.0,3139.2,1295.9,,1.74,0.97,,1.25974025974026,2.217125382263,1.02,2M ZnSO4,graphite paper,1.0,1.6,0.1,189.4
15.55,2.61,0.0,0.0,0.0,3139.2,1295.9,,1.74,0.97,,1.25974025974026,2.217125382263,1.02,2M ZnSO4,graphite paper,1.0,1.6,0.2,155.0
15.55,2.61,0.0,0.0,0.0,3139.2,1295.9,,1.74,0.97,,1.25974025974026,2.217125382263,1.02,2M ZnSO4,graphite paper,1.0,1.6,0.5,136.6
15.55,2.61,0.0,0.0,0.0,3139.2,1295.9,,1.74,0.97,,1.25974025974026,2.217125382263,1.02,2M ZnSO4,graphite paper,1.0,1.6,1.0,126.1
15.55,2.61,0.0,0.0,0.0,3139.2,1295.9,,1.74,0.97,,1.25974025974026,2.217125382263,1.02,2M ZnSO4,graphite paper,1.0,1.6,2.0,117.1
15.55,2.61,0.0,0.0,0.0,3139.2,1295.9,,1.74,0.97,,1.25974025974026,2.217125382263,1.02,2M ZnSO4,graphite paper,1.0,1.6,3.0,112.5
15.55,2.61,0.0,0.0,0.0,3139.2,1295.9,,1.74,0.97,,1.25974025974026,2.217125382263,1.02,2M ZnSO4,graphite paper,1.0,1.6,4.0,109.3
15.55,2.61,0.0,0.0,0.0,3139.2,1295.9,,1.74,0.97,,1.25974025974026,2.217125382263,1.02,2M ZnSO4,graphite paper,1.0,1.6,5.0,106.7
15.55,2.61,0.0,0.0,0.0,3139.2,1295.9,,1.74,0.97,,1.25974025974026,2.217125382263,1.02,2M ZnSO4,graphite paper,1.0,1.6,7.0,103.6
15.55,2.61,0.0,0.0,0.0,3139.2,1295.9,,1.74,0.97,,1.25974025974026,2.217125382263,1.02,2M ZnSO4,graphite paper,1.0,1.6,10.0,100.0
15.55,2.61,0.0,0.0,0.0,3139.2,1295.9,,1.74,0.97,,1.25974025974026,2.217125382263,1.02,2M ZnSO4,graphite paper,1.0,1.6,14.0,97.2
15.55,2.61,0.0,0.0,0.0,3139.2,1295.9,,1.74,0.97,,1.25974025974026,2.217125382263,1.02,2M ZnSO4,graphite paper,1.0,1.6,20.0,94.2
15.55,2.61,0.0,0.0,0.0,3139.2,1295.9,,1.74,0.97,,1.25974025974026,2.217125382263,1.02,2M ZnSO4,graphite paper,1.0,1.6,50.0,84.2
15.55,2.61,0.0,0.0,0.0,3139.2,1295.9,,1.74,0.97,,1.25974025974026,2.217125382263,1.02,2M ZnSO4,graphite paper,1.0,1.6,70.0,66.9
15.55,2.61,0.0,0.0,0.0,3139.2,1295.9,,1.74,0.97,,1.25974025974026,2.217125382263,1.02,2M ZnSO4,graphite paper,1.0,1.6,100.0,59.4
12.89,3.05,0.0,0.0,0.0,3224.9,1257.6,,1.93,0.93,,0.93,2.39387267822258,0.94,2M ZnSO4,graphite paper,1.0,1.6,0.1,225.3
12.89,3.05,0.0,0.0,0.0,3224.9,1257.6,,1.93,0.93,,0.93,2.39387267822258,0.94,2M ZnSO4,graphite paper,1.0,1.6,0.2,196.8
12.89,3.05,0.0,0.0,0.0,3224.9,1257.6,,1.93,0.93,,0.93,2.39387267822258,0.94,2M ZnSO4,graphite paper,1.0,1.6,0.5,174.3
12.89,3.05,0.0,0.0,0.0,3224.9,1257.6,,1.93,0.93,,0.93,2.39387267822258,0.94,2M ZnSO4,graphite paper,1.0,1.6,1.0,161.1
12.89,3.05,0.0,0.0,0.0,3224.9,1257.6,,1.93,0.93,,0.93,2.39387267822258,0.94,2M ZnSO4,graphite paper,1.0,1.6,2.0,150.8
12.89,3.05,0.0,0.0,0.0,3224.9,1257.6,,1.93,0.93,,0.93,2.39387267822258,0.94,2M ZnSO4,graphite paper,1.0,1.6,3.0,144.4
12.89,3.05,0.0,0.0,0.0,3224.9,1257.6,,1.93,0.93,,0.93,2.39387267822258,0.94,2M ZnSO4,graphite paper,1.0,1.6,4.0,141.2
12.89,3.05,0.0,0.0,0.0,3224.9,1257.6,,1.93,0.93,,0.93,2.39387267822258,0.94,2M ZnSO4,graphite paper,1.0,1.6,5.0,138.6
12.89,3.05,0.0,0.0,0.0,3224.9,1257.6,,1.93,0.93,,0.93,2.39387267822258,0.94,2M ZnSO4,graphite paper,1.0,1.6,7.0,134.0
12.89,3.05,0.0,0.0,0.0,3224.9,1257.6,,1.93,0.93,,0.93,2.39387267822258,0.94,2M ZnSO4,graphite paper,1.0,1.6,10.0,129.3
12.89,3.05,0.0,0.0,0.0,3224.9,1257.6,,1.93,0.93,,0.93,2.39387267822258,0.94,2M ZnSO4,graphite paper,1.0,1.6,14.0,124.5
12.89,3.05,0.0,0.0,0.0,3224.9,1257.6,,1.93,0.93,,0.93,2.39387267822258,0.94,2M ZnSO4,graphite paper,1.0,1.6,20.0,118.7
12.89,3.05,0.0,0.0,0.0,3224.9,1257.6,,1.93,0.93,,0.93,2.39387267822258,0.94,2M ZnSO4,graphite paper,1.0,1.6,50.0,103.0
12.89,3.05,0.0,0.0,0.0,3224.9,1257.6,,1.93,0.93,,0.93,2.39387267822258,0.94,2M ZnSO4,graphite paper,1.0,1.6,70.0,88.8
12.89,3.05,0.0,0.0,0.0,3224.9,1257.6,,1.93,0.93,,0.93,2.39387267822258,0.94,2M ZnSO4,graphite paper,1.0,1.6,100.0,73.8
10.45,2.44,0.0,0.0,0.0,2993.2,1291.5,,1.71,0.91,,1.1375,2.28517974074569,0.91,2M ZnSO4,graphite paper,1.0,1.6,0.1,193.0
10.45,2.44,0.0,0.0,0.0,2993.2,1291.5,,1.71,0.91,,1.1375,2.28517974074569,0.91,2M ZnSO4,graphite paper,1.0,1.6,0.2,160.1
10.45,2.44,0.0,0.0,0.0,2993.2,1291.5,,1.71,0.91,,1.1375,2.28517974074569,0.91,2M ZnSO4,graphite paper,1.0,1.6,0.5,141.2
10.45,2.44,0.0,0.0,0.0,2993.2,1291.5,,1.71,0.91,,1.1375,2.28517974074569,0.91,2M ZnSO4,graphite paper,1.0,1.6,1.0,129.3
10.45,2.44,0.0,0.0,0.0,2993.2,1291.5,,1.71,0.91,,1.1375,2.28517974074569,0.91,2M ZnSO4,graphite paper,1.0,1.6,2.0,120.9
10.45,2.44,0.0,0.0,0.0,2993.2,1291.5,,1.71,0.91,,1.1375,2.28517974074569,0.91,2M ZnSO4,graphite paper,1.0,1.6,3.0,116.7
10.45,2.44,0.0,0.0,0.0,2993.2,1291.5,,1.71,0.91,,1.1375,2.28517974074569,0.91,2M ZnSO4,graphite paper,1.0,1.6,4.0,112.9
10.45,2.44,0.0,0.0,0.0,2993.2,1291.5,,1.71,0.91,,1.1375,2.28517974074569,0.91,2M ZnSO4,graphite paper,1.0,1.6,5.0,110.9
10.45,2.44,0.0,0.0,0.0,2993.2,1291.5,,1.71,0.91,,1.1375,2.28517974074569,0.91,2M ZnSO4,graphite paper,1.0,1.6,7.0,108.3
10.45,2.44,0.0,0.0,0.0,2993.2,1291.5,,1.71,0.91,,1.1375,2.28517974074569,0.91,2M ZnSO4,graphite paper,1.0,1.6,10.0,104.5
10.45,2.44,0.0,0.0,0.0,2993.2,1291.5,,1.71,0.91,,1.1375,2.28517974074569,0.91,2M ZnSO4,graphite paper,1.0,1.6,14.0,102.0
10.45,2.44,0.0,0.0,0.0,2993.2,1291.5,,1.71,0.91,,1.1375,2.28517974074569,0.91,2M ZnSO4,graphite paper,1.0,1.6,20.0,99.4
10.45,2.44,0.0,0.0,0.0,2993.2,1291.5,,1.71,0.91,,1.1375,2.28517974074569,0.91,2M ZnSO4,graphite paper,1.0,1.6,50.0,91.0
10.45,2.44,0.0,0.0,0.0,2993.2,1291.5,,1.71,0.91,,1.1375,2.28517974074569,0.91,2M ZnSO4,graphite paper,1.0,1.6,70.0,79.4
10.45,2.44,0.0,0.0,0.0,2993.2,1291.5,,1.71,0.91,,1.1375,2.28517974074569,0.91,2M ZnSO4,graphite paper,1.0,1.6,100.0,70.2
6.2,1.6,0.0,0.0,0.0,2691.29,,,1.77,0.58,,0.487394957983193,2.63070869360047,1.088,2M ZnSO4,stainless-steel mesh,1.1,1.79,0.1,189.3
6.2,1.6,0.0,0.0,0.0,2691.29,,,1.77,0.58,,0.487394957983193,2.63070869360047,1.088,2M ZnSO4,stainless-steel mesh,1.1,1.79,0.2,160.1
6.2,1.6,0.0,0.0,0.0,2691.29,,,1.77,0.58,,0.487394957983193,2.63070869360047,1.088,2M ZnSO4,stainless-steel mesh,1.1,1.79,0.5,133.8
6.2,1.6,0.0,0.0,0.0,2691.29,,,1.77,0.58,,0.487394957983193,2.63070869360047,1.088,2M ZnSO4,stainless-steel mesh,1.1,1.79,1.0,123.8
6.2,1.6,0.0,0.0,0.0,2691.29,,,1.77,0.58,,0.487394957983193,2.63070869360047,1.088,2M ZnSO4,stainless-steel mesh,1.1,1.79,2.0,116.1
6.2,1.6,0.0,0.0,0.0,2691.29,,,1.77,0.58,,0.487394957983193,2.63070869360047,1.088,2M ZnSO4,stainless-steel mesh,1.1,1.79,5.0,106.5
6.2,1.6,0.0,0.0,0.0,2691.29,,,1.77,0.58,,0.487394957983193,2.63070869360047,1.088,2M ZnSO4,stainless-steel mesh,1.1,1.79,10.0,101.1
6.2,1.6,0.0,0.0,0.0,2691.29,,,1.77,0.58,,0.487394957983193,2.63070869360047,1.088,2M ZnSO4,stainless-steel mesh,1.1,1.79,20.0,96.7
8.2,0.0,0.0,0.0,0.0,1500.0,,,0.78,0.54,0.24,2.25,2.08,1.01,1M ZnSO4,stainless-steel mesh,2.0,1.6,0.5,89.3333333333333
8.2,0.0,0.0,0.0,0.0,1500.0,,,0.78,0.54,0.24,2.25,2.08,1.01,1M ZnSO4,stainless-steel mesh,2.0,1.6,1.0,80.4444444444444
8.2,0.0,0.0,0.0,0.0,1500.0,,,0.78,0.54,0.24,2.25,2.08,1.01,1M ZnSO4,stainless-steel mesh,2.0,1.6,2.0,76.4444444444444
8.2,0.0,0.0,0.0,0.0,1500.0,,,0.78,0.54,0.24,2.25,2.08,1.01,1M ZnSO4,stainless-steel mesh,2.0,1.6,5.0,71.1111111111111
8.2,0.0,0.0,0.0,0.0,1500.0,,,0.78,0.54,0.24,2.25,2.08,1.01,1M ZnSO4,stainless-steel mesh,2.0,1.6,10.0,65.7777777777778
8.2,0.0,0.0,0.0,0.0,1500.0,,,0.78,0.54,0.24,2.25,2.08,1.01,1M ZnSO4,stainless-steel mesh,2.0,1.6,20.0,58.2222222222222
8.2,0.0,0.0,0.0,0.0,1500.0,,,0.78,0.54,0.24,2.25,2.08,1.01,1M ZnSO4,stainless-steel mesh,2.0,1.6,50.0,44.8888888888889
8.2,0.0,0.0,0.0,0.0,1500.0,,,0.78,0.54,0.24,2.25,2.08,1.01,1M ZnSO4,stainless-steel mesh,2.0,1.6,100.0,18.2222222222222
6.3,0.0,0.0,0.0,0.0,1886.0,,,0.93,0.66,0.27,2.444,1.97242841993637,1.04,1M ZnSO4,stainless-steel mesh,2.0,1.6,0.5,81.7777777777778
6.3,0.0,0.0,0.0,0.0,1886.0,,,0.93,0.66,0.27,2.444,1.97242841993637,1.04,1M ZnSO4,stainless-steel mesh,2.0,1.6,1.0,76.0
6.3,0.0,0.0,0.0,0.0,1886.0,,,0.93,0.66,0.27,2.444,1.97242841993637,1.04,1M ZnSO4,stainless-steel mesh,2.0,1.6,2.0,67.1111111111111
6.3,0.0,0.0,0.0,0.0,1886.0,,,0.93,0.66,0.27,2.444,1.97242841993637,1.04,1M ZnSO4,stainless-steel mesh,2.0,1.6,5.0,62.2222222222222
6.3,0.0,0.0,0.0,0.0,1886.0,,,0.93,0.66,0.27,2.444,1.97242841993637,1.04,1M ZnSO4,stainless-steel mesh,2.0,1.6,10.0,56.4444444444444
6.3,0.0,0.0,0.0,0.0,1886.0,,,0.93,0.66,0.27,2.444,1.97242841993637,1.04,1M ZnSO4,stainless-steel mesh,2.0,1.6,20.0,50.6666666666667
6.3,0.0,0.0,0.0,0.0,1886.0,,,0.93,0.66,0.27,2.444,1.97242841993637,1.04,1M ZnSO4,stainless-steel mesh,2.0,1.6,50.0,40.8888888888889
6.3,0.0,0.0,0.0,0.0,1886.0,,,0.93,0.66,0.27,2.444,1.97242841993637,1.04,1M ZnSO4,stainless-steel mesh,2.0,1.6,100.0,28.4444444444444
6.8,0.0,0.0,0.0,0.0,1410.0,,,0.77,0.49,0.28,1.75,2.18439716312057,1.09,1M ZnSO4,stainless-steel mesh,2.0,1.6,0.5,136.888888888889
6.8,0.0,0.0,0.0,0.0,1410.0,,,0.77,0.49,0.28,1.75,2.18439716312057,1.09,1M ZnSO4,stainless-steel mesh,2.0,1.6,1.0,113.333333333333
6.8,0.0,0.0,0.0,0.0,1410.0,,,0.77,0.49,0.28,1.75,2.18439716312057,1.09,1M ZnSO4,stainless-steel mesh,2.0,1.6,2.0,102.222222222222
6.8,0.0,0.0,0.0,0.0,1410.0,,,0.77,0.49,0.28,1.75,2.18439716312057,1.09,1M ZnSO4,stainless-steel mesh,2.0,1.6,5.0,92.4444444444444
6.8,0.0,0.0,0.0,0.0,1410.0,,,0.77,0.49,0.28,1.75,2.18439716312057,1.09,1M ZnSO4,stainless-steel mesh,2.0,1.6,10.0,85.7777777777778
6.8,0.0,0.0,0.0,0.0,1410.0,,,0.77,0.49,0.28,1.75,2.18439716312057,1.09,1M ZnSO4,stainless-steel mesh,2.0,1.6,20.0,79.1111111111111
6.8,0.0,0.0,0.0,0.0,1410.0,,,0.77,0.49,0.28,1.75,2.18439716312057,1.09,1M ZnSO4,stainless-steel mesh,2.0,1.6,50.0,72.0
6.8,0.0,0.0,0.0,0.0,1410.0,,,0.77,0.49,0.28,1.75,2.18439716312057,1.09,1M ZnSO4,stainless-steel mesh,2.0,1.6,100.0,61.7777777777778
4.3,0.0,0.0,0.0,0.0,1655.0,,,0.81,0.58,0.23,2.522,1.95770392749245,1.05,1M ZnSO4,stainless-steel mesh,2.0,1.6,0.5,73.3333333333333
4.3,0.0,0.0,0.0,0.0,1655.0,,,0.81,0.58,0.23,2.522,1.95770392749245,1.05,1M ZnSO4,stainless-steel mesh,2.0,1.6,1.0,64.4444444444444
4.3,0.0,0.0,0.0,0.0,1655.0,,,0.81,0.58,0.23,2.522,1.95770392749245,1.05,1M ZnSO4,stainless-steel mesh,2.0,1.6,2.0,59.1111111111111
4.3,0.0,0.0,0.0,0.0,1655.0,,,0.81,0.58,0.23,2.522,1.95770392749245,1.05,1M ZnSO4,stainless-steel mesh,2.0,1.6,5.0,54.6666666666667
4.3,0.0,0.0,0.0,0.0,1655.0,,,0.81,0.58,0.23,2.522,1.95770392749245,1.05,1M ZnSO4,stainless-steel mesh,2.0,1.6,10.0,51.5555555555556
4.3,0.0,0.0,0.0,0.0,1655.0,,,0.81,0.58,0.23,2.522,1.95770392749245,1.05,1M ZnSO4,stainless-steel mesh,2.0,1.6,20.0,45.3333333333333
4.3,0.0,0.0,0.0,0.0,1655.0,,,0.81,0.58,0.23,2.522,1.95770392749245,1.05,1M ZnSO4,stainless-steel mesh,2.0,1.6,50.0,41.7777777777778
4.3,0.0,0.0,0.0,0.0,1655.0,,,0.81,0.58,0.23,2.522,1.95770392749245,1.05,1M ZnSO4,stainless-steel mesh,2.0,1.6,100.0,31.5555555555556
11.54,0.0,0.0,0.47,0.0,2813.0,1805.0,,1.82,0.86,0.49,1.755,2.5879843583363,1.01,2M ZnSO4,Carbon cloth,1.5,1.6,0.5,194.0
11.54,0.0,0.0,0.47,0.0,2813.0,1805.0,,1.82,0.86,0.49,1.755,2.5879843583363,1.01,2M ZnSO4,Carbon cloth,1.5,1.6,1.0,172.0
11.54,0.0,0.0,0.47,0.0,2813.0,1805.0,,1.82,0.86,0.49,1.755,2.5879843583363,1.01,2M ZnSO4,Carbon cloth,1.5,1.6,2.0,152.0
11.54,0.0,0.0,0.47,0.0,2813.0,1805.0,,1.82,0.86,0.49,1.755,2.5879843583363,1.01,2M ZnSO4,Carbon cloth,1.5,1.6,4.0,138.0
11.54,0.0,0.0,0.47,0.0,2813.0,1805.0,,1.82,0.86,0.49,1.755,2.5879843583363,1.01,2M ZnSO4,Carbon cloth,1.5,1.6,6.0,129.0
11.54,0.0,0.0,0.47,0.0,2813.0,1805.0,,1.82,0.86,0.49,1.755,2.5879843583363,1.01,2M ZnSO4,Carbon cloth,1.5,1.6,8.0,123.0
11.54,0.0,0.0,0.47,0.0,2813.0,1805.0,,1.82,0.86,0.49,1.755,2.5879843583363,1.01,2M ZnSO4,Carbon cloth,1.5,1.6,10.0,119.0
11.54,0.0,0.0,0.47,0.0,2813.0,1805.0,,1.82,0.86,0.49,1.755,2.5879843583363,1.01,2M ZnSO4,Carbon cloth,1.5,1.6,15.0,113.0
11.54,0.0,0.0,0.47,0.0,2813.0,1805.0,,1.82,0.86,0.49,1.755,2.5879843583363,1.01,2M ZnSO4,Carbon cloth,1.5,1.6,20.0,108.0
11.54,0.0,0.0,0.47,0.0,2813.0,1805.0,,1.82,0.86,0.49,1.755,2.5879843583363,1.01,2M ZnSO4,Carbon cloth,1.5,1.6,30.0,102.0
6.15,13.57,0.0,0.0,0.0,1274.8,1127.8,,0.551,0.394,,2.50955414012739,1.72889865076875,1.97,2M ZnSO4,stainless-steel mesh,1.0,1.6,0.5,127.5
6.15,13.57,0.0,0.0,0.0,1274.8,1127.8,,0.551,0.394,,2.50955414012739,1.72889865076875,1.97,2M ZnSO4,stainless-steel mesh,1.0,1.6,1.0,117.1
6.15,13.57,0.0,0.0,0.0,1274.8,1127.8,,0.551,0.394,,2.50955414012739,1.72889865076875,1.97,2M ZnSO4,stainless-steel mesh,1.0,1.6,2.0,106.8
6.15,13.57,0.0,0.0,0.0,1274.8,1127.8,,0.551,0.394,,2.50955414012739,1.72889865076875,1.97,2M ZnSO4,stainless-steel mesh,1.0,1.6,5.0,87.8
6.15,13.57,0.0,0.0,0.0,1274.8,1127.8,,0.551,0.394,,2.50955414012739,1.72889865076875,1.97,2M ZnSO4,stainless-steel mesh,1.0,1.6,10.0,67.9
6.15,13.57,0.0,0.0,0.0,1274.8,1127.8,,0.551,0.394,,2.50955414012739,1.72889865076875,1.97,2M ZnSO4,stainless-steel mesh,1.0,1.6,20.0,42.4
6.15,13.57,0.0,0.0,0.0,1274.8,1127.8,,0.551,0.394,,2.50955414012739,1.72889865076875,1.97,2M ZnSO4,stainless-steel mesh,1.0,1.6,30.0,23.9
6.15,13.57,0.0,0.0,0.0,1274.8,1127.8,,0.551,0.394,,2.50955414012739,1.72889865076875,1.97,2M ZnSO4,stainless-steel mesh,1.0,1.6,60.0,17.4
6.82,2.11,0.0,0.0,0.0,3407.6,1076.7,,1.953,0.574,,0.416243654822335,2.29252259654889,2.41,2M ZnSO4,stainless-steel mesh,1.0,1.6,0.5,194.4
6.82,2.11,0.0,0.0,0.0,3407.6,1076.7,,1.953,0.574,,0.416243654822335,2.29252259654889,2.41,2M ZnSO4,stainless-steel mesh,1.0,1.6,1.0,178.5
6.82,2.11,0.0,0.0,0.0,3407.6,1076.7,,1.953,0.574,,0.416243654822335,2.29252259654889,2.41,2M ZnSO4,stainless-steel mesh,1.0,1.6,2.0,165.5
6.82,2.11,0.0,0.0,0.0,3407.6,1076.7,,1.953,0.574,,0.416243654822335,2.29252259654889,2.41,2M ZnSO4,stainless-steel mesh,1.0,1.6,5.0,147.4
6.82,2.11,0.0,0.0,0.0,3407.6,1076.7,,1.953,0.574,,0.416243654822335,2.29252259654889,2.41,2M ZnSO4,stainless-steel mesh,1.0,1.6,10.0,131.8
6.82,2.11,0.0,0.0,0.0,3407.6,1076.7,,1.953,0.574,,0.416243654822335,2.29252259654889,2.41,2M ZnSO4,stainless-steel mesh,1.0,1.6,20.0,113.7
6.82,2.11,0.0,0.0,0.0,3407.6,1076.7,,1.953,0.574,,0.416243654822335,2.29252259654889,2.41,2M ZnSO4,stainless-steel mesh,1.0,1.6,30.0,102.5
6.82,2.11,0.0,0.0,0.0,3407.6,1076.7,,1.953,0.574,,0.416243654822335,2.29252259654889,2.41,2M ZnSO4,stainless-steel mesh,1.0,1.6,60.0,77.9
7.48,2.67,0.0,0.0,0.0,3553.1,976.9,,2.071,0.552,,0.363396971691903,2.33148518195379,2.79,2M ZnSO4,stainless-steel mesh,1.0,1.6,0.5,199.1
7.48,2.67,0.0,0.0,0.0,3553.1,976.9,,2.071,0.552,,0.363396971691903,2.33148518195379,2.79,2M ZnSO4,stainless-steel mesh,1.0,1.6,1.0,183.0
7.48,2.67,0.0,0.0,0.0,3553.1,976.9,,2.071,0.552,,0.363396971691903,2.33148518195379,2.79,2M ZnSO4,stainless-steel mesh,1.0,1.6,2.0,172.4
7.48,2.67,0.0,0.0,0.0,3553.1,976.9,,2.071,0.552,,0.363396971691903,2.33148518195379,2.79,2M ZnSO4,stainless-steel mesh,1.0,1.6,5.0,159.6
7.48,2.67,0.0,0.0,0.0,3553.1,976.9,,2.071,0.552,,0.363396971691903,2.33148518195379,2.79,2M ZnSO4,stainless-steel mesh,1.0,1.6,10.0,150.3
7.48,2.67,0.0,0.0,0.0,3553.1,976.9,,2.071,0.552,,0.363396971691903,2.33148518195379,2.79,2M ZnSO4,stainless-steel mesh,1.0,1.6,20.0,139.9
7.48,2.67,0.0,0.0,0.0,3553.1,976.9,,2.071,0.552,,0.363396971691903,2.33148518195379,2.79,2M ZnSO4,stainless-steel mesh,1.0,1.6,30.0,130.1
7.48,2.67,0.0,0.0,0.0,3553.1,976.9,,2.071,0.552,,0.363396971691903,2.33148518195379,2.79,2M ZnSO4,stainless-steel mesh,1.0,1.6,60.0,118.8
7.48,2.67,0.0,0.0,0.0,3553.1,976.9,,2.071,0.552,,0.363396971691903,2.33148518195379,2.79,2M ZnSO4,stainless-steel mesh,3.0,1.6,0.5,134.3
7.48,2.67,0.0,0.0,0.0,3553.1,976.9,,2.071,0.552,,0.363396971691903,2.33148518195379,2.79,2M ZnSO4,stainless-steel mesh,5.0,1.6,0.5,112.6
7.48,2.67,0.0,0.0,0.0,3553.1,976.9,,2.071,0.552,,0.363396971691903,2.33148518195379,2.79,2M ZnSO4,stainless-steel mesh,10.0,1.6,0.5,103.4
7.48,2.67,0.0,0.0,0.0,3553.1,976.9,,2.071,0.552,,0.363396971691903,2.33148518195379,2.79,2M ZnSO4,stainless-steel mesh,20.0,1.6,0.5,94.0
7.48,2.67,0.0,0.0,0.0,3553.1,976.9,,2.071,0.552,,0.363396971691903,2.33148518195379,2.79,2M ZnSO4,stainless-steel mesh,30.0,1.6,0.5,85.3
7.48,2.67,0.0,0.0,0.0,3553.1,976.9,,2.071,0.552,,0.363396971691903,2.33148518195379,2.79,2M ZnSO4,stainless-steel mesh,45.0,1.6,0.5,73.5
6.93,1.98,0.0,0.0,0.0,3415.3,639.3,,2.482,0.397,,0.190407673860911,2.90691886510702,2.82,2M ZnSO4,stainless-steel mesh,1.0,1.6,0.5,169.3
6.93,1.98,0.0,0.0,0.0,3415.3,639.3,,2.482,0.397,,0.190407673860911,2.90691886510702,2.82,2M ZnSO4,stainless-steel mesh,1.0,1.6,1.0,155.4
6.93,1.98,0.0,0.0,0.0,3415.3,639.3,,2.482,0.397,,0.190407673860911,2.90691886510702,2.82,2M ZnSO4,stainless-steel mesh,1.0,1.6,2.0,144.7
6.93,1.98,0.0,0.0,0.0,3415.3,639.3,,2.482,0.397,,0.190407673860911,2.90691886510702,2.82,2M ZnSO4,stainless-steel mesh,1.0,1.6,5.0,134.0
6.93,1.98,0.0,0.0,0.0,3415.3,639.3,,2.482,0.397,,0.190407673860911,2.90691886510702,2.82,2M ZnSO4,stainless-steel mesh,1.0,1.6,10.0,125.7
6.93,1.98,0.0,0.0,0.0,3415.3,639.3,,2.482,0.397,,0.190407673860911,2.90691886510702,2.82,2M ZnSO4,stainless-steel mesh,1.0,1.6,20.0,118.9
6.93,1.98,0.0,0.0,0.0,3415.3,639.3,,2.482,0.397,,0.190407673860911,2.90691886510702,2.82,2M ZnSO4,stainless-steel mesh,1.0,1.6,30.0,114.5
6.93,1.98,0.0,0.0,0.0,3415.3,639.3,,2.482,0.397,,0.190407673860911,2.90691886510702,2.82,2M ZnSO4,stainless-steel mesh,1.0,1.6,60.0,105.9
10.58,1.47,0.0,0.0,0.0,2290.0,2122.0,168.0,0.93,0.82,0.11,,1.62445414847162,0.9567,2M ZnSO4,Carbon cloth,1.5,1.6,0.1,74.0
10.58,1.47,0.0,0.0,0.0,2290.0,2122.0,168.0,0.93,0.82,0.11,,1.62445414847162,0.9567,2M ZnSO4,Carbon cloth,1.5,1.6,0.5,60.4
10.58,1.47,0.0,0.0,0.0,2290.0,2122.0,168.0,0.93,0.82,0.11,,1.62445414847162,0.9567,2M ZnSO4,Carbon cloth,1.5,1.6,1.0,53.6
10.58,1.47,0.0,0.0,0.0,2290.0,2122.0,168.0,0.93,0.82,0.11,,1.62445414847162,0.9567,2M ZnSO4,Carbon cloth,1.5,1.6,2.0,43.4
10.58,1.47,0.0,0.0,0.0,2290.0,2122.0,168.0,0.93,0.82,0.11,,1.62445414847162,0.9567,2M ZnSO4,Carbon cloth,1.5,1.6,5.0,37.7
10.58,1.47,0.0,0.0,0.0,2290.0,2122.0,168.0,0.93,0.82,0.11,,1.62445414847162,0.9567,2M ZnSO4,Carbon cloth,1.5,1.6,10.0,28.2
10.58,1.47,0.0,0.0,0.0,2290.0,2122.0,168.0,0.93,0.82,0.11,,1.62445414847162,0.9567,2M ZnSO4,Carbon cloth,1.5,1.6,20.0,14.7
14.26,1.82,0.0,0.0,0.0,3166.0,2122.0,1043.0,1.7,0.88,0.82,,2.14782059380922,1.044,2M ZnSO4,Carbon cloth,1.5,1.6,0.1,117.1
14.26,1.82,0.0,0.0,0.0,3166.0,2122.0,1043.0,1.7,0.88,0.82,,2.14782059380922,1.044,2M ZnSO4,Carbon cloth,1.5,1.6,0.5,93.5
14.26,1.82,0.0,0.0,0.0,3166.0,2122.0,1043.0,1.7,0.88,0.82,,2.14782059380922,1.044,2M ZnSO4,Carbon cloth,1.5,1.6,1.0,81.4
14.26,1.82,0.0,0.0,0.0,3166.0,2122.0,1043.0,1.7,0.88,0.82,,2.14782059380922,1.044,2M ZnSO4,Carbon cloth,1.5,1.6,2.0,67.0
14.26,1.82,0.0,0.0,0.0,3166.0,2122.0,1043.0,1.7,0.88,0.82,,2.14782059380922,1.044,2M ZnSO4,Carbon cloth,1.5,1.6,5.0,58.7
14.26,1.82,0.0,0.0,0.0,3166.0,2122.0,1043.0,1.7,0.88,0.82,,2.14782059380922,1.044,2M ZnSO4,Carbon cloth,1.5,1.6,10.0,49.5
14.26,1.82,0.0,0.0,0.0,3166.0,2122.0,1043.0,1.7,0.88,0.82,,2.14782059380922,1.044,2M ZnSO4,Carbon cloth,1.5,1.6,20.0,45.8
14.02,1.93,0.0,0.0,0.0,3292.0,2612.0,680.0,1.54,1.07,0.47,,1.87120291616039,1.048,2M ZnSO4,Carbon cloth,1.5,1.6,0.1,142.2
14.02,1.93,0.0,0.0,0.0,3292.0,2612.0,680.0,1.54,1.07,0.47,,1.87120291616039,1.048,2M ZnSO4,Carbon cloth,1.5,1.6,0.5,113.3
14.02,1.93,0.0,0.0,0.0,3292.0,2612.0,680.0,1.54,1.07,0.47,,1.87120291616039,1.048,2M ZnSO4,Carbon cloth,1.5,1.6,1.0,99.4
14.02,1.93,0.0,0.0,0.0,3292.0,2612.0,680.0,1.54,1.07,0.47,,1.87120291616039,1.048,2M ZnSO4,Carbon cloth,1.5,1.6,2.0,85.8
14.02,1.93,0.0,0.0,0.0,3292.0,2612.0,680.0,1.54,1.07,0.47,,1.87120291616039,1.048,2M ZnSO4,Carbon cloth,1.5,1.6,5.0,79.7
14.02,1.93,0.0,0.0,0.0,3292.0,2612.0,680.0,1.54,1.07,0.47,,1.87120291616039,1.048,2M ZnSO4,Carbon cloth,1.5,1.6,10.0,72.2
14.02,1.93,0.0,0.0,0.0,3292.0,2612.0,680.0,1.54,1.07,0.47,,1.87120291616039,1.048,2M ZnSO4,Carbon cloth,1.5,1.6,20.0,66.1
18.75,2.74,0.0,0.0,0.0,3518.0,2937.0,581.0,1.57,1.22,0.35,,1.78510517339397,1.102,2M ZnSO4,Carbon cloth,1.5,1.6,0.1,166.8
18.75,2.74,0.0,0.0,0.0,3518.0,2937.0,581.0,1.57,1.22,0.35,,1.78510517339397,1.102,2M ZnSO4,Carbon cloth,1.5,1.6,0.5,141.4
18.75,2.74,0.0,0.0,0.0,3518.0,2937.0,581.0,1.57,1.22,0.35,,1.78510517339397,1.102,2M ZnSO4,Carbon cloth,1.5,1.6,1.0,132.0
18.75,2.74,0.0,0.0,0.0,3518.0,2937.0,581.0,1.57,1.22,0.35,,1.78510517339397,1.102,2M ZnSO4,Carbon cloth,1.5,1.6,2.0,116.5
18.75,2.74,0.0,0.0,0.0,3518.0,2937.0,581.0,1.57,1.22,0.35,,1.78510517339397,1.102,2M ZnSO4,Carbon cloth,1.5,1.6,5.0,108.8
18.75,2.74,0.0,0.0,0.0,3518.0,2937.0,581.0,1.57,1.22,0.35,,1.78510517339397,1.102,2M ZnSO4,Carbon cloth,1.5,1.6,10.0,98.9
18.75,2.74,0.0,0.0,0.0,3518.0,2937.0,581.0,1.57,1.22,0.35,,1.78510517339397,1.102,2M ZnSO4,Carbon cloth,1.5,1.6,20.0,86.9
